Month,Store ID,Product ID,Category,Region,Units_Ordered,Stockout_Occurred,Stockout_Risk,Forecast_APE,Asset_ID,Shipment_Status,Traffic_Status,Waiting_Time,Logistics_Delay,Logistics_Delay_Reason,Delivered_On_Time,Delay_Risk_Score,Perfect_Order
2022-01,S001,P0001,Furniture,South,4110,0,1,0.12114580966626894,Truck_5,In Transit,Detour,25,0,Weather,1,0.25737058970113896,1
2022-01,S001,P0002,Toys,West,3338,1,1,0.17123230176922216,Truck_5,Delivered,Heavy,32,1,Mechanical Failure,0,0.976767883082192,0
2022-01,S001,P0003,Toys,East,3892,1,0,0.41411247852492966,Truck_4,In Transit,Detour,29,0,Mechanical Failure,1,0.2559766879151395,0
2022-01,S001,P0004,Electronics,East,3677,0,1,0.21876795640872057,Truck_3,Delivered,Clear,48,0,Traffic,1,0.34387919450400134,1
2022-01,S001,P0005,Toys,West,3636,1,0,0.1739726643435477,Truck_2,Delayed,Detour,18,1,Weather,0,0.4926584471050884,0
2022-01,S001,P0006,Furniture,South,2821,0,1,0.23141142741575887,Truck_4,In Transit,Clear,52,0,None,1,0.32479902720444537,1
2022-01,S001,P0007,Electronics,North,3408,1,1,0.16684703321461117,Truck_5,Delayed,Heavy,39,1,None,0,0.9875993996532222,0
2022-01,S001,P0008,Clothing,West,3448,0,1,0.1463807956408595,Truck_3,Delayed,Detour,44,1,Traffic,0,0.30630674125174506,0
2022-01,S001,P0009,Toys,East,3356,1,1,0.15632789172480377,Truck_4,Delayed,Heavy,42,1,Traffic,0,0.9670348720589113,0
2022-01,S001,P0010,Electronics,East,3566,1,1,0.4327215026152814,Truck_8,Delayed,Heavy,26,1,Mechanical Failure,0,0.9778286960063594,0
2022-01,S001,P0011,Toys,East,3151,0,0,0.1653860186348112,Truck_6,Delivered,Heavy,54,1,None,0,0.9780282422304376,0
2022-01,S001,P0012,Furniture,North,3185,0,0,0.7689225042724684,Truck_4,Delayed,Clear,15,1,Traffic,0,0.6457955499138067,0
2022-01,S001,P0013,Toys,North,3271,1,0,0.20312406676384237,Truck_2,Delivered,Detour,42,0,None,1,0.38951569710088585,0
2022-01,S001,P0014,Electronics,East,3288,0,1,0.23641313433441571,Truck_6,In Transit,Detour,25,0,None,1,0.25025390345784665,1
2022-01,S001,P0015,Toys,North,3391,0,1,0.5180226593433593,Truck_6,Delivered,Heavy,29,1,None,0,0.9760454463242171,0
2022-01,S001,P0016,Electronics,North,3400,0,0,0.1754481883361323,Truck_7,Delivered,Clear,53,0,Mechanical Failure,1,0.28282739146779806,1
2022-01,S001,P0017,Electronics,West,3615,0,1,0.195439630024949,Truck_6,In Transit,Clear,12,0,None,1,0.19415050891776683,1
2022-01,S001,P0018,Furniture,South,3172,0,0,0.1367196000394426,Truck_8,Delayed,Heavy,32,1,Mechanical Failure,0,0.9806597615978174,0
2022-01,S001,P0019,Furniture,South,3739,0,1,0.19505838617174998,Truck_9,Delivered,Detour,45,0,Mechanical Failure,1,0.2867324722616982,1
2022-01,S001,P0020,Toys,North,3782,0,0,0.20442939556071918,Truck_5,In Transit,Heavy,30,1,None,0,0.971782095498213,0
2022-01,S002,P0001,Groceries,North,3416,0,1,0.1174485895956289,Truck_4,Delivered,Clear,58,0,None,1,0.31493336215512646,1
2022-01,S002,P0002,Toys,North,3068,0,1,0.2242419185238034,Truck_2,Delayed,Heavy,16,1,Traffic,0,0.9670986631212776,0
2022-01,S002,P0003,Electronics,West,3613,0,1,0.08672809870763215,Truck_8,Delayed,Detour,49,1,None,0,0.5552470892683935,0
2022-01,S002,P0004,Groceries,East,3246,0,1,0.29752676243215753,Truck_7,In Transit,Heavy,54,1,Traffic,0,0.9876605275442087,0
2022-01,S002,P0005,Groceries,South,3580,0,0,0.4400453228454264,Truck_8,Delayed,Clear,12,1,Mechanical Failure,0,0.4226257422494281,0
2022-01,S002,P0006,Groceries,North,4302,0,1,0.09551773940701164,Truck_4,Delivered,Clear,36,0,Traffic,1,0.2728011763324847,1
2022-01,S002,P0007,Groceries,South,3361,0,0,0.19750746858980608,Truck_6,Delayed,Detour,50,1,Traffic,0,0.334335629542426,0
2022-01,S002,P0008,Groceries,West,3653,1,1,0.7512836361660988,Truck_8,Delivered,Heavy,41,1,Mechanical Failure,0,0.9444577410978116,0
2022-01,S002,P0009,Toys,South,3378,0,1,0.07290731474075979,Truck_4,Delayed,Heavy,14,1,Mechanical Failure,0,0.979835386962474,0
2022-01,S002,P0010,Electronics,East,3392,0,1,0.09526973598126158,Truck_9,Delivered,Detour,16,0,Traffic,1,0.29869031595987655,1
2022-01,S002,P0011,Clothing,West,3101,0,0,0.33795335226661016,Truck_5,In Transit,Heavy,30,1,None,0,0.971782095498213,0
2022-01,S002,P0012,Electronics,North,3389,0,1,0.2042081451352837,Truck_5,Delayed,Heavy,33,1,Weather,0,0.9723390246701785,0
2022-01,S002,P0013,Furniture,West,3612,0,1,0.12122898781954956,Truck_1,Delayed,Heavy,53,1,Traffic,0,0.9703826162832953,0
2022-01,S002,P0014,Toys,South,2929,0,1,0.17044580173709997,Truck_2,In Transit,Heavy,41,1,None,0,0.9865898712492743,0
2022-01,S002,P0015,Furniture,West,3951,0,1,0.1083383697924209,Truck_7,In Transit,Detour,50,0,Weather,1,0.3032388920697295,1
2022-01,S002,P0016,Furniture,South,3225,0,1,0.1535506595883415,Truck_7,Delivered,Heavy,39,1,None,0,0.9750250216227058,0
2022-01,S002,P0017,Groceries,South,3210,0,1,0.3064399800772295,Truck_4,In Transit,Clear,52,0,None,1,0.32479902720444537,1
2022-01,S002,P0018,Clothing,East,3300,1,1,0.29962727205626505,Truck_8,Delayed,Heavy,19,1,Weather,0,0.9703769852666096,0
2022-01,S002,P0019,Clothing,East,3411,0,1,0.1455611309396768,Truck_10,Delivered,Heavy,19,1,None,0,0.9790288601141743,0
2022-01,S002,P0020,Furniture,West,3233,0,1,0.12206418363167294,Truck_8,Delayed,Heavy,10,1,Weather,0,0.9771234862746989,0
2022-01,S003,P0001,Clothing,West,3251,0,1,0.28753995183829795,Truck_10,Delivered,Detour,24,0,Weather,1,0.33149861664010544,1
2022-01,S003,P0002,Furniture,West,3578,0,0,0.22227854930511637,Truck_1,Delayed,Heavy,16,1,None,0,0.9771872232803495,0
2022-01,S003,P0003,Furniture,East,3354,0,1,0.448789247978224,Truck_3,Delivered,Heavy,55,1,Weather,0,0.9875316451983981,0
2022-01,S003,P0004,Toys,North,3352,0,1,0.6769181258284391,Truck_1,Delivered,Clear,54,0,Traffic,1,0.37682109925289103,1
2022-01,S003,P0005,Electronics,West,3428,0,1,0.4300076403897386,Truck_4,Delayed,Heavy,34,1,Weather,0,0.985462624041054,0
2022-01,S003,P0006,Electronics,East,2922,1,1,0.10808079970065364,Truck_5,Delivered,Clear,51,0,Weather,1,0.37981590003427995,0
2022-01,S003,P0007,Clothing,North,2817,1,1,0.23531410116325954,Truck_3,In Transit,Detour,24,0,Weather,1,0.379819700124731,0
2022-01,S003,P0008,Clothing,South,3394,0,0,0.22313815113065785,Truck_7,Delivered,Detour,60,0,Traffic,1,0.23372406114916836,1
2022-01,S003,P0009,Furniture,West,3464,0,1,0.81634043683864,Truck_6,Delayed,Detour,30,1,Weather,0,0.5020736247239241,0
2022-01,S003,P0010,Furniture,East,3213,0,0,0.2742558299170544,Truck_7,In Transit,Detour,53,0,Traffic,1,0.2571859295777331,1
2022-01,S003,P0011,Clothing,South,3146,0,0,0.13786782633662503,Truck_5,Delivered,Heavy,28,1,Weather,0,0.9813413772588544,0
2022-01,S003,P0012,Furniture,West,3280,0,1,0.33531928131764194,Truck_6,Delayed,Detour,33,1,Weather,0,0.4630381665487516,0
2022-01,S003,P0013,Furniture,East,2981,1,0,0.13529800898022457,Truck_9,Delivered,Heavy,25,1,Traffic,0,0.9793407520405806,0
2022-01,S003,P0014,Clothing,South,2838,0,1,0.1609397044318933,Truck_5,In Transit,Clear,34,0,Mechanical Failure,1,0.39994823685994485,1
2022-01,S003,P0015,Clothing,West,3832,0,0,0.08940276227824227,Truck_8,In Transit,Clear,31,0,Mechanical Failure,1,0.31448348346293076,1
2022-01,S003,P0016,Groceries,West,3817,0,1,0.1532849072724828,Truck_7,Delayed,Clear,15,1,Mechanical Failure,0,0.5489599780042308,0
2022-01,S003,P0017,Toys,East,3252,0,1,0.25742624239582,Truck_6,Delivered,Clear,50,0,Weather,1,0.18298048118975224,1
2022-01,S003,P0018,Groceries,South,3566,0,0,0.1431271205785824,Truck_6,Delayed,Detour,44,1,None,0,0.3970120422941156,0
2022-01,S003,P0019,Clothing,East,3017,0,0,0.16834436418322374,Truck_10,Delivered,Heavy,10,1,Weather,0,0.9603923431306494,0
2022-01,S003,P0020,Electronics,North,3112,0,0,0.1883928287996033,Truck_7,In Transit,Heavy,19,1,Weather,0,0.9785023121299565,0
2022-01,S004,P0001,Clothing,North,3913,0,1,0.13884444441507585,Truck_1,Delayed,Clear,13,1,Traffic,0,0.3769588659967632,0
2022-01,S004,P0002,Toys,North,3677,1,1,0.1753964690549633,Truck_4,In Transit,Heavy,25,1,Traffic,0,0.9826424566067157,0
2022-01,S004,P0003,Groceries,West,2982,0,1,0.1647462078320531,Truck_2,Delayed,Heavy,54,1,Mechanical Failure,0,0.9855113621644155,0
2022-01,S004,P0004,Furniture,South,4232,1,0,0.2354597648253689,Truck_6,In Transit,Detour,26,0,Mechanical Failure,1,0.42391437653868524,0
2022-01,S004,P0005,Electronics,East,3369,1,1,0.1813029204456458,Truck_7,In Transit,Detour,41,0,None,1,0.3007090728041788,0
2022-01,S004,P0006,Electronics,North,3739,0,0,0.19872820211341413,Truck_10,Delayed,Clear,36,1,Traffic,0,0.4239771138579894,0
2022-01,S004,P0007,Electronics,East,3724,0,0,0.08817596716282286,Truck_1,Delivered,Detour,11,0,Weather,1,0.3368222633540355,1
2022-01,S004,P0008,Electronics,East,3499,1,1,0.2525205158371902,Truck_2,Delayed,Heavy,16,1,Traffic,0,0.9670986631212776,0
2022-01,S004,P0009,Furniture,North,2876,0,0,0.18809266639241967,Truck_6,In Transit,Clear,51,0,Weather,1,0.2562250372564308,1
2022-01,S004,P0010,Groceries,West,3673,0,1,0.10729508553367623,Truck_7,In Transit,Heavy,16,1,None,0,0.9872180863781321,0
2022-01,S004,P0011,Clothing,North,3215,1,0,0.0938807175709568,Truck_9,Delivered,Detour,20,0,Mechanical Failure,1,0.2659641868775748,0
2022-01,S004,P0012,Clothing,North,4074,0,0,0.33324098580423744,Truck_2,In Transit,Detour,39,0,Traffic,1,0.2204208665292236,1
2022-01,S004,P0013,Toys,West,3381,0,1,0.33823374028554093,Truck_4,Delivered,Clear,35,0,Mechanical Failure,1,0.37892567314853276,1
2022-01,S004,P0014,Electronics,West,3271,0,1,0.23100675779615848,Truck_1,In Transit,Detour,20,0,Weather,1,0.3400140952399832,1
2022-01,S004,P0015,Groceries,South,3162,0,1,0.24026847034216992,Truck_6,Delayed,Clear,56,1,Weather,0,0.4094739318715844,0
2022-01,S004,P0016,Groceries,East,3144,0,0,0.20557144967998897,Truck_9,Delivered,Detour,44,0,Traffic,1,0.2245834764093725,1
2022-01,S004,P0017,Clothing,South,2984,0,1,0.30944542434679156,Truck_1,Delivered,Heavy,55,1,Traffic,0,0.9883214285714285,0
2022-01,S004,P0018,Electronics,West,3482,0,1,0.3696627682108754,Truck_6,Delivered,Heavy,24,1,Mechanical Failure,0,0.9870939155867007,0
2022-01,S004,P0019,Groceries,North,3515,0,0,0.28138536869604314,Truck_10,Delayed,Clear,16,1,Mechanical Failure,0,0.613785960465118,0
2022-01,S004,P0020,Clothing,West,3520,0,1,0.7302390131366138,Truck_8,Delivered,Clear,39,0,Traffic,1,0.472676647340862,1
2022-01,S005,P0001,Furniture,East,3207,0,1,0.3045375764644981,Truck_2,Delayed,Detour,58,1,None,0,0.6356620558315516,0
2022-01,S005,P0002,Clothing,West,2945,0,0,0.22550221374261484,Truck_9,Delayed,Heavy,54,1,Traffic,0,0.9750360396683925,0
2022-01,S005,P0003,Electronics,West,3254,0,1,0.10906679175796384,Truck_6,Delayed,Heavy,45,1,None,0,0.9878746538584067,0
2022-01,S005,P0004,Electronics,West,3707,0,0,0.25558685037570367,Truck_1,Delayed,Detour,22,1,Weather,0,0.47132866595618794,0
2022-01,S005,P0005,Electronics,East,3574,0,0,0.1907897613513687,Truck_10,Delayed,Heavy,57,1,None,0,0.9780246206269098,0
2022-01,S005,P0006,Clothing,West,3499,0,0,0.18562620910083158,Truck_3,Delivered,Heavy,55,1,Weather,0,0.9875316451983981,0
2022-01,S005,P0007,Furniture,East,3291,1,1,0.10987721523552318,Truck_9,In Transit,Heavy,26,1,Weather,0,0.9680422381673551,0
2022-01,S005,P0008,Toys,North,3706,0,1,0.09782202311259398,Truck_7,In Transit,Detour,39,0,Mechanical Failure,1,0.23813028021616794,1
2022-01,S005,P0009,Electronics,West,3176,0,1,0.537702970211009,Truck_10,Delayed,Clear,17,1,Weather,0,0.4522369830666167,0
2022-01,S005,P0010,Furniture,North,3642,0,0,0.12566073859245577,Truck_1,Delayed,Detour,22,1,Weather,0,0.47132866595618794,0
2022-01,S005,P0011,Furniture,East,3390,0,1,0.23358271703971475,Truck_3,In Transit,Heavy,25,1,Mechanical Failure,0,0.9855619647534337,0
2022-01,S005,P0012,Groceries,West,3085,0,1,0.21154169891422445,Truck_2,In Transit,Detour,25,0,Traffic,1,0.2899679391945711,1
2022-01,S005,P0013,Furniture,East,3011,0,1,0.11296397683882331,Truck_6,In Transit,Detour,32,0,None,1,0.3172446124677084,1
2022-01,S005,P0014,Electronics,North,3635,0,1,0.12688219539791548,Truck_6,In Transit,Clear,17,0,None,1,0.35964693310684465,1
2022-01,S005,P0015,Electronics,West,3508,0,0,0.14114040625691002,Truck_1,Delivered,Detour,12,0,Traffic,1,0.2633774141099935,1
2022-01,S005,P0016,Clothing,South,3562,0,1,0.28101563417106906,Truck_7,Delivered,Heavy,19,1,Weather,0,0.9706414852988999,0
2022-01,S005,P0017,Toys,North,3523,0,1,0.35102868952539723,Truck_4,Delivered,Detour,60,0,Weather,1,0.22056159420318613,1
2022-01,S005,P0018,Furniture,West,3154,0,1,0.15361131339544346,Truck_5,Delivered,Detour,35,0,None,1,0.2543332756281833,1
2022-01,S005,P0019,Clothing,West,3635,0,1,0.21157579852655792,Truck_1,In Transit,Clear,22,0,None,1,0.262234734237535,1
2022-01,S005,P0020,Furniture,South,3695,0,0,0.09625075741288439,Truck_4,Delayed,Heavy,10,1,Traffic,0,0.9813675116308406,0
2022-02,S001,P0001,Clothing,South,3190,1,1,0.1553385594523114,Truck_1,Delayed,Detour,22,1,Weather,0,0.47132866595618794,0
2022-02,S001,P0002,Clothing,North,2935,0,1,0.11537119326682341,Truck_7,Delayed,Heavy,51,1,Weather,0,0.9743667750588885,0
2022-02,S001,P0003,Toys,North,2934,0,0,0.13971541148756253,Truck_2,In Transit,Detour,25,0,Traffic,1,0.2899679391945711,1
2022-02,S001,P0004,Electronics,South,3122,0,0,0.221181975718071,Truck_9,In Transit,Detour,30,0,Traffic,1,0.3113285981323372,1
2022-02,S001,P0005,Clothing,South,2726,0,0,0.1733721894630382,Truck_4,Delivered,Clear,35,0,Mechanical Failure,1,0.35869591396412076,1
2022-02,S001,P0006,Electronics,East,3140,0,1,0.2124988651277905,Truck_7,Delivered,Clear,53,0,Mechanical Failure,1,0.28282739146779806,1
2022-02,S001,P0007,Toys,East,3011,1,1,0.346279742401414,Truck_5,Delayed,Heavy,20,1,Weather,0,0.9870038983632077,0
2022-02,S001,P0008,Furniture,East,3560,0,0,0.08315375932759743,Truck_7,Delayed,Heavy,51,1,Traffic,0,0.9879947584964114,0
2022-02,S001,P0009,Electronics,East,3150,1,1,0.11847040993813629,Truck_9,In Transit,Heavy,27,1,Traffic,0,0.9864542836249995,0
2022-02,S001,P0010,Clothing,South,3163,0,1,0.3515566808055034,Truck_9,In Transit,Heavy,35,1,Weather,0,0.973367253866471,0
2022-02,S001,P0011,Toys,North,3294,0,1,0.1853315437751712,Truck_3,In Transit,Detour,12,0,Weather,1,0.2637531083925195,1
2022-02,S001,P0012,Groceries,East,3228,0,0,0.17331642654819643,Truck_5,Delayed,Heavy,20,1,Weather,0,0.9870038983632077,0
2022-02,S001,P0013,Clothing,North,3309,0,0,0.4329085873915105,Truck_2,Delayed,Detour,32,1,Traffic,0,0.6013552952058284,0
2022-02,S001,P0014,Electronics,South,3394,0,0,0.2097505175710335,Truck_7,Delivered,Heavy,46,1,Traffic,0,0.9743191709187055,0
2022-02,S001,P0015,Clothing,North,2980,0,0,0.17814279527105437,Truck_9,In Transit,Clear,37,0,Weather,1,0.25792473031572577,1
2022-02,S001,P0016,Electronics,West,3125,1,1,0.28113310717820855,Truck_10,Delayed,Detour,30,1,Mechanical Failure,0,0.5701818887604123,0
2022-02,S001,P0017,Clothing,South,2953,0,0,0.18838105196795318,Truck_6,Delivered,Heavy,14,1,None,0,0.9730396038489485,0
2022-02,S001,P0018,Electronics,West,2987,0,0,0.25314732885030533,Truck_4,Delayed,Heavy,10,1,Traffic,0,0.9813675116308406,0
2022-02,S001,P0019,Clothing,East,2723,1,1,0.12478357378252167,Truck_10,In Transit,Heavy,16,1,None,0,0.9764797239813601,0
2022-02,S001,P0020,Furniture,West,2557,0,1,0.3953213397322539,Truck_8,In Transit,Clear,59,0,None,1,0.25968508616621483,1
2022-02,S002,P0001,Groceries,East,3150,0,1,0.22815345714625707,Truck_1,Delayed,Heavy,48,1,None,0,0.9784840032412773,0
2022-02,S002,P0002,Clothing,South,2971,1,1,0.09459777844602398,Truck_1,In Transit,Detour,41,0,Traffic,1,0.3380236261384719,0
2022-02,S002,P0003,Clothing,East,2413,0,0,0.23193342463570152,Truck_4,In Transit,Detour,29,0,Mechanical Failure,1,0.2559766879151395,1
2022-02,S002,P0004,Electronics,East,2492,0,1,0.08699629971109113,Truck_9,In Transit,Heavy,27,1,Traffic,0,0.9864542836249995,0
2022-02,S002,P0005,Toys,North,3029,0,1,0.8386059610042483,Truck_3,Delivered,Detour,29,0,Mechanical Failure,1,0.3185285156940103,1
2022-02,S002,P0006,Groceries,West,3223,0,0,0.09654051125240744,Truck_6,Delayed,Heavy,11,1,None,0,0.9809006824733424,0
2022-02,S002,P0007,Groceries,West,2843,0,1,0.3670089634397954,Truck_4,Delivered,Clear,59,0,Weather,1,0.25835536023413413,1
2022-02,S002,P0008,Clothing,North,3486,0,1,0.21370333588293838,Truck_8,Delivered,Heavy,30,1,None,0,0.9542395524416974,0
2022-02,S002,P0009,Furniture,East,3270,1,1,0.2665190539283462,Truck_7,Delivered,Clear,22,0,Traffic,1,0.3821756242700907,0
2022-02,S002,P0010,Clothing,South,3123,0,0,0.11381394856805314,Truck_4,Delayed,Heavy,14,1,None,0,0.9805170071961078,0
2022-02,S002,P0011,Groceries,North,2847,0,1,0.10335603904615524,Truck_6,Delayed,Heavy,11,1,None,0,0.9809006824733424,0
2022-02,S002,P0012,Groceries,South,3311,0,0,0.8271011479453418,Truck_6,In Transit,Clear,43,0,Traffic,1,0.23035389529623085,1
2022-02,S002,P0013,Clothing,East,2718,0,1,0.12245074806361526,Truck_7,In Transit,Clear,59,0,None,1,0.29337503834385353,1
2022-02,S002,P0014,Toys,East,3212,1,1,0.10744223179404921,Truck_10,Delayed,Detour,37,1,Traffic,0,0.5385601216673321,0
2022-02,S002,P0015,Furniture,North,3588,0,0,0.19034719950699389,Truck_8,Delivered,Clear,19,0,None,1,0.27010300505061,1
2022-02,S002,P0016,Groceries,South,3017,0,1,0.2480816829778451,Truck_1,Delivered,Heavy,33,1,None,0,0.9725794817927169,0
2022-02,S002,P0017,Groceries,East,2955,1,1,0.1065099458602558,Truck_6,Delivered,Detour,47,0,None,1,0.31520441280739686,0
2022-02,S002,P0018,Clothing,East,3114,0,1,0.1159944315369362,Truck_1,Delayed,Clear,41,1,Mechanical Failure,0,0.43683188936396095,0
2022-02,S002,P0019,Clothing,East,2982,0,1,0.07021895733271385,Truck_2,In Transit,Detour,32,0,None,1,0.23471603654651155,1
2022-02,S002,P0020,Electronics,North,3310,0,1,0.2446276677269941,Truck_3,Delivered,Heavy,36,1,Mechanical Failure,0,0.97800029851748,0
2022-02,S003,P0001,Electronics,North,3188,0,1,0.21229085882528095,Truck_9,In Transit,Heavy,30,1,None,0,0.9883715499276505,0
2022-02,S003,P0002,Electronics,South,2984,0,1,0.20240177856387875,Truck_3,In Transit,Detour,17,0,Weather,1,0.313048748496888,1
2022-02,S003,P0003,Toys,North,2999,0,1,0.1531256309821643,Truck_10,Delivered,Heavy,19,1,None,0,0.9790288601141743,0
2022-02,S003,P0004,Groceries,North,2929,0,0,0.1896548336055184,Truck_3,In Transit,Clear,58,0,None,1,0.2759903576884534,1
2022-02,S003,P0005,Groceries,South,2781,0,0,0.1367586884252478,Truck_7,Delayed,Heavy,24,1,Mechanical Failure,0,0.9774918694579029,0
2022-02,S003,P0006,Toys,East,2912,0,1,0.15396047210155644,Truck_10,Delayed,Clear,50,1,Mechanical Failure,0,0.48521503668730104,0
2022-02,S003,P0007,Electronics,West,2885,0,1,0.11113294270137763,Truck_2,Delivered,Detour,28,0,None,1,0.27923441845828056,1
2022-02,S003,P0008,Furniture,West,3036,0,1,0.3770732877441136,Truck_5,Delayed,Detour,24,1,Traffic,0,0.5239595604996744,0
2022-02,S003,P0009,Clothing,East,3423,0,1,0.2301263351156575,Truck_7,Delayed,Detour,28,1,Traffic,0,0.4268092435130282,0
2022-02,S003,P0010,Electronics,North,2799,0,1,0.4813808500418712,Truck_9,Delayed,Clear,37,1,Weather,0,0.29596074366339253,0
2022-02,S003,P0011,Furniture,South,3212,0,1,0.34772258969168796,Truck_3,Delivered,Detour,29,0,Mechanical Failure,1,0.3185285156940103,1
2022-02,S003,P0012,Clothing,North,3112,0,0,0.14345467107036608,Truck_2,Delivered,Heavy,50,1,None,0,0.9818467789638897,0
2022-02,S003,P0013,Groceries,East,3164,0,0,0.10406450456675798,Truck_2,Delivered,Detour,25,0,Mechanical Failure,1,0.3290038170987841,1
2022-02,S003,P0014,Furniture,East,2924,0,1,0.1312134205568427,Truck_4,Delivered,Clear,26,0,Traffic,1,0.3019075484328072,1
2022-02,S003,P0015,Toys,West,3274,0,1,0.1899223854752773,Truck_6,In Transit,Detour,24,0,Traffic,1,0.2133003255143581,1
2022-02,S003,P0016,Clothing,West,3435,0,1,0.144265791278432,Truck_6,In Transit,Clear,36,0,None,1,0.23043377345768018,1
2022-02,S003,P0017,Toys,South,3563,0,0,0.13518745191807993,Truck_7,In Transit,Heavy,53,1,Mechanical Failure,0,0.9835771494924829,0
2022-02,S003,P0018,Toys,South,3252,0,0,0.1677016524083517,Truck_4,Delivered,Detour,53,0,Weather,1,0.27683030728199953,1
2022-02,S003,P0019,Clothing,North,3348,0,1,0.6835124018067955,Truck_9,In Transit,Clear,37,0,Weather,1,0.25792473031572577,1
2022-02,S003,P0020,Furniture,North,3269,0,0,0.4015254613496884,Truck_8,In Transit,Detour,45,0,Mechanical Failure,1,0.3497423881125844,1
2022-02,S004,P0001,Toys,East,2972,1,1,0.12029761664586396,Truck_5,Delivered,Detour,56,0,Weather,1,0.27973469772634724,0
2022-02,S004,P0002,Groceries,South,2874,0,0,0.17654658274382676,Truck_7,Delayed,Heavy,51,1,Traffic,0,0.9879947584964114,0
2022-02,S004,P0003,Clothing,South,3592,0,1,0.10274487221683727,Truck_10,Delivered,Heavy,19,1,None,0,0.9448679447273188,0
2022-02,S004,P0004,Toys,South,3168,0,1,0.41920084979350536,Truck_3,In Transit,Detour,16,0,Traffic,1,0.303131201277913,1
2022-02,S004,P0005,Furniture,West,2517,0,1,0.11770401645376369,Truck_3,Delivered,Heavy,60,1,None,0,0.9579453493469537,0
2022-02,S004,P0006,Clothing,North,3290,0,1,0.2760864637472914,Truck_10,In Transit,Heavy,50,1,Weather,0,0.9860323653853739,0
2022-02,S004,P0007,Clothing,South,2840,0,0,0.2535705199096602,Truck_9,Delivered,Clear,56,0,Mechanical Failure,1,0.2219743568067944,1
2022-02,S004,P0008,Clothing,South,3265,0,0,0.5333195992869592,Truck_4,Delivered,Detour,57,0,Mechanical Failure,1,0.24261248732134458,1
2022-02,S004,P0009,Groceries,South,2593,0,1,0.2209617280230773,Truck_10,Delayed,Detour,38,1,Traffic,0,0.5588860247335505,0
2022-02,S004,P0010,Electronics,East,3208,0,1,0.12020782539582305,Truck_6,Delivered,Detour,57,0,Weather,1,0.24680120130582658,1
2022-02,S004,P0011,Clothing,North,2955,0,1,1.0835535796766442,Truck_5,In Transit,Detour,44,0,Weather,1,0.2877497606479819,1
2022-02,S004,P0012,Electronics,North,2788,1,1,0.3728564839340317,Truck_7,In Transit,Clear,59,0,None,1,0.29337503834385353,0
2022-02,S004,P0013,Clothing,East,2819,1,1,0.1253926585059871,Truck_9,In Transit,Heavy,56,1,None,0,0.9813233947425123,0
2022-02,S004,P0014,Clothing,West,3523,0,0,0.0836777955850392,Truck_8,Delayed,Detour,11,1,Weather,0,0.43601495585977046,0
2022-02,S004,P0015,Clothing,West,3161,0,1,0.3297021268089586,Truck_1,Delayed,Detour,53,1,None,0,0.560667566744145,0
2022-02,S004,P0016,Clothing,West,3226,0,1,0.14461165753165686,Truck_9,Delayed,Detour,11,1,None,0,0.503450642369576,0
2022-02,S004,P0017,Clothing,West,3525,0,1,0.16843284858551996,Truck_6,Delivered,Heavy,29,1,None,0,0.9760454463242171,0
2022-02,S004,P0018,Electronics,East,3102,0,1,0.14252865658687955,Truck_8,In Transit,Detour,28,0,None,1,0.2621220080730444,1
2022-02,S004,P0019,Clothing,East,3364,1,1,0.811209624708795,Truck_10,Delayed,Clear,18,1,Weather,0,0.6191201455656427,0
2022-02,S004,P0020,Toys,West,3562,0,0,0.20682897591530466,Truck_4,In Transit,Detour,50,0,Mechanical Failure,1,0.2979800320611836,1
2022-02,S005,P0001,Electronics,North,2735,0,1,0.7093560605710358,Truck_2,In Transit,Heavy,33,1,Mechanical Failure,0,0.9755349283664927,0
2022-02,S005,P0002,Furniture,West,3213,0,1,0.37964845929071567,Truck_3,Delayed,Heavy,30,1,Mechanical Failure,0,0.971571102067283,0
2022-02,S005,P0003,Toys,North,3500,0,1,0.08800726749552598,Truck_8,In Transit,Clear,31,0,Mechanical Failure,1,0.31448348346293076,1
2022-02,S005,P0004,Furniture,South,3067,0,1,0.3959094374202142,Truck_1,Delayed,Detour,53,1,None,0,0.560667566744145,0
2022-02,S005,P0005,Electronics,South,3066,0,1,0.30396570810119744,Truck_2,Delivered,Heavy,59,1,Mechanical Failure,0,0.9963372987180732,0
2022-02,S005,P0006,Furniture,North,3150,0,1,0.8349098214660534,Truck_3,Delivered,Detour,32,0,Mechanical Failure,1,0.3282561400175198,1
2022-02,S005,P0007,Furniture,West,2966,0,0,0.2182125316243563,Truck_4,Delivered,Detour,57,0,Mechanical Failure,1,0.24261248732134458,1
2022-02,S005,P0008,Electronics,East,2968,1,1,0.1504531265627129,Truck_9,Delayed,Clear,34,1,None,0,0.4283745611404659,0
2022-02,S005,P0009,Groceries,South,2788,0,1,0.05758793151521705,Truck_2,Delivered,Detour,51,0,None,1,0.301911717534301,1
2022-02,S005,P0010,Furniture,North,2946,0,1,0.338449708365861,Truck_9,Delivered,Clear,16,0,None,1,0.36235851315122625,1
2022-02,S005,P0011,Electronics,East,3216,0,0,0.20067075836019194,Truck_7,In Transit,Heavy,19,1,Weather,0,0.9785023121299565,0
2022-02,S005,P0012,Electronics,West,3012,0,1,0.13232913795766182,Truck_7,In Transit,Clear,25,0,Weather,1,0.24999750206102633,1
2022-02,S005,P0013,Clothing,East,3062,1,1,0.1606464183744542,Truck_6,Delivered,Heavy,36,1,Mechanical Failure,0,0.9757937395985026,0
2022-02,S005,P0014,Groceries,East,3054,0,1,0.1793402457957168,Truck_9,Delivered,Clear,41,0,Traffic,1,0.2504746936489736,1
2022-02,S005,P0015,Toys,East,3009,0,1,0.0937595273014858,Truck_10,Delayed,Detour,21,1,Weather,0,0.6401907514192033,0
2022-02,S005,P0016,Groceries,East,3439,0,0,0.22007014583425183,Truck_5,Delayed,Clear,41,1,Mechanical Failure,0,0.5651039792319092,0
2022-02,S005,P0017,Electronics,South,3142,0,1,0.1341149925957682,Truck_10,In Transit,Clear,48,0,Mechanical Failure,1,0.2955231795656229,1
2022-02,S005,P0018,Electronics,West,2754,0,0,0.3382892931866821,Truck_7,Delayed,Detour,54,1,Mechanical Failure,0,0.46027383432614594,0
2022-02,S005,P0019,Groceries,East,3519,0,1,0.11403441309551317,Truck_3,Delivered,Detour,59,0,Weather,1,0.4513235075905683,1
2022-02,S005,P0020,Groceries,North,3068,0,0,0.42206398334122835,Truck_3,Delivered,Detour,38,0,None,1,0.2867709518656788,1
2022-03,S001,P0001,Electronics,South,3510,0,0,0.30657954023075523,Truck_2,Delayed,Heavy,54,1,Mechanical Failure,0,0.9855113621644155,0
2022-03,S001,P0002,Groceries,East,3463,0,1,0.17843301093232272,Truck_8,Delayed,Detour,30,1,Traffic,0,0.46016546767536226,0
2022-03,S001,P0003,Groceries,North,4045,0,0,0.23535269045646032,Truck_2,Delivered,Heavy,59,1,Mechanical Failure,0,0.9963372987180732,0
2022-03,S001,P0004,Furniture,West,2590,0,1,0.10480010629281968,Truck_6,Delivered,Heavy,32,1,Weather,0,0.9557430491527853,0
2022-03,S001,P0005,Groceries,West,3459,0,0,0.21835490404603133,Truck_10,Delivered,Detour,35,0,None,1,0.47389254583534524,1
2022-03,S001,P0006,Toys,West,3187,0,1,0.10316087101308385,Truck_5,Delivered,Detour,31,0,Traffic,1,0.3135468786311543,1
2022-03,S001,P0007,Toys,South,3909,0,1,0.08737533361251858,Truck_8,Delivered,Heavy,30,1,None,0,0.9542395524416974,0
2022-03,S001,P0008,Toys,West,3335,0,0,0.23416105427294312,Truck_2,Delivered,Clear,34,0,None,1,0.2076110416841486,1
2022-03,S001,P0009,Toys,West,2699,0,1,0.29431447272081857,Truck_6,Delayed,Detour,11,1,Weather,0,0.6636491554281679,0
2022-03,S001,P0010,Toys,North,3470,0,0,0.15541045915321536,Truck_7,In Transit,Detour,53,0,Traffic,1,0.2571859295777331,1
2022-03,S001,P0011,Clothing,North,3851,0,1,0.13680866552060192,Truck_2,Delivered,Heavy,24,1,Weather,0,0.9782213951135802,0
2022-03,S001,P0012,Clothing,South,3313,1,1,0.514551931917888,Truck_7,Delivered,Heavy,36,1,Mechanical Failure,0,0.9784489038442508,0
2022-03,S001,P0013,Electronics,East,3426,0,1,0.18656074341332662,Truck_9,Delayed,Heavy,52,1,Mechanical Failure,0,0.9805415523799972,0
2022-03,S001,P0014,Furniture,North,3739,0,0,0.18579080613958804,Truck_1,Delivered,Heavy,10,1,None,0,0.9796224762879152,0
2022-03,S001,P0015,Clothing,South,3483,1,1,0.13680936570205818,Truck_4,Delayed,Clear,51,1,Mechanical Failure,0,0.4896721329266853,0
2022-03,S001,P0016,Clothing,East,3557,0,1,0.21369205134084335,Truck_5,Delivered,Clear,41,0,Mechanical Failure,1,0.24195463192032804,1
2022-03,S001,P0017,Electronics,North,3222,0,1,0.26375333956626423,Truck_4,Delivered,Clear,59,0,Weather,1,0.25835536023413413,1
2022-03,S001,P0018,Clothing,West,3765,0,1,0.11879307749358324,Truck_6,Delayed,Detour,29,1,Traffic,0,0.2976882352129355,0
2022-03,S001,P0019,Clothing,West,3814,1,1,0.08787375504623765,Truck_3,Delayed,Detour,46,1,Traffic,0,0.5365128645648053,0
2022-03,S001,P0020,Electronics,North,3750,0,1,0.0955617226569908,Truck_5,Delivered,Detour,57,0,Traffic,1,0.20158754570858706,1
2022-03,S002,P0001,Toys,North,3375,0,1,0.17736311005448893,Truck_3,Delivered,Heavy,45,1,Weather,0,0.9771887534345742,0
2022-03,S002,P0002,Electronics,North,3296,0,0,0.324017009719943,Truck_4,In Transit,Heavy,22,1,Weather,0,0.9868130404796203,0
2022-03,S002,P0003,Furniture,North,3861,0,1,0.6690349731916043,Truck_9,Delayed,Clear,34,1,Mechanical Failure,0,0.4998840973049978,0
2022-03,S002,P0004,Clothing,East,3317,1,1,0.13503208230423405,Truck_5,In Transit,Heavy,35,1,Traffic,0,0.9741743516827859,0
2022-03,S002,P0005,Furniture,East,3301,0,1,0.22572447380807395,Truck_2,Delayed,Detour,23,1,Mechanical Failure,0,0.4344249684303547,0
2022-03,S002,P0006,Groceries,East,3204,1,1,0.11684109011414823,Truck_3,Delivered,Heavy,14,1,None,0,0.975994242579094,0
2022-03,S002,P0007,Groceries,North,3284,0,0,0.15009132776909942,Truck_10,In Transit,Heavy,17,1,Traffic,0,0.9805055358574627,0
2022-03,S002,P0008,Toys,South,2952,0,1,0.1555890624955485,Truck_3,Delayed,Heavy,50,1,Traffic,0,0.9884113083339716,0
2022-03,S002,P0009,Furniture,North,3666,0,0,0.2834720825573565,Truck_6,Delivered,Clear,50,0,Weather,1,0.18298048118975224,1
2022-03,S002,P0010,Toys,North,4016,0,0,0.2633807476973063,Truck_2,Delayed,Heavy,18,1,Traffic,0,0.9836877609741076,0
2022-03,S002,P0011,Furniture,East,3041,0,1,0.2416909670943028,Truck_10,Delayed,Clear,20,1,None,0,0.388604225601212,0
2022-03,S002,P0012,Toys,West,3414,0,1,0.1635816819988261,Truck_6,Delayed,Clear,29,1,Weather,0,0.4150412181442281,0
2022-03,S002,P0013,Electronics,East,3391,0,1,0.10724364135387704,Truck_10,In Transit,Clear,21,0,Traffic,1,0.2917104358730152,1
2022-03,S002,P0014,Electronics,South,3497,0,1,0.09992114383255105,Truck_1,Delayed,Heavy,16,1,None,0,0.9771872232803495,0
2022-03,S002,P0015,Electronics,South,3583,0,1,0.1263707553170503,Truck_10,Delayed,Heavy,32,1,Mechanical Failure,0,0.9798551556232715,0
2022-03,S002,P0016,Electronics,North,3418,1,1,0.17412299571017464,Truck_10,In Transit,Clear,14,0,None,1,0.36981903531442234,0
2022-03,S002,P0017,Clothing,South,3092,0,0,0.5710585853632378,Truck_3,Delivered,Heavy,20,1,Traffic,0,0.9769563505455879,0
2022-03,S002,P0018,Electronics,South,3536,0,1,0.16400595735084647,Truck_5,Delivered,Detour,13,0,Weather,1,0.2547673040028,1
2022-03,S002,P0019,Groceries,East,3689,0,1,0.8410332746160794,Truck_1,In Transit,Clear,37,0,None,1,0.2539227051719385,1
2022-03,S002,P0020,Electronics,East,3359,0,1,0.5336897519255097,Truck_10,Delivered,Clear,45,0,Weather,1,0.3973015609191573,1
2022-03,S003,P0001,Clothing,North,3226,0,1,0.38247377965928503,Truck_10,In Transit,Detour,41,0,None,1,0.35105274742360143,1
2022-03,S003,P0002,Groceries,North,3379,0,1,0.42450386647824045,Truck_4,Delivered,Heavy,39,1,Traffic,0,0.9845768257084774,0
2022-03,S003,P0003,Furniture,East,3494,1,1,0.20054860200580596,Truck_8,Delayed,Heavy,26,1,Mechanical Failure,0,0.9778286960063594,0
2022-03,S003,P0004,Furniture,East,2917,0,1,0.19180540023062792,Truck_3,Delivered,Heavy,29,1,Weather,0,0.9912972284639002,0
2022-03,S003,P0005,Groceries,West,3498,0,0,0.13071390198457647,Truck_10,Delayed,Detour,29,1,None,0,0.5668065278292487,0
2022-03,S003,P0006,Clothing,West,3367,0,1,0.1275965545165501,Truck_6,In Transit,Clear,51,0,Mechanical Failure,1,0.19893388449949356,1
2022-03,S003,P0007,Furniture,South,3554,0,0,0.25999250658277756,Truck_1,Delivered,Detour,53,0,None,1,0.2894823991958087,1
2022-03,S003,P0008,Clothing,North,3837,0,1,0.20643023271691488,Truck_8,Delivered,Heavy,51,1,Mechanical Failure,0,0.9786200096036464,0
2022-03,S003,P0009,Groceries,East,3153,0,1,0.18684115811924318,Truck_7,Delivered,Clear,53,0,Mechanical Failure,1,0.28282739146779806,1
2022-03,S003,P0010,Groceries,East,4008,0,1,0.33202622604140736,Truck_5,In Transit,Detour,39,0,Traffic,1,0.255262140431913,1
2022-03,S003,P0011,Clothing,East,2866,0,1,0.12671646611187032,Truck_4,Delivered,Heavy,51,1,Mechanical Failure,0,0.9821881640130578,0
2022-03,S003,P0012,Clothing,West,3811,0,1,0.14313319150332984,Truck_9,Delayed,Detour,13,1,Mechanical Failure,0,0.5464207348678469,0
2022-03,S003,P0013,Clothing,West,3668,0,1,0.1849187888005756,Truck_4,In Transit,Clear,15,0,Weather,1,0.31776957812963597,1
2022-03,S003,P0014,Furniture,West,3402,0,1,0.22867078809672275,Truck_3,Delayed,Detour,53,1,Weather,0,0.47158941541652594,0
2022-03,S003,P0015,Furniture,West,3309,0,1,0.534479937804787,Truck_9,In Transit,Clear,14,0,Mechanical Failure,1,0.2140334737288198,1
2022-03,S003,P0016,Furniture,South,2903,1,1,0.18650840032769336,Truck_4,Delayed,Detour,52,1,Weather,0,0.5258173802732796,0
2022-03,S003,P0017,Clothing,South,3094,0,1,0.21884918754078012,Truck_6,Delayed,Detour,30,1,Weather,0,0.5020736247239241,0
2022-03,S003,P0018,Groceries,South,3273,0,0,0.1641619372786881,Truck_5,In Transit,Heavy,43,1,Mechanical Failure,0,0.9817342572707395,0
2022-03,S003,P0019,Groceries,West,3548,0,1,0.23773344369264973,Truck_5,Delayed,Clear,20,1,Traffic,0,0.5420000797169867,0
2022-03,S003,P0020,Electronics,East,3136,0,1,0.30902115014690973,Truck_1,In Transit,Heavy,60,1,None,0,0.9451566700934787,0
2022-03,S004,P0001,Groceries,North,3521,0,1,0.07504232458321923,Truck_3,Delivered,Heavy,52,1,Traffic,0,0.960716826799266,0
2022-03,S004,P0002,Clothing,East,3278,0,0,0.2617184493069738,Truck_4,Delayed,Clear,60,1,Traffic,0,0.31945458415359834,0
2022-03,S004,P0003,Furniture,South,3415,0,1,0.13663210974040194,Truck_7,Delayed,Heavy,39,1,Traffic,0,0.9647682922128193,0
2022-03,S004,P0004,Groceries,West,3704,1,1,0.139446398233046,Truck_7,Delivered,Clear,36,0,Weather,1,0.3076638736337922,0
2022-03,S004,P0005,Toys,South,3584,0,0,0.3073163734165067,Truck_4,Delayed,Clear,40,1,Weather,0,0.5199029151814257,0
2022-03,S004,P0006,Groceries,West,3716,1,1,0.10697418435497258,Truck_3,Delayed,Detour,11,1,None,0,0.42389345361022684,0
2022-03,S004,P0007,Furniture,East,3616,0,0,0.2217776967468733,Truck_3,Delayed,Detour,46,1,Traffic,0,0.5365128645648053,0
2022-03,S004,P0008,Toys,North,2775,0,0,0.1544836753819801,Truck_1,Delivered,Clear,24,0,Traffic,1,0.1908442691684983,1
2022-03,S004,P0009,Groceries,East,3783,0,0,0.24042745318876008,Truck_1,Delayed,Clear,41,1,None,0,0.4277332283697192,0
2022-03,S004,P0010,Clothing,East,2944,0,1,0.144961441055959,Truck_4,In Transit,Clear,30,0,Traffic,1,0.21783434361995765,1
2022-03,S004,P0011,Clothing,South,3146,0,1,0.10173928646336636,Truck_8,Delivered,Detour,25,0,Mechanical Failure,1,0.3295048905616362,1
2022-03,S004,P0012,Furniture,North,3272,0,1,0.1504998349262547,Truck_6,Delivered,Detour,57,0,Weather,1,0.24680120130582658,1
2022-03,S004,P0013,Groceries,West,3364,0,1,0.18478425601078044,Truck_2,Delayed,Detour,30,1,None,0,0.3533590689208001,0
2022-03,S004,P0014,Furniture,West,3837,0,0,0.16436575311333393,Truck_7,In Transit,Clear,26,0,None,1,0.34382650342377297,1
2022-03,S004,P0015,Groceries,East,3275,0,0,0.12139861304124092,Truck_3,Delayed,Heavy,50,1,Traffic,0,0.9894355942651998,0
2022-03,S004,P0016,Furniture,North,3749,0,1,0.12339158710843572,Truck_3,Delayed,Heavy,22,1,None,0,0.9844625116891663,0
2022-03,S004,P0017,Furniture,North,3600,0,1,0.3395279936534961,Truck_10,Delayed,Clear,49,1,None,0,0.5928614372114756,0
2022-03,S004,P0018,Toys,East,3392,0,1,0.1345103490180646,Truck_5,In Transit,Detour,32,0,Traffic,1,0.24778830203314578,1
2022-03,S004,P0019,Groceries,West,2977,0,0,0.12514866041362832,Truck_4,In Transit,Detour,12,0,None,1,0.3301570014070945,1
2022-03,S004,P0020,Clothing,South,3626,0,1,0.4034260513213955,Truck_5,Delivered,Detour,50,0,Traffic,1,0.3039811513684447,1
2022-03,S005,P0001,Toys,East,3381,0,0,0.1532441006096122,Truck_7,Delayed,Heavy,33,1,None,0,0.9820993795246988,0
2022-03,S005,P0002,Toys,East,3494,0,1,0.11752519370906755,Truck_4,In Transit,Detour,54,0,Traffic,1,0.30508448014837297,1
2022-03,S005,P0003,Groceries,North,2837,0,1,0.11693779610206449,Truck_9,Delivered,Clear,12,0,Weather,1,0.23322958093643142,1
2022-03,S005,P0004,Groceries,North,3594,0,1,0.09018010706078934,Truck_7,In Transit,Clear,47,0,Weather,1,0.2597080894750686,1
2022-03,S005,P0005,Clothing,East,3263,0,0,0.1458055777444612,Truck_1,Delivered,Detour,53,0,Mechanical Failure,1,0.29449381271826347,1
2022-03,S005,P0006,Toys,South,3665,0,1,0.19728779534204224,Truck_8,Delayed,Heavy,18,1,Traffic,0,0.9682913220602781,0
2022-03,S005,P0007,Groceries,East,3529,0,0,0.4743675661347366,Truck_8,In Transit,Detour,28,0,None,1,0.2621220080730444,1
2022-03,S005,P0008,Clothing,East,3744,0,1,0.6527159428193302,Truck_9,In Transit,Clear,34,0,Weather,1,0.2543068242619739,1
2022-03,S005,P0009,Clothing,South,3181,0,1,0.11352993136329964,Truck_8,In Transit,Heavy,16,1,Mechanical Failure,0,0.980430691270475,0
2022-03,S005,P0010,Electronics,South,3228,0,0,0.13787610152063148,Truck_9,Delivered,Heavy,20,1,Weather,0,0.9765154170761803,0
2022-03,S005,P0011,Electronics,West,3323,0,1,0.6408643713539538,Truck_10,Delivered,Heavy,11,1,Mechanical Failure,0,0.9635387799635702,0
2022-03,S005,P0012,Clothing,North,3668,0,0,0.1655675350816557,Truck_9,Delivered,Clear,30,0,None,1,0.2989762942992682,1
2022-03,S005,P0013,Groceries,East,3425,0,1,0.09039675772098388,Truck_7,In Transit,Clear,28,0,None,1,0.33139326004327235,1
2022-03,S005,P0014,Toys,South,3613,0,0,0.16753255848127813,Truck_1,Delayed,Clear,35,1,Mechanical Failure,0,0.29699822181593855,0
2022-03,S005,P0015,Furniture,East,3720,0,1,0.1170819057078539,Truck_4,Delayed,Heavy,14,1,Mechanical Failure,0,0.979835386962474,0
2022-03,S005,P0016,Toys,West,3133,1,1,0.4465745295211131,Truck_1,Delivered,Heavy,36,1,Mechanical Failure,0,0.9801899866129744,0
2022-03,S005,P0017,Furniture,East,3508,0,0,0.1816246395629469,Truck_9,In Transit,Detour,60,0,None,1,0.22434104767340007,1
2022-03,S005,P0018,Clothing,North,3438,0,0,0.11567526568481948,Truck_3,Delivered,Clear,48,0,Traffic,1,0.34387919450400134,1
2022-03,S005,P0019,Clothing,West,3352,1,1,0.5920958119484854,Truck_2,Delivered,Detour,47,0,Traffic,1,0.26881884119197647,0
2022-03,S005,P0020,Toys,North,3315,1,1,0.4291627417182324,Truck_8,Delivered,Heavy,20,1,Mechanical Failure,0,0.9425627689527105,0
2022-04,S001,P0001,Groceries,South,3315,0,1,0.12029776392465646,Truck_9,Delivered,Heavy,25,1,Traffic,0,0.9793407520405806,0
2022-04,S001,P0002,Electronics,South,3010,0,1,0.2657562706936338,Truck_5,In Transit,Detour,43,0,Mechanical Failure,1,0.3172237844848138,1
2022-04,S001,P0003,Toys,South,2930,0,0,0.28506815761952853,Truck_2,In Transit,Clear,52,0,Mechanical Failure,1,0.31013717294841364,1
2022-04,S001,P0004,Furniture,East,3749,0,1,0.076585830525848,Truck_6,In Transit,Detour,50,0,Traffic,1,0.36853649947880657,1
2022-04,S001,P0005,Electronics,East,3411,0,1,0.1343257682214651,Truck_8,In Transit,Heavy,16,1,Mechanical Failure,0,0.980430691270475,0
2022-04,S001,P0006,Clothing,North,3475,0,0,0.1760102464831845,Truck_10,In Transit,Detour,41,0,None,1,0.35105274742360143,1
2022-04,S001,P0007,Groceries,West,2940,0,0,0.2746489595251494,Truck_2,Delivered,Detour,19,0,None,1,0.28673565289323066,1
2022-04,S001,P0008,Furniture,West,3278,0,0,0.1960744841588254,Truck_2,In Transit,Heavy,41,1,None,0,0.9865898712492743,0
2022-04,S001,P0009,Groceries,North,2609,0,1,0.5220280174294579,Truck_8,In Transit,Detour,47,0,Weather,1,0.29749925208839195,1
2022-04,S001,P0010,Toys,North,2922,0,0,0.16101388500557542,Truck_8,Delayed,Clear,55,1,Traffic,0,0.6268520128772835,0
2022-04,S001,P0011,Groceries,North,3553,0,1,0.22807461336945278,Truck_8,Delayed,Detour,19,1,Weather,0,0.47733302075245965,0
2022-04,S001,P0012,Clothing,North,3274,0,1,0.16405830366049629,Truck_4,Delivered,Heavy,54,1,Mechanical Failure,0,0.9795569175358476,0
2022-04,S001,P0013,Electronics,South,3642,0,0,0.23220788412273177,Truck_7,Delayed,Detour,54,1,Mechanical Failure,0,0.46027383432614594,0
2022-04,S001,P0014,Toys,East,3548,0,1,0.12040944861952267,Truck_2,Delivered,Heavy,50,1,None,0,0.9818467789638897,0
2022-04,S001,P0015,Clothing,North,3194,1,0,0.22640721144734147,Truck_9,Delayed,Heavy,53,1,None,0,0.9668829707288913,0
2022-04,S001,P0016,Toys,East,3539,0,1,0.41683112415309403,Truck_8,In Transit,Detour,33,0,Mechanical Failure,1,0.30849329701825706,1
2022-04,S001,P0017,Electronics,West,3072,0,1,0.2030887271194924,Truck_8,Delayed,Clear,53,1,Mechanical Failure,0,0.3166204253765713,0
2022-04,S001,P0018,Groceries,East,3415,0,1,0.11655526237854202,Truck_2,Delayed,Heavy,22,1,Weather,0,0.9747899737480465,0
2022-04,S001,P0019,Furniture,East,3292,0,0,0.30628108512714436,Truck_2,In Transit,Heavy,33,1,Mechanical Failure,0,0.9755349283664927,0
2022-04,S001,P0020,Furniture,North,3077,0,1,0.2174597391070048,Truck_8,Delayed,Clear,47,1,Mechanical Failure,0,0.4588030005078361,0
2022-04,S002,P0001,Toys,South,3521,0,1,0.33893447455329007,Truck_9,Delayed,Detour,23,1,Weather,0,0.6117620556280537,0
2022-04,S002,P0002,Electronics,North,3441,0,1,0.16083262881401897,Truck_5,Delayed,Heavy,46,1,None,0,0.9886352729957382,0
2022-04,S002,P0003,Electronics,South,2902,0,0,0.8653995558895468,Truck_4,In Transit,Clear,41,0,Weather,1,0.31647392566472826,1
2022-04,S002,P0004,Toys,North,3755,0,1,0.24104861504496491,Truck_3,In Transit,Detour,52,0,Traffic,1,0.3047306715882752,1
2022-04,S002,P0005,Furniture,West,2815,0,0,0.37316602051718867,Truck_4,Delayed,Clear,15,1,Traffic,0,0.6457955499138067,0
2022-04,S002,P0006,Groceries,West,3147,1,0,0.07534869941260568,Truck_7,Delayed,Clear,44,1,Mechanical Failure,0,0.5084984771526699,0
2022-04,S002,P0007,Furniture,South,3195,0,1,0.23887924729007906,Truck_8,Delayed,Detour,47,1,None,0,0.4783704808065572,0
2022-04,S002,P0008,Furniture,South,3632,0,1,0.48287834026197096,Truck_6,Delivered,Heavy,14,1,None,0,0.9730396038489485,0
2022-04,S002,P0009,Furniture,East,3289,0,1,0.14544935493117261,Truck_6,Delayed,Detour,46,1,Mechanical Failure,0,0.4251148151856023,0
2022-04,S002,P0010,Clothing,South,3537,0,1,0.18348738978334078,Truck_2,In Transit,Heavy,41,1,None,0,0.9865898712492743,0
2022-04,S002,P0011,Toys,South,3347,0,0,0.3350921573203059,Truck_6,Delivered,Clear,50,0,Weather,1,0.18298048118975224,1
2022-04,S002,P0012,Groceries,West,3254,0,0,0.11321486762448925,Truck_2,Delayed,Heavy,16,1,Traffic,0,0.9670986631212776,0
2022-04,S002,P0013,Clothing,East,3198,0,0,0.243163825495951,Truck_8,Delayed,Heavy,29,1,Mechanical Failure,0,0.9742244389597853,0
2022-04,S002,P0014,Toys,East,3649,1,0,0.230800736860588,Truck_2,In Transit,Clear,39,0,None,1,0.20104829062807816,0
2022-04,S002,P0015,Furniture,South,3124,0,0,0.1309365108462405,Truck_8,In Transit,Detour,11,0,None,1,0.29539245478974135,1
2022-04,S002,P0016,Electronics,East,3775,0,0,0.4619984827596962,Truck_10,In Transit,Heavy,17,1,Traffic,0,0.9805055358574627,0
2022-04,S002,P0017,Electronics,East,3255,0,1,0.1831818720956146,Truck_2,In Transit,Heavy,55,1,Mechanical Failure,0,0.9718192213697284,0
2022-04,S002,P0018,Electronics,North,3435,0,0,0.41607249438704985,Truck_7,Delivered,Heavy,58,1,Mechanical Failure,0,0.9907095334809403,0
2022-04,S002,P0019,Toys,North,3529,1,1,0.11515815585042705,Truck_5,In Transit,Heavy,35,1,Traffic,0,0.9741743516827859,0
2022-04,S002,P0020,Groceries,West,3665,0,0,0.13203402117868818,Truck_8,Delivered,Detour,13,0,Weather,1,0.2777277579231313,1
2022-04,S003,P0001,Groceries,North,3600,0,0,0.6762921348305382,Truck_4,Delayed,Heavy,14,1,None,0,0.9805170071961078,0
2022-04,S003,P0002,Toys,East,3189,0,1,0.6656871877654916,Truck_1,Delayed,Heavy,50,1,Weather,0,0.9819252981469961,0
2022-04,S003,P0003,Groceries,East,2897,0,0,0.16061277036987182,Truck_10,In Transit,Detour,32,0,Weather,1,0.47678574902481335,1
2022-04,S003,P0004,Clothing,West,3314,0,1,0.2561803796531946,Truck_7,Delayed,Heavy,34,1,Traffic,0,0.9808741748781986,0
2022-04,S003,P0005,Furniture,East,4095,0,1,0.10864825311182333,Truck_1,Delivered,Detour,11,0,Weather,1,0.3368222633540355,1
2022-04,S003,P0006,Furniture,West,3439,0,1,0.41371035901172865,Truck_8,In Transit,Detour,57,0,Traffic,1,0.19489279878026827,1
2022-04,S003,P0007,Furniture,North,3480,0,1,0.18645218513435802,Truck_6,In Transit,Heavy,20,1,Weather,0,0.9881472187112591,0
2022-04,S003,P0008,Toys,North,3198,1,1,0.1369351761449835,Truck_8,In Transit,Clear,14,0,Weather,1,0.28556982988934987,0
2022-04,S003,P0009,Clothing,West,3150,0,0,0.32054045936417136,Truck_5,Delayed,Clear,51,1,Mechanical Failure,0,0.694403927264976,0
2022-04,S003,P0010,Toys,North,3389,0,0,0.4268242535437127,Truck_6,Delivered,Heavy,23,1,Weather,0,0.9865079034050726,0
2022-04,S003,P0011,Electronics,West,3347,0,0,0.2199189405323954,Truck_5,Delayed,Heavy,22,1,Weather,0,0.9841100868284025,0
2022-04,S003,P0012,Furniture,North,3231,0,0,0.15360150809211678,Truck_6,In Transit,Clear,52,0,Traffic,1,0.34088037291608153,1
2022-04,S003,P0013,Toys,North,3428,0,1,0.30202965145678984,Truck_9,Delayed,Detour,52,1,Mechanical Failure,0,0.5153850230103331,0
2022-04,S003,P0014,Clothing,North,3053,0,0,0.11379162849571905,Truck_3,In Transit,Heavy,25,1,Mechanical Failure,0,0.9855619647534337,0
2022-04,S003,P0015,Furniture,West,3428,0,1,0.22877636911285276,Truck_2,Delivered,Clear,34,0,None,1,0.2076110416841486,1
2022-04,S003,P0016,Groceries,South,3375,0,1,0.19515171111281102,Truck_7,Delayed,Heavy,24,1,Mechanical Failure,0,0.9774918694579029,0
2022-04,S003,P0017,Electronics,North,3472,0,1,0.11780454495757778,Truck_2,Delayed,Detour,30,1,None,0,0.3533590689208001,0
2022-04,S003,P0018,Groceries,East,3268,0,1,0.11863094901477225,Truck_8,Delivered,Heavy,23,1,Traffic,0,0.9729062509174039,0
2022-04,S003,P0019,Electronics,West,3495,0,1,0.5833333322174713,Truck_7,In Transit,Clear,59,0,None,1,0.29337503834385353,1
2022-04,S003,P0020,Toys,North,2966,0,1,0.20338651136677416,Truck_8,Delivered,Clear,21,0,Traffic,1,0.2838712462967806,1
2022-04,S004,P0001,Groceries,East,3766,0,1,0.19001887591556707,Truck_5,Delayed,Heavy,26,1,Traffic,0,0.9810946403948962,0
2022-04,S004,P0002,Furniture,South,3063,0,0,0.2536808718676838,Truck_6,In Transit,Detour,50,0,None,1,0.30326971507087014,1
2022-04,S004,P0003,Electronics,West,3457,0,1,0.10606162539758403,Truck_3,Delivered,Heavy,36,1,Traffic,0,0.9818822441229694,0
2022-04,S004,P0004,Electronics,North,3238,0,1,0.1762682954290656,Truck_7,Delivered,Detour,60,0,Traffic,1,0.23372406114916836,1
2022-04,S004,P0005,Groceries,South,3116,0,0,0.11043466212655992,Truck_7,In Transit,Clear,49,0,Weather,1,0.27809805402610566,1
2022-04,S004,P0006,Clothing,East,3423,1,1,0.06930372795374952,Truck_4,In Transit,Detour,11,0,None,1,0.335000013770128,0
2022-04,S004,P0007,Groceries,South,3425,1,1,0.10299736289622798,Truck_7,In Transit,Heavy,16,1,None,0,0.9872180863781321,0
2022-04,S004,P0008,Furniture,East,3301,0,1,0.1263709697243752,Truck_8,In Transit,Detour,47,0,Weather,1,0.29749925208839195,1
2022-04,S004,P0009,Furniture,South,3043,0,1,0.6456913795244376,Truck_6,Delivered,Detour,57,0,Weather,1,0.24680120130582658,1
2022-04,S004,P0010,Electronics,North,3558,0,0,0.1661298511142054,Truck_4,Delivered,Detour,34,0,Mechanical Failure,1,0.2834785343558909,1
2022-04,S004,P0011,Clothing,West,3349,0,1,0.15519358987603132,Truck_3,In Transit,Detour,42,0,Traffic,1,0.3158618140200936,1
2022-04,S004,P0012,Clothing,East,3699,0,1,0.7550864617917469,Truck_6,In Transit,Clear,36,0,None,1,0.23043377345768018,1
2022-04,S004,P0013,Clothing,East,3203,0,1,0.09244184994095653,Truck_7,In Transit,Detour,41,0,None,1,0.3007090728041788,1
2022-04,S004,P0014,Toys,West,3691,0,1,0.21785747424201674,Truck_6,In Transit,Clear,21,0,Weather,1,0.20678996860185905,1
2022-04,S004,P0015,Groceries,East,2770,1,0,0.5052466001891599,Truck_5,Delivered,Clear,27,0,Weather,1,0.24831044142584222,0
2022-04,S004,P0016,Electronics,South,3249,0,0,0.14982624844690848,Truck_8,Delayed,Heavy,26,1,Mechanical Failure,0,0.9778286960063594,0
2022-04,S004,P0017,Groceries,North,3152,0,0,0.08066885869690543,Truck_4,Delayed,Clear,51,1,Mechanical Failure,0,0.4896721329266853,0
2022-04,S004,P0018,Toys,South,3085,0,1,0.1706195000373517,Truck_1,Delayed,Heavy,60,1,None,0,0.9550483664980678,0
2022-04,S004,P0019,Groceries,West,3135,0,1,0.20358923045319116,Truck_9,Delivered,Detour,49,0,None,1,0.2731283213083109,1
2022-04,S004,P0020,Toys,North,3678,0,1,0.23204279696742194,Truck_9,Delivered,Clear,58,0,Mechanical Failure,1,0.23761761546123006,1
2022-04,S005,P0001,Clothing,South,3392,0,0,0.15669391214569264,Truck_7,In Transit,Clear,56,0,None,1,0.3677914925799343,1
2022-04,S005,P0002,Groceries,West,3139,0,1,0.23865835718404627,Truck_8,In Transit,Clear,14,0,Weather,1,0.28556982988934987,1
2022-04,S005,P0003,Toys,West,3708,0,0,0.1926916303690655,Truck_10,Delivered,Clear,57,0,Mechanical Failure,1,0.26446353481920276,1
2022-04,S005,P0004,Toys,South,3008,0,1,0.1578349680267122,Truck_10,In Transit,Clear,47,0,Weather,1,0.27700758008331544,1
2022-04,S005,P0005,Furniture,North,3365,0,1,0.6069708067169228,Truck_8,Delayed,Heavy,39,1,Mechanical Failure,0,0.9863428278672961,0
2022-04,S005,P0006,Clothing,East,3133,0,1,0.2681398102194979,Truck_5,Delayed,Detour,35,1,None,0,0.49864308675501695,0
2022-04,S005,P0007,Clothing,North,3318,0,1,0.21045628907232689,Truck_4,Delayed,Heavy,34,1,Weather,0,0.985462624041054,0
2022-04,S005,P0008,Toys,West,3544,0,1,0.3845432056234406,Truck_2,Delivered,Heavy,13,1,Mechanical Failure,0,0.9720787973015323,0
2022-04,S005,P0009,Toys,East,3278,0,1,0.09115263993531864,Truck_8,Delivered,Heavy,23,1,Traffic,0,0.9729062509174039,0
2022-04,S005,P0010,Groceries,North,3076,0,0,0.2836311575954052,Truck_2,Delayed,Heavy,39,1,Mechanical Failure,0,0.9586240807228864,0
2022-04,S005,P0011,Electronics,West,3088,0,1,0.19607126610686562,Truck_1,Delayed,Heavy,60,1,None,0,0.9550483664980678,0
2022-04,S005,P0012,Clothing,North,3522,0,0,0.42757972485926404,Truck_4,Delivered,Heavy,51,1,Mechanical Failure,0,0.9821881640130578,0
2022-04,S005,P0013,Toys,East,3871,0,1,0.25349722145264547,Truck_3,Delivered,Clear,50,0,None,1,0.2791450747367902,1
2022-04,S005,P0014,Clothing,North,3203,0,0,0.3591544284117171,Truck_7,Delayed,Clear,23,1,None,0,0.47049769229891014,0
2022-04,S005,P0015,Toys,North,3296,0,1,0.26337997520479184,Truck_10,In Transit,Clear,14,0,None,1,0.36981903531442234,1
2022-04,S005,P0016,Groceries,East,3268,0,1,0.0913991159424476,Truck_3,In Transit,Clear,44,0,Weather,1,0.21757754373328214,1
2022-04,S005,P0017,Toys,North,3689,0,0,0.21240507734863473,Truck_6,In Transit,Clear,52,0,Traffic,1,0.34088037291608153,1
2022-04,S005,P0018,Clothing,East,3565,0,1,0.132586047145091,Truck_9,In Transit,Clear,23,0,None,1,0.46848576044655243,1
2022-04,S005,P0019,Electronics,West,3242,0,1,0.1312984966986126,Truck_6,In Transit,Clear,20,0,Mechanical Failure,1,0.2246385221900927,1
2022-04,S005,P0020,Furniture,North,2965,1,1,0.3961668687489335,Truck_4,Delayed,Detour,36,1,None,0,0.45830997036666715,0
2022-05,S001,P0001,Toys,East,3391,0,1,0.32554003507531376,Truck_2,Delivered,Heavy,10,1,None,0,0.9762187094861112,0
2022-05,S001,P0002,Clothing,West,4310,0,1,0.16574835846637498,Truck_5,In Transit,Detour,56,0,Mechanical Failure,1,0.24243764639407353,1
2022-05,S001,P0003,Electronics,North,3694,0,0,0.6538949078524419,Truck_9,Delayed,Detour,23,1,Weather,0,0.6117620556280537,0
2022-05,S001,P0004,Groceries,South,3377,0,1,0.44341181729949425,Truck_3,Delayed,Clear,60,1,Mechanical Failure,0,0.3349540327511818,0
2022-05,S001,P0005,Electronics,East,2753,0,0,0.28299627835297037,Truck_7,Delayed,Clear,19,1,None,0,0.5069179663876022,0
2022-05,S001,P0006,Electronics,East,3705,1,1,0.24066175396660222,Truck_4,Delivered,Clear,58,0,None,1,0.31493336215512646,0
2022-05,S001,P0007,Groceries,South,3604,1,1,0.28455041732483155,Truck_2,Delayed,Detour,18,1,Weather,0,0.4926584471050884,0
2022-05,S001,P0008,Furniture,East,3601,0,1,0.1292544418855083,Truck_10,In Transit,Clear,43,0,Traffic,1,0.26006813353085334,1
2022-05,S001,P0009,Furniture,East,3104,0,1,0.40621570645605926,Truck_4,Delivered,Clear,45,0,None,1,0.25769423167009126,1
2022-05,S001,P0010,Groceries,East,3283,0,1,0.12539924225059654,Truck_2,Delivered,Detour,30,0,None,1,0.2242052855139155,1
2022-05,S001,P0011,Furniture,South,3905,0,0,0.46613376415786667,Truck_2,In Transit,Clear,22,0,Mechanical Failure,1,0.21835664264975282,1
2022-05,S001,P0012,Furniture,South,3724,0,0,0.14537151481357916,Truck_1,Delivered,Clear,32,0,None,1,0.21202375895972364,1
2022-05,S001,P0013,Furniture,East,3471,0,1,0.15328638922340362,Truck_3,Delivered,Detour,42,0,None,1,0.2658157751808875,1
2022-05,S001,P0014,Groceries,North,3021,0,1,0.5033622225118186,Truck_6,In Transit,Clear,30,0,Traffic,1,0.17660138159445318,1
2022-05,S001,P0015,Electronics,West,3321,0,0,0.13401656719385907,Truck_7,Delayed,Detour,23,1,None,0,0.5231501236814594,0
2022-05,S001,P0016,Groceries,North,3171,0,1,0.24664100972624528,Truck_6,Delayed,Detour,30,1,Weather,0,0.5020736247239241,0
2022-05,S001,P0017,Furniture,East,3756,0,0,0.33123719622419356,Truck_2,Delivered,Clear,34,0,None,1,0.2076110416841486,1
2022-05,S001,P0018,Clothing,East,3302,0,0,0.1840398168465511,Truck_6,Delivered,Clear,38,0,Weather,1,0.18237036662933748,1
2022-05,S001,P0019,Groceries,West,3580,0,0,0.1263371212346042,Truck_9,Delayed,Detour,22,1,Mechanical Failure,0,0.424681987118813,0
2022-05,S001,P0020,Groceries,South,3528,0,0,0.26579294986238966,Truck_7,In Transit,Clear,23,0,Weather,1,0.31788307223158385,1
2022-05,S002,P0001,Clothing,North,2906,0,0,0.2616715627147214,Truck_9,In Transit,Clear,28,0,Weather,1,0.3699730979842758,1
2022-05,S002,P0002,Toys,North,3965,0,0,0.10862413236602361,Truck_10,In Transit,Heavy,27,1,Traffic,0,0.9792934666405623,0
2022-05,S002,P0003,Furniture,East,3508,0,0,0.18707520578368989,Truck_10,Delivered,Heavy,17,1,Weather,0,0.9858739294247314,0
2022-05,S002,P0004,Furniture,North,3342,0,0,0.17153550112904967,Truck_3,Delayed,Detour,11,1,None,0,0.42389345361022684,0
2022-05,S002,P0005,Furniture,East,3208,0,1,0.4489833875512706,Truck_3,Delivered,Heavy,60,1,None,0,0.9579453493469537,0
2022-05,S002,P0006,Toys,East,3310,0,0,0.1892821487947912,Truck_7,Delayed,Heavy,51,1,Weather,0,0.9743667750588885,0
2022-05,S002,P0007,Groceries,East,3008,0,1,0.41477552194230155,Truck_8,Delayed,Detour,18,1,Mechanical Failure,0,0.31036805158005487,0
2022-05,S002,P0008,Toys,East,3171,0,1,0.23330153687420815,Truck_2,In Transit,Detour,25,0,Traffic,1,0.2899679391945711,1
2022-05,S002,P0009,Clothing,East,3232,0,0,0.12258851657885282,Truck_3,In Transit,Detour,22,0,Traffic,1,0.38225024216255,1
2022-05,S002,P0010,Groceries,West,3291,0,1,0.23345804641192688,Truck_4,In Transit,Detour,56,0,Mechanical Failure,1,0.22929055258884679,1
2022-05,S002,P0011,Groceries,East,3350,0,1,0.1406414401187463,Truck_6,In Transit,Clear,51,0,Mechanical Failure,1,0.19893388449949356,1
2022-05,S002,P0012,Clothing,South,3657,1,1,0.4507238534767824,Truck_10,Delayed,Heavy,38,1,Traffic,0,0.9763684686682381,0
2022-05,S002,P0013,Electronics,North,3007,0,1,0.17544549843732707,Truck_5,Delayed,Heavy,37,1,Traffic,0,0.9828523285436759,0
2022-05,S002,P0014,Furniture,East,2939,0,0,0.17390893414165234,Truck_6,In Transit,Clear,30,0,Traffic,1,0.17660138159445318,1
2022-05,S002,P0015,Electronics,North,3470,0,1,0.7941353124139165,Truck_2,Delayed,Detour,18,1,Weather,0,0.4926584471050884,0
2022-05,S002,P0016,Electronics,West,2648,0,0,0.41174000793124743,Truck_7,Delayed,Detour,36,1,Mechanical Failure,0,0.438588217001022,0
2022-05,S002,P0017,Clothing,West,3588,0,1,0.3620174345801325,Truck_2,In Transit,Clear,60,0,None,1,0.2320318726846142,1
2022-05,S002,P0018,Furniture,North,3567,1,1,0.3511220788994868,Truck_9,In Transit,Clear,28,0,Weather,1,0.3699730979842758,0
2022-05,S002,P0019,Toys,West,3613,0,1,0.4348277329397081,Truck_5,In Transit,Clear,38,0,Traffic,1,0.2755529935316513,1
2022-05,S002,P0020,Groceries,West,3368,0,1,0.2937312576409126,Truck_8,In Transit,Detour,18,0,Weather,1,0.19660528402678376,1
2022-05,S003,P0001,Electronics,South,3032,0,0,0.34961497301950034,Truck_5,Delayed,Heavy,37,1,Mechanical Failure,0,0.9881057349358733,0
2022-05,S003,P0002,Clothing,West,3820,1,1,0.1236006847087558,Truck_8,Delayed,Clear,48,1,Traffic,0,0.3933283466349923,0
2022-05,S003,P0003,Groceries,North,3718,0,1,0.1601735580379068,Truck_5,Delivered,Heavy,18,1,Weather,0,0.9700000712727217,0
2022-05,S003,P0004,Electronics,East,3113,0,1,0.15420880583843513,Truck_4,Delayed,Clear,29,1,Weather,0,0.520169373756851,0
2022-05,S003,P0005,Furniture,East,3382,0,1,0.10472216585446723,Truck_10,Delivered,Clear,49,0,Mechanical Failure,1,0.3083513279700869,1
2022-05,S003,P0006,Groceries,East,2992,1,1,0.10176532495695297,Truck_2,In Transit,Clear,24,0,Traffic,1,0.28366768400485787,0
2022-05,S003,P0007,Toys,East,3608,1,1,0.1154997620820359,Truck_2,Delivered,Detour,25,0,Traffic,1,0.2494075816668258,0
2022-05,S003,P0008,Toys,East,3293,0,1,0.14049329142720757,Truck_8,Delayed,Clear,20,1,Weather,0,0.6737387584772051,0
2022-05,S003,P0009,Furniture,North,3117,0,0,0.1031887349066953,Truck_9,Delayed,Heavy,56,1,Traffic,0,0.9680362716181871,0
2022-05,S003,P0010,Clothing,South,3814,1,0,0.46019781066542437,Truck_7,Delivered,Detour,31,0,Weather,1,0.35787220535010805,0
2022-05,S003,P0011,Groceries,South,3666,0,1,0.6186288223930173,Truck_6,Delayed,Clear,34,1,Weather,0,0.4968749067442599,0
2022-05,S003,P0012,Electronics,West,3138,0,0,0.31661760593440896,Truck_1,Delayed,Detour,52,1,Weather,0,0.5248544467563225,0
2022-05,S003,P0013,Electronics,South,3533,0,0,0.13311314169482777,Truck_7,Delayed,Clear,19,1,None,0,0.5069179663876022,0
2022-05,S003,P0014,Clothing,North,3705,0,1,0.1369977049493251,Truck_2,In Transit,Detour,41,0,None,1,0.22483896482356425,1
2022-05,S003,P0015,Groceries,West,3747,0,1,0.08250479371294593,Truck_5,Delayed,Detour,33,1,Weather,0,0.552889268266602,0
2022-05,S003,P0016,Furniture,South,3502,0,1,0.12721672394296948,Truck_2,Delayed,Detour,32,1,Traffic,0,0.6013552952058284,0
2022-05,S003,P0017,Toys,South,2967,0,0,0.21398008132233673,Truck_10,Delayed,Heavy,18,1,Weather,0,0.9751974285245326,0
2022-05,S003,P0018,Groceries,West,3122,0,1,0.30281171188962125,Truck_10,Delivered,Clear,60,0,Weather,1,0.3054164088338985,1
2022-05,S003,P0019,Electronics,South,3480,1,1,0.08496747905306794,Truck_4,Delayed,Heavy,38,1,Traffic,0,0.9743623009896879,0
2022-05,S003,P0020,Electronics,East,3837,0,1,0.2343893932849943,Truck_2,In Transit,Clear,31,0,Traffic,1,0.43558466443414984,1
2022-05,S004,P0001,Electronics,South,3309,0,1,0.3794111291089381,Truck_7,Delayed,Heavy,49,1,Weather,0,0.9597064256742501,0
2022-05,S004,P0002,Furniture,South,4031,0,1,0.3151227068973681,Truck_10,In Transit,Detour,41,0,None,1,0.35105274742360143,1
2022-05,S004,P0003,Clothing,South,3086,0,1,0.3261152659321951,Truck_8,Delivered,Clear,21,0,Traffic,1,0.2838712462967806,1
2022-05,S004,P0004,Toys,East,3569,0,1,0.1649437060349736,Truck_3,Delivered,Detour,24,0,None,1,0.4234161859873518,1
2022-05,S004,P0005,Groceries,North,4100,0,1,0.05837214297274271,Truck_4,Delayed,Clear,32,1,None,0,0.5785403371600983,0
2022-05,S004,P0006,Clothing,North,2838,0,1,0.11976860565849405,Truck_8,Delayed,Heavy,41,1,Weather,0,0.9807998370817167,0
2022-05,S004,P0007,Groceries,East,3818,0,1,0.2036175562625919,Truck_10,Delivered,Detour,24,0,Weather,1,0.33149861664010544,1
2022-05,S004,P0008,Groceries,South,3775,0,1,0.13240434720926467,Truck_5,Delayed,Detour,33,1,Weather,0,0.552889268266602,0
2022-05,S004,P0009,Clothing,South,3011,0,1,0.10946302939566628,Truck_10,Delivered,Heavy,19,1,Weather,0,0.9713127217363889,0
2022-05,S004,P0010,Furniture,South,3220,0,1,0.6054519476009779,Truck_3,Delayed,Clear,31,1,None,0,0.632186714721332,0
2022-05,S004,P0011,Electronics,West,3587,0,0,0.20831525258254835,Truck_10,Delayed,Heavy,38,1,Traffic,0,0.9763684686682381,0
2022-05,S004,P0012,Groceries,West,2903,0,1,0.22214481109086187,Truck_2,In Transit,Detour,25,0,Traffic,1,0.2899679391945711,1
2022-05,S004,P0013,Electronics,West,2589,0,0,0.10914310543725388,Truck_5,Delivered,Detour,13,0,Weather,1,0.2547673040028,1
2022-05,S004,P0014,Electronics,East,3436,0,0,0.11600565429553251,Truck_10,Delayed,Clear,49,1,None,0,0.5928614372114756,0
2022-05,S004,P0015,Electronics,South,3396,0,1,0.07530030783451033,Truck_4,Delayed,Heavy,14,1,None,0,0.9805170071961078,0
2022-05,S004,P0016,Electronics,South,4009,0,1,0.1279435670264419,Truck_10,In Transit,Clear,39,0,Weather,1,0.290191934175879,1
2022-05,S004,P0017,Groceries,South,3946,0,1,0.1640308458054546,Truck_1,In Transit,Detour,19,0,Weather,1,0.2599999859162452,1
2022-05,S004,P0018,Electronics,West,3644,0,1,0.2986132274975648,Truck_7,Delayed,Detour,23,1,None,0,0.5231501236814594,0
2022-05,S004,P0019,Clothing,East,3124,0,1,0.24590309758531803,Truck_3,Delivered,Heavy,20,1,Traffic,0,0.9769563505455879,0
2022-05,S004,P0020,Toys,West,3015,0,1,0.21842372610625432,Truck_4,Delayed,Detour,39,1,None,0,0.5100369767062964,0
2022-05,S005,P0001,Toys,East,3756,0,0,0.3972055102844733,Truck_3,In Transit,Heavy,12,1,None,0,0.98964446715445,0
2022-05,S005,P0002,Electronics,North,3275,0,1,0.2393496038440794,Truck_2,In Transit,Clear,39,0,None,1,0.20104829062807816,1
2022-05,S005,P0003,Toys,North,3568,0,0,0.45810460595234354,Truck_1,In Transit,Heavy,51,1,Weather,0,0.9796893803017709,0
2022-05,S005,P0004,Clothing,West,3437,0,1,0.11172154522899899,Truck_4,Delivered,Clear,35,0,Mechanical Failure,1,0.35869591396412076,1
2022-05,S005,P0005,Groceries,South,2983,0,1,0.189676610370871,Truck_10,Delayed,Clear,20,1,None,0,0.388604225601212,0
2022-05,S005,P0006,Furniture,West,2856,0,1,0.19753184708095733,Truck_8,Delayed,Detour,52,1,Traffic,0,0.4818217796274296,0
2022-05,S005,P0007,Groceries,West,3343,0,0,0.2425803492162806,Truck_10,Delayed,Detour,38,1,Traffic,0,0.5588860247335505,0
2022-05,S005,P0008,Clothing,East,3425,0,1,0.12746178298013794,Truck_3,Delayed,Detour,33,1,Traffic,0,0.439527266380287,0
2022-05,S005,P0009,Furniture,West,3568,0,0,0.16002193529273193,Truck_1,Delayed,Clear,58,1,None,0,0.43669877579575817,0
2022-05,S005,P0010,Furniture,South,3235,0,1,0.08859173136620482,Truck_3,Delivered,Detour,37,0,Mechanical Failure,1,0.28233100133220945,1
2022-05,S005,P0011,Electronics,East,3770,0,1,0.12498464316832966,Truck_3,Delayed,Clear,31,1,None,0,0.632186714721332,0
2022-05,S005,P0012,Electronics,West,3372,0,0,0.2948731652088223,Truck_10,Delayed,Detour,24,1,Weather,0,0.4410575651181199,0
2022-05,S005,P0013,Electronics,West,3314,0,0,0.26517649529566883,Truck_1,Delayed,Heavy,53,1,Traffic,0,0.984983607025153,0
2022-05,S005,P0014,Toys,West,3119,0,0,0.1316138506110904,Truck_4,In Transit,Heavy,50,1,Mechanical Failure,0,0.9808921728001012,0
2022-05,S005,P0015,Clothing,East,3477,0,1,0.3107791597229321,Truck_6,Delayed,Clear,41,1,Weather,0,0.22542999052672727,0
2022-05,S005,P0016,Electronics,East,3140,0,1,0.39002597572649345,Truck_5,Delayed,Detour,12,1,Mechanical Failure,0,0.6484601231636886,0
2022-05,S005,P0017,Clothing,North,3012,0,0,0.1712700682817056,Truck_7,Delayed,Detour,54,1,Mechanical Failure,0,0.46027383432614594,0
2022-05,S005,P0018,Toys,West,3397,0,1,0.06751625218887865,Truck_4,Delayed,Detour,23,1,Traffic,0,0.3807968530761518,0
2022-05,S005,P0019,Electronics,East,3214,0,1,0.313271995876821,Truck_7,In Transit,Heavy,54,1,Traffic,0,0.9876605275442087,0
2022-05,S005,P0020,Clothing,North,3974,0,0,0.347006343426488,Truck_6,In Transit,Detour,34,0,Mechanical Failure,1,0.3512583920539599,1
2022-06,S001,P0001,Clothing,North,3454,0,1,0.1419325092106727,Truck_7,Delivered,Detour,42,0,Mechanical Failure,1,0.4798921160547701,1
2022-06,S001,P0002,Clothing,South,3020,1,1,0.21590210314031802,Truck_5,In Transit,Clear,11,0,Weather,1,0.24862773356146822,0
2022-06,S001,P0003,Clothing,East,3511,0,1,0.11848612887938123,Truck_3,In Transit,Heavy,58,1,Mechanical Failure,0,0.9800127707775157,0
2022-06,S001,P0004,Toys,South,3529,0,0,0.205711024461026,Truck_10,Delayed,Detour,24,1,Weather,0,0.4410575651181199,0
2022-06,S001,P0005,Toys,East,3571,0,1,0.249293940922625,Truck_7,Delivered,Heavy,58,1,Traffic,0,0.9464520357524069,0
2022-06,S001,P0006,Groceries,West,3118,0,1,0.42181542799967714,Truck_8,Delivered,Detour,19,0,Mechanical Failure,1,0.25881278631863536,1
2022-06,S001,P0007,Toys,East,3253,0,1,0.1340761812755091,Truck_10,In Transit,Clear,51,0,None,1,0.39875482575697935,1
2022-06,S001,P0008,Toys,North,3237,0,1,0.1952083932468112,Truck_5,Delivered,Clear,15,0,None,1,0.307042513097058,1
2022-06,S001,P0009,Furniture,East,3282,0,1,0.3320993038633326,Truck_10,Delayed,Detour,24,1,Traffic,0,0.5220499852440789,0
2022-06,S001,P0010,Clothing,East,3691,0,0,0.18060660613362842,Truck_8,Delayed,Detour,47,1,None,0,0.4783704808065572,0
2022-06,S001,P0011,Electronics,South,3520,1,1,0.15408675124370602,Truck_1,Delivered,Detour,32,0,Traffic,1,0.2982892377728744,0
2022-06,S001,P0012,Clothing,East,2839,0,1,0.15079293383443104,Truck_1,Delayed,Heavy,60,1,None,0,0.9550483664980678,0
2022-06,S001,P0013,Toys,North,3287,0,1,0.46073198041080404,Truck_4,Delayed,Heavy,38,1,Traffic,0,0.9743623009896879,0
2022-06,S001,P0014,Toys,West,3214,0,0,0.29171149365321164,Truck_10,Delayed,Detour,39,1,Traffic,0,0.6577300925230456,0
2022-06,S001,P0015,Electronics,West,3711,0,1,0.31028514727246564,Truck_10,Delayed,Detour,21,1,Weather,0,0.6401907514192033,0
2022-06,S001,P0016,Clothing,East,3478,0,0,0.546827691365436,Truck_2,In Transit,Clear,31,0,Traffic,1,0.43558466443414984,1
2022-06,S001,P0017,Groceries,North,2986,0,0,0.3903272799456291,Truck_4,In Transit,Heavy,36,1,None,0,0.9750872603030103,0
2022-06,S001,P0018,Clothing,North,3133,0,1,0.24929239537919257,Truck_5,In Transit,Clear,50,0,Traffic,1,0.2257857588282054,1
2022-06,S001,P0019,Toys,West,3233,0,0,0.1402687430579885,Truck_9,Delivered,Detour,44,0,Traffic,1,0.2245834764093725,1
2022-06,S001,P0020,Electronics,West,3554,0,0,0.1508814249651974,Truck_6,Delivered,Detour,14,0,Weather,1,0.48331511818238804,1
2022-06,S002,P0001,Furniture,East,3311,0,1,0.8221192332885819,Truck_8,Delivered,Clear,56,0,Weather,1,0.2855368862179011,1
2022-06,S002,P0002,Groceries,North,2891,0,1,0.06168889410460375,Truck_1,In Transit,Clear,59,0,Weather,1,0.18729432876849955,1
2022-06,S002,P0003,Groceries,East,2542,1,0,0.09303656572986312,Truck_5,In Transit,Clear,18,0,Weather,1,0.29261281039038667,0
2022-06,S002,P0004,Furniture,East,2892,0,0,0.09853558247804658,Truck_3,Delivered,Detour,55,0,None,1,0.2828720985553868,1
2022-06,S002,P0005,Groceries,East,3547,0,0,0.11856921672714756,Truck_4,Delivered,Detour,34,0,Traffic,1,0.32504644390199267,1
2022-06,S002,P0006,Groceries,South,3605,0,1,0.41928701630945325,Truck_4,Delayed,Detour,36,1,None,0,0.45830997036666715,0
2022-06,S002,P0007,Furniture,East,2990,0,0,0.46800316815376714,Truck_8,In Transit,Clear,56,0,Traffic,1,0.2271016907107079,1
2022-06,S002,P0008,Groceries,South,3365,0,1,0.2762937565804197,Truck_10,In Transit,Clear,43,0,Traffic,1,0.26006813353085334,1
2022-06,S002,P0009,Furniture,South,3030,0,0,0.2805985242724955,Truck_4,Delayed,Heavy,37,1,None,0,0.9795043419642081,0
2022-06,S002,P0010,Furniture,East,3229,0,1,1.1352801915372768,Truck_9,Delivered,Detour,21,0,Mechanical Failure,1,0.2204849921299498,1
2022-06,S002,P0011,Clothing,East,3223,0,1,0.25648361211144766,Truck_10,Delayed,Heavy,19,1,Mechanical Failure,0,0.977402463929291,0
2022-06,S002,P0012,Toys,South,3334,0,1,0.08854070884106369,Truck_10,Delivered,Detour,24,0,Weather,1,0.33149861664010544,1
2022-06,S002,P0013,Groceries,West,3191,1,1,0.2131220229885879,Truck_10,Delivered,Detour,26,0,None,1,0.26794101664407366,0
2022-06,S002,P0014,Electronics,North,3163,0,1,0.09451475253053718,Truck_2,Delivered,Detour,47,0,Traffic,1,0.26881884119197647,1
2022-06,S002,P0015,Toys,West,3543,0,1,0.2680778240409886,Truck_8,In Transit,Detour,52,0,Mechanical Failure,1,0.3085515252594577,1
2022-06,S002,P0016,Electronics,West,2997,0,1,0.31717683021550364,Truck_2,Delayed,Heavy,39,1,Mechanical Failure,0,0.9586240807228864,0
2022-06,S002,P0017,Furniture,East,3549,0,1,0.14186251347648418,Truck_4,In Transit,Heavy,22,1,Weather,0,0.9868130404796203,0
2022-06,S002,P0018,Groceries,West,3345,0,1,0.2567808430095169,Truck_7,In Transit,Clear,49,0,Weather,1,0.27809805402610566,1
2022-06,S002,P0019,Electronics,North,3701,0,1,0.3306469347285267,Truck_3,Delayed,Heavy,54,1,Traffic,0,0.956223084404294,0
2022-06,S002,P0020,Furniture,West,3340,0,1,0.11938749258638705,Truck_8,Delivered,Heavy,20,1,Mechanical Failure,0,0.9425627689527105,0
2022-06,S003,P0001,Clothing,East,3667,0,1,0.3060382550652956,Truck_9,Delayed,Heavy,31,1,Mechanical Failure,0,0.9711999935405424,0
2022-06,S003,P0002,Electronics,South,3458,0,0,0.0797829493454268,Truck_5,Delayed,Detour,52,1,Weather,0,0.46530402411260213,0
2022-06,S003,P0003,Clothing,North,3131,0,0,0.29756271250801264,Truck_6,Delayed,Detour,33,1,Weather,0,0.4630381665487516,0
2022-06,S003,P0004,Electronics,East,3133,0,1,0.12096075796386356,Truck_2,In Transit,Clear,22,0,Mechanical Failure,1,0.21835664264975282,1
2022-06,S003,P0005,Toys,East,3610,0,0,0.15844464774264783,Truck_5,Delivered,Heavy,24,1,Traffic,0,0.9854099582599543,0
2022-06,S003,P0006,Furniture,South,2770,0,0,0.18477404600572406,Truck_8,Delayed,Heavy,16,1,None,0,0.9811875674946898,0
2022-06,S003,P0007,Clothing,West,3381,0,1,0.05579872631095845,Truck_10,In Transit,Clear,40,0,None,1,0.3503179435854966,1
2022-06,S003,P0008,Electronics,West,3499,0,1,0.11852908519391366,Truck_3,Delayed,Clear,31,1,Weather,0,0.6195335748508028,0
2022-06,S003,P0009,Toys,East,3594,0,0,0.5736297390756318,Truck_7,Delayed,Heavy,34,1,Traffic,0,0.9808741748781986,0
2022-06,S003,P0010,Groceries,South,3720,0,1,0.13528239533137726,Truck_3,Delayed,Clear,15,1,Traffic,0,0.48880025435833324,0
2022-06,S003,P0011,Clothing,East,3689,1,0,0.38153521102067234,Truck_4,Delivered,Heavy,13,1,Mechanical Failure,0,0.980155446602099,0
2022-06,S003,P0012,Furniture,West,3138,0,0,0.2860164890806455,Truck_7,In Transit,Clear,32,0,Weather,1,0.22494427598972244,1
2022-06,S003,P0013,Clothing,West,3066,0,0,0.505679550763706,Truck_7,Delivered,Detour,41,0,None,1,0.3149096167840695,1
2022-06,S003,P0014,Furniture,North,2979,0,1,0.16322153735930778,Truck_7,Delivered,Heavy,58,1,Mechanical Failure,0,0.9907095334809403,0
2022-06,S003,P0015,Clothing,South,3691,0,0,0.07479127822416638,Truck_8,Delivered,Detour,24,0,Mechanical Failure,1,0.24366075960552233,1
2022-06,S003,P0016,Groceries,North,3707,0,0,0.06993820930342612,Truck_4,Delivered,Heavy,41,1,Weather,0,0.9788956898189869,0
2022-06,S003,P0017,Groceries,North,3334,0,1,0.18722127646458542,Truck_4,Delayed,Clear,51,1,Mechanical Failure,0,0.4896721329266853,0
2022-06,S003,P0018,Electronics,West,3199,0,0,0.15996317370739907,Truck_1,Delivered,Detour,55,0,None,1,0.18712795785431666,1
2022-06,S003,P0019,Toys,West,2961,0,1,0.612084516193427,Truck_3,Delayed,Clear,46,1,Weather,0,0.6500293315211942,0
2022-06,S003,P0020,Clothing,North,3060,0,1,0.18385168195894516,Truck_1,In Transit,Detour,24,0,None,1,0.30953955152685103,1
2022-06,S004,P0001,Furniture,North,3538,0,1,0.16183341959640724,Truck_4,Delivered,Detour,41,0,None,1,0.29548523828994344,1
2022-06,S004,P0002,Furniture,South,3230,0,0,0.12862083865097504,Truck_7,Delayed,Clear,15,1,Mechanical Failure,0,0.5489599780042308,0
2022-06,S004,P0003,Toys,East,2840,0,1,0.1738498500594356,Truck_9,Delayed,Detour,13,1,Mechanical Failure,0,0.5464207348678469,0
2022-06,S004,P0004,Furniture,South,3217,0,1,0.15751332395665968,Truck_10,Delivered,Heavy,19,1,Weather,0,0.9713127217363889,0
2022-06,S004,P0005,Furniture,East,3484,1,1,0.15446398378588452,Truck_1,Delayed,Clear,14,1,Mechanical Failure,0,0.5313916215738532,0
2022-06,S004,P0006,Groceries,West,3020,1,1,0.4122864984029287,Truck_8,Delayed,Detour,47,1,None,0,0.4783704808065572,0
2022-06,S004,P0007,Clothing,South,3331,0,1,0.20426374624293092,Truck_8,Delivered,Heavy,27,1,Traffic,0,0.9622190611889562,0
2022-06,S004,P0008,Groceries,East,3816,0,1,0.3183869778554836,Truck_3,Delayed,Heavy,57,1,None,0,0.9785915949961776,0
2022-06,S004,P0009,Clothing,South,2883,0,1,0.27816421558344934,Truck_3,In Transit,Heavy,45,1,Weather,0,0.9702794616238412,0
2022-06,S004,P0010,Groceries,North,3525,0,0,0.09636977767744383,Truck_9,In Transit,Clear,34,0,Weather,1,0.2543068242619739,1
2022-06,S004,P0011,Clothing,North,3119,0,1,0.12535138934289106,Truck_2,In Transit,Detour,49,0,Mechanical Failure,1,0.2428993041319255,1
2022-06,S004,P0012,Clothing,North,3456,0,0,0.18451793528304863,Truck_7,In Transit,Clear,38,0,None,1,0.2586471134335007,1
2022-06,S004,P0013,Clothing,South,3660,0,1,0.2311543385506462,Truck_3,Delivered,Heavy,14,1,None,0,0.9915942978386909,0
2022-06,S004,P0014,Furniture,North,3336,0,1,0.11525965438882883,Truck_9,In Transit,Heavy,47,1,None,0,0.9710821832086011,0
2022-06,S004,P0015,Toys,East,3128,1,0,0.7640293676129359,Truck_9,In Transit,Detour,30,0,Traffic,1,0.3113285981323372,0
2022-06,S004,P0016,Clothing,North,3591,0,0,0.13721297137386712,Truck_6,In Transit,Clear,21,0,Weather,1,0.20678996860185905,1
2022-06,S004,P0017,Groceries,North,2833,0,1,0.6319244375043263,Truck_7,Delivered,Clear,36,0,Weather,1,0.3076638736337922,1
2022-06,S004,P0018,Clothing,North,3037,1,1,0.31477460013272446,Truck_1,Delivered,Detour,58,0,Weather,1,0.18565130530711255,0
2022-06,S004,P0019,Groceries,West,3415,0,1,0.27734104904986007,Truck_7,Delivered,Detour,60,0,Traffic,1,0.23372406114916836,1
2022-06,S004,P0020,Groceries,North,3256,0,1,0.2040060654249611,Truck_5,In Transit,Clear,38,0,Weather,1,0.25135960402371416,1
2022-06,S005,P0001,Clothing,East,3444,0,1,0.15894081307484698,Truck_10,Delayed,Clear,19,1,Weather,0,0.5071241695424729,0
2022-06,S005,P0002,Furniture,South,3015,0,0,0.11504610840879562,Truck_10,In Transit,Detour,28,0,Traffic,1,0.4163390184716642,1
2022-06,S005,P0003,Furniture,East,3068,0,1,0.3921142403343507,Truck_5,In Transit,Detour,44,0,Weather,1,0.2877497606479819,1
2022-06,S005,P0004,Furniture,West,3416,0,1,1.0217438669875305,Truck_5,Delivered,Heavy,39,1,Traffic,0,0.9755538886219008,0
2022-06,S005,P0005,Electronics,South,3655,0,1,0.1880266344011619,Truck_7,Delivered,Detour,47,0,Weather,1,0.33110557496546605,1
2022-06,S005,P0006,Electronics,West,3375,0,0,0.11523968206513939,Truck_1,Delayed,Detour,52,1,Weather,0,0.5248544467563225,0
2022-06,S005,P0007,Groceries,East,3141,0,1,0.22074882747927543,Truck_9,In Transit,Clear,10,0,None,1,0.320630724205837,1
2022-06,S005,P0008,Electronics,East,3253,0,1,0.0968442727875408,Truck_2,Delivered,Detour,51,0,Weather,1,0.2926926567616687,1
2022-06,S005,P0009,Clothing,South,3377,0,0,0.3411324564046534,Truck_7,In Transit,Heavy,27,1,Traffic,0,0.9810181306929178,0
2022-06,S005,P0010,Groceries,South,3791,0,0,0.2603290194994724,Truck_6,Delayed,Detour,35,1,None,0,0.38792933290367637,0
2022-06,S005,P0011,Clothing,East,3199,0,1,0.10170452339465431,Truck_5,Delivered,Heavy,16,1,Weather,0,0.976665869985894,0
2022-06,S005,P0012,Clothing,South,3229,0,0,0.13882707722530052,Truck_5,Delivered,Detour,57,0,Traffic,1,0.20158754570858706,1
2022-06,S005,P0013,Toys,East,3630,0,1,0.2229634250255644,Truck_4,Delivered,Detour,60,0,Weather,1,0.22056159420318613,1
2022-06,S005,P0014,Toys,South,3058,0,1,0.28662288172966544,Truck_2,Delivered,Heavy,13,1,Weather,0,0.9803448151748344,0
2022-06,S005,P0015,Groceries,South,2851,0,1,0.5642586946255254,Truck_9,Delayed,Detour,23,1,Weather,0,0.6117620556280537,0
2022-06,S005,P0016,Clothing,South,3645,0,0,0.11530388368454618,Truck_10,In Transit,Heavy,13,1,Weather,0,0.9825929810796115,0
2022-06,S005,P0017,Clothing,North,3439,0,1,0.09576241794774275,Truck_3,Delayed,Heavy,50,1,Traffic,0,0.9884113083339716,0
2022-06,S005,P0018,Furniture,North,3279,0,0,0.20095721752427734,Truck_5,Delivered,Clear,51,0,Traffic,1,0.316044641245697,1
2022-06,S005,P0019,Toys,North,2995,0,1,0.1569747939699714,Truck_10,Delivered,Clear,45,0,Weather,1,0.3973015609191573,1
2022-06,S005,P0020,Groceries,East,2969,1,1,0.4196451048484723,Truck_3,In Transit,Heavy,45,1,Weather,0,0.9702794616238412,0
2022-07,S001,P0001,Groceries,South,3662,0,0,0.2939296853809249,Truck_5,Delivered,Detour,58,0,Mechanical Failure,1,0.35481856187999283,1
2022-07,S001,P0002,Clothing,North,3429,0,1,0.13174942721797414,Truck_7,In Transit,Detour,53,0,Traffic,1,0.2571859295777331,1
2022-07,S001,P0003,Toys,East,3709,0,0,0.10179016639202579,Truck_4,In Transit,Clear,39,0,Mechanical Failure,1,0.3240776289715249,1
2022-07,S001,P0004,Groceries,West,3257,0,1,0.30347193926573646,Truck_7,In Transit,Heavy,55,1,None,0,0.9861866388041538,0
2022-07,S001,P0005,Toys,South,2963,0,1,0.124290712406489,Truck_5,In Transit,Detour,43,0,Mechanical Failure,1,0.3172237844848138,1
2022-07,S001,P0006,Clothing,North,3473,0,1,0.3612265141249406,Truck_4,Delivered,Detour,41,0,None,1,0.29548523828994344,1
2022-07,S001,P0007,Toys,West,3234,0,0,0.12342378093454785,Truck_4,In Transit,Detour,35,0,Mechanical Failure,1,0.298579832303596,1
2022-07,S001,P0008,Furniture,East,3175,0,1,0.21842660473722014,Truck_6,Delivered,Heavy,44,1,Mechanical Failure,0,0.9668531399227979,0
2022-07,S001,P0009,Electronics,South,3281,0,0,0.6062012307150223,Truck_8,Delayed,Heavy,41,1,Weather,0,0.9807998370817167,0
2022-07,S001,P0010,Clothing,East,3644,0,1,0.08618402438303922,Truck_10,Delivered,Heavy,45,1,Traffic,0,0.9732808037267485,0
2022-07,S001,P0011,Electronics,East,3460,0,1,0.33773506778846607,Truck_10,In Transit,Detour,28,0,Traffic,1,0.4163390184716642,1
2022-07,S001,P0012,Toys,West,3443,0,1,0.34783514618592165,Truck_4,Delivered,Clear,35,0,Mechanical Failure,1,0.37892567314853276,1
2022-07,S001,P0013,Clothing,North,3309,0,1,0.23931199476104248,Truck_10,In Transit,Clear,39,0,Weather,1,0.290191934175879,1
2022-07,S001,P0014,Groceries,North,3484,0,0,0.1722406430851406,Truck_10,Delivered,Heavy,37,1,None,0,0.9770578499643732,0
2022-07,S001,P0015,Furniture,East,3165,0,1,0.1169052243943617,Truck_6,Delayed,Clear,56,1,Weather,0,0.4094739318715844,0
2022-07,S001,P0016,Furniture,East,3474,0,0,0.12710478088687824,Truck_1,In Transit,Heavy,56,1,Weather,0,0.9845689734366467,0
2022-07,S001,P0017,Groceries,North,3233,1,1,0.39973861594869753,Truck_3,Delayed,Heavy,57,1,None,0,0.9785915949961776,0
2022-07,S001,P0018,Electronics,West,2715,1,0,0.20260872991055184,Truck_9,Delivered,Clear,30,0,None,1,0.2989762942992682,0
2022-07,S001,P0019,Groceries,East,3351,0,0,0.11638721694768968,Truck_4,Delayed,Heavy,23,1,Traffic,0,0.9511353334035058,0
2022-07,S001,P0020,Clothing,North,3303,0,1,0.14818366385783835,Truck_4,Delayed,Heavy,10,1,Traffic,0,0.9813675116308406,0
2022-07,S002,P0001,Electronics,North,3213,0,1,0.3944657049818237,Truck_2,Delayed,Detour,18,1,Weather,0,0.4926584471050884,0
2022-07,S002,P0002,Electronics,East,3474,0,1,0.49032404870218055,Truck_4,In Transit,Heavy,25,1,None,0,0.9661866928711759,0
2022-07,S002,P0003,Toys,North,3799,0,0,0.6852174842650993,Truck_10,Delivered,Detour,24,0,Weather,1,0.33149861664010544,1
2022-07,S002,P0004,Toys,East,3396,0,0,0.20242677082870922,Truck_7,In Transit,Clear,38,0,None,1,0.2586471134335007,1
2022-07,S002,P0005,Clothing,North,3885,1,1,0.1258870659482125,Truck_10,Delayed,Detour,23,1,Traffic,0,0.604026306209263,0
2022-07,S002,P0006,Furniture,North,3663,0,0,0.2045117766992074,Truck_8,Delayed,Detour,52,1,Traffic,0,0.4818217796274296,0
2022-07,S002,P0007,Clothing,East,3306,0,0,0.16410011035910124,Truck_3,Delivered,Detour,59,0,Weather,1,0.4513235075905683,1
2022-07,S002,P0008,Clothing,South,2860,0,1,0.12537079720828506,Truck_3,Delivered,Clear,50,0,None,1,0.2791450747367902,1
2022-07,S002,P0009,Electronics,East,2964,0,0,0.1849432856808866,Truck_9,In Transit,Clear,37,0,Weather,1,0.25792473031572577,1
2022-07,S002,P0010,Clothing,North,3237,0,1,0.5123625919973755,Truck_2,Delayed,Heavy,54,1,Mechanical Failure,0,0.9855113621644155,0
2022-07,S002,P0011,Furniture,South,3248,0,0,0.1128483839169635,Truck_4,Delayed,Clear,51,1,Mechanical Failure,0,0.4896721329266853,0
2022-07,S002,P0012,Electronics,South,3405,0,1,0.1522995035821701,Truck_5,Delayed,Detour,54,1,Weather,0,0.4963183056862464,0
2022-07,S002,P0013,Toys,South,3113,0,1,0.17722965662512327,Truck_2,Delayed,Detour,18,1,Weather,0,0.4926584471050884,0
2022-07,S002,P0014,Toys,North,3459,0,1,0.2985021342503262,Truck_9,Delivered,Detour,49,0,None,1,0.2731283213083109,1
2022-07,S002,P0015,Electronics,East,3709,0,0,0.1912573057837753,Truck_8,Delayed,Detour,49,1,None,0,0.5552470892683935,0
2022-07,S002,P0016,Toys,East,3661,0,1,0.15503509773213586,Truck_4,Delayed,Detour,18,1,Mechanical Failure,0,0.623622090840576,0
2022-07,S002,P0017,Clothing,East,3429,0,1,0.16045774726688544,Truck_1,In Transit,Detour,35,0,Weather,1,0.3125237873206176,1
2022-07,S002,P0018,Clothing,West,3120,0,0,0.16235708635187168,Truck_9,Delayed,Detour,22,1,Mechanical Failure,0,0.424681987118813,0
2022-07,S002,P0019,Electronics,South,4047,0,1,0.10941816447056167,Truck_3,Delayed,Clear,46,1,Weather,0,0.6500293315211942,0
2022-07,S002,P0020,Clothing,West,3374,0,1,0.14323099655790186,Truck_2,In Transit,Detour,49,0,Mechanical Failure,1,0.2428993041319255,1
2022-07,S003,P0001,Groceries,East,3493,0,1,0.21964688094340842,Truck_10,Delayed,Detour,52,1,Mechanical Failure,0,0.6222093157143014,0
2022-07,S003,P0002,Toys,East,3235,1,1,0.1238569975197827,Truck_3,In Transit,Detour,52,0,Traffic,1,0.3047306715882752,0
2022-07,S003,P0003,Groceries,South,3533,0,1,0.11978030398256224,Truck_10,In Transit,Heavy,18,1,None,0,0.9741828406587009,0
2022-07,S003,P0004,Electronics,North,3263,0,1,0.12632405552621842,Truck_1,In Transit,Heavy,50,1,Mechanical Failure,0,0.9662684846910008,0
2022-07,S003,P0005,Clothing,East,3441,0,1,0.11143538949096977,Truck_1,Delayed,Detour,36,1,Weather,0,0.3723038897878632,0
2022-07,S003,P0006,Electronics,South,3474,1,1,0.14390097773944355,Truck_3,Delayed,Detour,23,1,Mechanical Failure,0,0.46303178632185665,0
2022-07,S003,P0007,Clothing,North,3432,0,0,0.17536623498788867,Truck_8,In Transit,Detour,11,0,None,1,0.29539245478974135,1
2022-07,S003,P0008,Groceries,North,3162,0,1,0.09711249515685495,Truck_8,Delivered,Heavy,34,1,Mechanical Failure,0,0.9749077186577619,0
2022-07,S003,P0009,Electronics,West,3422,1,1,0.12998283589097562,Truck_6,Delayed,Clear,34,1,Weather,0,0.4968749067442599,0
2022-07,S003,P0010,Toys,South,3379,0,1,0.09531539261329654,Truck_6,Delivered,Detour,55,0,None,1,0.3851846530942323,1
2022-07,S003,P0011,Furniture,West,3143,0,0,0.3171055760723547,Truck_5,In Transit,Clear,40,0,Weather,1,0.3220324303399337,1
2022-07,S003,P0012,Furniture,South,3335,0,1,0.14528668192926586,Truck_5,Delayed,Heavy,25,1,None,0,0.9508449430593577,0
2022-07,S003,P0013,Furniture,West,3386,0,0,0.34033170552270176,Truck_5,In Transit,Heavy,35,1,Traffic,0,0.9741743516827859,0
2022-07,S003,P0014,Groceries,East,3342,0,1,0.2720417449035806,Truck_2,In Transit,Detour,25,0,Traffic,1,0.2899679391945711,1
2022-07,S003,P0015,Clothing,East,3172,0,0,0.16572200794301142,Truck_6,In Transit,Clear,43,0,Traffic,1,0.23035389529623085,1
2022-07,S003,P0016,Groceries,North,3044,0,0,0.28520078633270224,Truck_2,Delayed,Detour,10,1,Traffic,0,0.591487037211041,0
2022-07,S003,P0017,Furniture,East,3331,0,1,0.47526179393735973,Truck_10,Delivered,Heavy,17,1,Weather,0,0.9858739294247314,0
2022-07,S003,P0018,Clothing,West,3622,0,1,0.15496100797353157,Truck_1,Delayed,Heavy,34,1,Mechanical Failure,0,0.9748970026211302,0
2022-07,S003,P0019,Furniture,South,3354,0,1,0.20877528584216984,Truck_8,In Transit,Detour,12,0,Weather,1,0.32841463545013283,1
2022-07,S003,P0020,Toys,East,3346,0,1,0.4767444350282613,Truck_7,Delivered,Heavy,19,1,Weather,0,0.9706414852988999,0
2022-07,S004,P0001,Electronics,South,3168,0,1,0.6089377790117074,Truck_2,Delayed,Heavy,18,1,Traffic,0,0.9836877609741076,0
2022-07,S004,P0002,Clothing,East,3416,0,1,0.34591719118679254,Truck_8,Delayed,Detour,27,1,None,0,0.3030831488929916,0
2022-07,S004,P0003,Clothing,North,2954,0,0,0.13498833025238194,Truck_9,In Transit,Detour,54,0,Mechanical Failure,1,0.2733962376917893,1
2022-07,S004,P0004,Toys,North,3359,0,1,0.27113821855557096,Truck_5,In Transit,Heavy,35,1,Traffic,0,0.9741743516827859,0
2022-07,S004,P0005,Furniture,North,3043,0,1,0.12938499247666654,Truck_10,Delivered,Heavy,22,1,None,0,0.9788149661704009,0
2022-07,S004,P0006,Toys,South,3155,0,1,0.13896286725777002,Truck_10,In Transit,Heavy,27,1,Traffic,0,0.9792934666405623,0
2022-07,S004,P0007,Toys,East,3114,0,0,0.11835604513685022,Truck_4,Delivered,Detour,31,0,Weather,1,0.3525699335423304,1
2022-07,S004,P0008,Clothing,East,3549,0,0,0.37451758063077284,Truck_7,Delayed,Detour,27,1,None,0,0.39172364171662055,0
2022-07,S004,P0009,Groceries,West,3113,1,1,0.08715090770634945,Truck_10,Delivered,Heavy,14,1,Mechanical Failure,0,0.9816542336385754,0
2022-07,S004,P0010,Electronics,East,3354,0,1,0.20137845617836153,Truck_5,Delivered,Heavy,18,1,Weather,0,0.9700000712727217,0
2022-07,S004,P0011,Clothing,East,3436,1,1,0.15507676629692696,Truck_8,Delivered,Detour,13,0,Weather,1,0.2777277579231313,0
2022-07,S004,P0012,Electronics,North,3697,0,1,0.16027624229769868,Truck_4,In Transit,Clear,41,0,Weather,1,0.31647392566472826,1
2022-07,S004,P0013,Furniture,South,3866,0,1,0.11726459184558824,Truck_1,In Transit,Clear,22,0,None,1,0.262234734237535,1
2022-07,S004,P0014,Clothing,North,3430,0,1,0.23827613721576157,Truck_4,Delivered,Detour,21,0,None,1,0.340495357348626,1
2022-07,S004,P0015,Electronics,East,3239,0,1,0.19547781673686476,Truck_10,In Transit,Detour,32,0,Weather,1,0.47678574902481335,1
2022-07,S004,P0016,Furniture,South,3897,0,1,0.28647640384163736,Truck_4,Delivered,Clear,35,0,None,1,0.3326474712659446,1
2022-07,S004,P0017,Toys,West,3293,0,0,0.20637336937998127,Truck_4,Delayed,Detour,33,1,Weather,0,0.520379271236972,0
2022-07,S004,P0018,Groceries,South,3374,0,1,0.2115991188157988,Truck_6,In Transit,Clear,51,0,Mechanical Failure,1,0.19893388449949356,1
2022-07,S004,P0019,Clothing,North,3003,0,0,0.4528299402078054,Truck_1,Delivered,Detour,58,0,Weather,1,0.18565130530711255,1
2022-07,S004,P0020,Groceries,East,3005,0,0,0.08144066368950638,Truck_8,In Transit,Clear,31,0,Traffic,1,0.27940844091467154,1
2022-07,S005,P0001,Furniture,West,2816,0,1,0.1310578599146082,Truck_7,Delayed,Heavy,49,1,Weather,0,0.9597064256742501,0
2022-07,S005,P0002,Clothing,West,3184,0,1,0.10717972621260674,Truck_4,Delivered,Heavy,25,1,Mechanical Failure,0,0.9749621131624429,0
2022-07,S005,P0003,Toys,North,3396,0,1,0.14575445050957683,Truck_10,Delayed,Detour,21,1,Weather,0,0.6401907514192033,0
2022-07,S005,P0004,Toys,East,3179,0,1,0.20185915052011005,Truck_7,In Transit,Clear,26,0,None,1,0.34382650342377297,1
2022-07,S005,P0005,Toys,West,3693,0,1,0.14202665083637303,Truck_4,Delayed,Detour,34,1,Mechanical Failure,0,0.47167966879836803,0
2022-07,S005,P0006,Electronics,East,3390,0,1,0.46842020679765506,Truck_5,Delivered,Heavy,16,1,Weather,0,0.976665869985894,0
2022-07,S005,P0007,Toys,East,3103,1,1,0.24019285838062607,Truck_3,In Transit,Detour,16,0,Traffic,1,0.303131201277913,0
2022-07,S005,P0008,Electronics,North,2920,0,0,0.11787397345630596,Truck_1,In Transit,Heavy,50,1,Mechanical Failure,0,0.9790497757365457,0
2022-07,S005,P0009,Clothing,East,3609,0,1,0.12944143900307822,Truck_3,In Transit,Detour,24,0,Weather,1,0.379819700124731,1
2022-07,S005,P0010,Clothing,East,3283,0,1,0.2288095225312646,Truck_5,In Transit,Detour,32,0,Traffic,1,0.24778830203314578,1
2022-07,S005,P0011,Electronics,East,3441,0,0,0.7296937789657001,Truck_5,Delivered,Detour,56,0,Weather,1,0.27973469772634724,1
2022-07,S005,P0012,Furniture,East,3796,0,0,1.0510345920883275,Truck_9,Delivered,Detour,20,0,Mechanical Failure,1,0.2659641868775748,1
2022-07,S005,P0013,Electronics,East,3101,1,0,0.1822237973020607,Truck_2,In Transit,Heavy,22,1,Weather,0,0.9786740362846987,0
2022-07,S005,P0014,Electronics,East,3094,0,1,0.2725127942693918,Truck_5,Delayed,Detour,46,1,None,0,0.4380196623219474,0
2022-07,S005,P0015,Furniture,East,3401,1,1,0.21899854293984106,Truck_7,In Transit,Clear,59,0,None,1,0.29337503834385353,0
2022-07,S005,P0016,Furniture,East,3079,0,0,0.08309360364696614,Truck_2,In Transit,Heavy,22,1,None,0,0.9791889905448659,0
2022-07,S005,P0017,Clothing,East,3063,0,1,0.16950575775633356,Truck_2,Delayed,Detour,23,1,Mechanical Failure,0,0.4344249684303547,0
2022-07,S005,P0018,Groceries,North,3854,0,0,0.21726430959585674,Truck_4,In Transit,Clear,30,0,Traffic,1,0.21783434361995765,1
2022-07,S005,P0019,Clothing,North,3687,0,1,0.13808984034331764,Truck_3,Delayed,Heavy,14,1,Mechanical Failure,0,0.975207049256852,0
2022-07,S005,P0020,Clothing,West,3286,0,0,0.09018058982803417,Truck_4,Delivered,Detour,21,0,None,1,0.340495357348626,1
2022-08,S001,P0001,Electronics,West,3253,0,1,0.24361843162839794,Truck_1,Delivered,Heavy,36,1,Mechanical Failure,0,0.9801899866129744,0
2022-08,S001,P0002,Clothing,North,3219,0,1,0.2187008280912827,Truck_5,Delivered,Detour,58,0,Mechanical Failure,1,0.35481856187999283,1
2022-08,S001,P0003,Furniture,East,3271,0,1,0.09165568333172885,Truck_8,Delivered,Detour,21,0,Mechanical Failure,1,0.31821990159718827,1
2022-08,S001,P0004,Electronics,West,3411,0,0,0.15305804246308152,Truck_1,Delayed,Clear,20,1,Weather,0,0.45404944071307957,0
2022-08,S001,P0005,Groceries,North,3378,0,0,0.18599055308892193,Truck_1,In Transit,Detour,20,0,Weather,1,0.3400140952399832,1
2022-08,S001,P0006,Electronics,North,3665,1,0,0.20153389921398993,Truck_10,Delayed,Clear,16,1,Mechanical Failure,0,0.613785960465118,0
2022-08,S001,P0007,Electronics,East,3296,0,0,0.11126277256447618,Truck_9,In Transit,Detour,30,0,Traffic,1,0.3113285981323372,1
2022-08,S001,P0008,Toys,West,3561,0,1,0.13807054826169718,Truck_2,In Transit,Detour,43,0,Weather,1,0.28688590728520696,1
2022-08,S001,P0009,Toys,East,3449,0,0,0.13797057078387107,Truck_9,Delivered,Detour,44,0,Traffic,1,0.2245834764093725,1
2022-08,S001,P0010,Furniture,North,3598,0,1,0.09798118309797757,Truck_4,In Transit,Clear,10,0,Weather,1,0.3342126476488035,1
2022-08,S001,P0011,Clothing,East,3779,0,0,0.49266456144478643,Truck_9,In Transit,Clear,51,0,Mechanical Failure,1,0.3621239031672847,1
2022-08,S001,P0012,Toys,East,3100,0,0,0.4325403972215356,Truck_6,Delivered,Heavy,22,1,None,0,0.9849028619411131,0
2022-08,S001,P0013,Toys,South,3331,0,1,0.7026673395622829,Truck_7,Delivered,Detour,49,0,Traffic,1,0.2863221907830662,1
2022-08,S001,P0014,Furniture,North,3580,0,1,0.13444890086695158,Truck_9,In Transit,Heavy,11,1,None,0,0.9841216775718705,0
2022-08,S001,P0015,Electronics,East,2952,0,1,0.8688824627077785,Truck_9,Delivered,Detour,21,0,Mechanical Failure,1,0.2204849921299498,1
2022-08,S001,P0016,Electronics,East,3640,0,0,0.28566063215101406,Truck_4,In Transit,Heavy,44,1,Weather,0,0.978448048682212,0
2022-08,S001,P0017,Clothing,West,3757,0,0,0.18287105804881068,Truck_6,Delayed,Heavy,50,1,Weather,0,0.9863184887099272,0
2022-08,S001,P0018,Furniture,East,3224,1,0,0.280363925190856,Truck_10,Delayed,Heavy,32,1,Mechanical Failure,0,0.9798551556232715,0
2022-08,S001,P0019,Groceries,East,3345,0,1,0.25201440492945015,Truck_1,In Transit,Detour,35,0,Weather,1,0.3125237873206176,1
2022-08,S001,P0020,Electronics,West,3793,1,1,0.3500630783306795,Truck_7,Delayed,Clear,23,1,None,0,0.47049769229891014,0
2022-08,S002,P0001,Toys,West,3220,0,0,0.311305019026092,Truck_4,Delayed,Heavy,10,1,Traffic,0,0.9813675116308406,0
2022-08,S002,P0002,Furniture,North,3552,0,0,0.1973909292840446,Truck_2,In Transit,Heavy,22,1,Weather,0,0.9786740362846987,0
2022-08,S002,P0003,Electronics,West,3373,0,1,0.1652441789275348,Truck_5,Delayed,Heavy,26,1,Traffic,0,0.9810946403948962,0
2022-08,S002,P0004,Groceries,West,3726,0,1,0.4035363131681895,Truck_4,Delayed,Clear,19,1,Mechanical Failure,0,0.6588784368888934,0
2022-08,S002,P0005,Toys,South,2921,0,0,0.5111825182763401,Truck_10,Delivered,Clear,57,0,Traffic,1,0.28455688211621366,1
2022-08,S002,P0006,Clothing,West,3213,0,1,0.26351914896142475,Truck_3,Delayed,Detour,38,1,Weather,0,0.32683628722282293,0
2022-08,S002,P0007,Electronics,East,2897,0,1,0.33060241633166704,Truck_2,Delayed,Detour,23,1,Mechanical Failure,0,0.4344249684303547,0
2022-08,S002,P0008,Furniture,North,3315,0,1,0.7422514774287758,Truck_5,Delayed,Clear,41,1,Mechanical Failure,0,0.5651039792319092,0
2022-08,S002,P0009,Groceries,North,3459,0,1,0.135821589307232,Truck_4,Delayed,Clear,29,1,Weather,0,0.520169373756851,0
2022-08,S002,P0010,Electronics,North,3602,0,1,0.13359711545105293,Truck_8,In Transit,Detour,16,0,Weather,1,0.28858269091889543,1
2022-08,S002,P0011,Electronics,South,2877,0,0,0.14200851800739026,Truck_10,Delivered,Heavy,27,1,Traffic,0,0.9556370555584714,0
2022-08,S002,P0012,Electronics,East,3825,1,1,0.08808602969976226,Truck_3,Delayed,Heavy,50,1,Traffic,0,0.9894355942651998,0
2022-08,S002,P0013,Clothing,South,3738,0,1,0.2725936286075783,Truck_1,In Transit,Detour,49,0,None,1,0.30551886874361783,1
2022-08,S002,P0014,Clothing,East,3530,0,1,0.09012015985385212,Truck_5,Delivered,Detour,11,0,None,1,0.3218375251644954,1
2022-08,S002,P0015,Furniture,West,3672,0,1,0.434707796218666,Truck_3,Delivered,Clear,32,0,None,1,0.2904253085696994,1
2022-08,S002,P0016,Electronics,North,3709,0,1,0.12678291405636338,Truck_9,Delivered,Clear,12,0,Weather,1,0.23322958093643142,1
2022-08,S002,P0017,Groceries,West,3382,0,1,0.10441270321258252,Truck_8,Delayed,Clear,53,1,Mechanical Failure,0,0.3166204253765713,0
2022-08,S002,P0018,Clothing,East,3231,1,1,0.2955780559834774,Truck_10,Delivered,Heavy,36,1,Traffic,0,0.9760971633641518,0
2022-08,S002,P0019,Clothing,West,3572,0,0,0.4002385404701084,Truck_10,Delayed,Heavy,38,1,Traffic,0,0.9763684686682381,0
2022-08,S002,P0020,Groceries,North,3101,0,1,0.31242474406172027,Truck_1,Delivered,Detour,12,0,Traffic,1,0.2633774141099935,1
2022-08,S003,P0001,Groceries,East,3788,0,1,0.12270604999147106,Truck_3,In Transit,Detour,54,0,None,1,0.32627612284162166,1
2022-08,S003,P0002,Electronics,North,3357,0,0,0.3207896153996609,Truck_4,Delayed,Detour,12,1,Traffic,0,0.5169707526697923,0
2022-08,S003,P0003,Groceries,South,3213,0,0,0.12879122522652492,Truck_4,Delayed,Heavy,14,1,None,0,0.9805170071961078,0
2022-08,S003,P0004,Groceries,East,3078,0,1,0.3168584934343127,Truck_9,Delayed,Clear,10,1,None,0,0.7104932047624721,0
2022-08,S003,P0005,Electronics,East,3136,0,0,0.08496647875555909,Truck_9,Delivered,Detour,20,0,Mechanical Failure,1,0.2659641868775748,1
2022-08,S003,P0006,Toys,North,3146,0,1,0.25810030545234536,Truck_6,Delayed,Detour,16,1,None,0,0.6156110404462695,0
2022-08,S003,P0007,Groceries,North,3044,0,0,0.2452153200699677,Truck_2,Delayed,Detour,10,1,Traffic,0,0.591487037211041,0
2022-08,S003,P0008,Electronics,North,3045,0,1,0.25183489899344147,Truck_2,Delayed,Detour,31,1,Weather,0,0.44559247526643975,0
2022-08,S003,P0009,Groceries,West,3432,1,1,0.13139484458359826,Truck_2,Delivered,Detour,25,0,Traffic,1,0.2494075816668258,0
2022-08,S003,P0010,Electronics,East,3065,0,0,0.08897308403331385,Truck_2,Delayed,Clear,49,1,None,0,0.6855263037012459,0
2022-08,S003,P0011,Clothing,West,2973,0,0,0.10636912609996094,Truck_3,Delivered,Detour,38,0,None,1,0.2867709518656788,1
2022-08,S003,P0012,Toys,South,3633,0,0,0.09704512177946047,Truck_2,Delivered,Detour,23,0,None,1,0.2843405692016541,1
2022-08,S003,P0013,Groceries,East,2680,0,1,0.10847838008480018,Truck_7,In Transit,Heavy,28,1,None,0,0.9883464215192843,0
2022-08,S003,P0014,Clothing,North,3161,0,1,0.2880298425163905,Truck_8,In Transit,Clear,14,0,Weather,1,0.28556982988934987,1
2022-08,S003,P0015,Clothing,East,3257,0,1,0.2247109205807101,Truck_2,Delayed,Detour,32,1,Traffic,0,0.6013552952058284,0
2022-08,S003,P0016,Electronics,East,3682,0,1,0.1367887843580089,Truck_9,Delayed,Heavy,54,1,Traffic,0,0.9750360396683925,0
2022-08,S003,P0017,Toys,South,3799,0,0,0.11444309744297922,Truck_2,In Transit,Heavy,30,1,Weather,0,0.9773272490727245,0
2022-08,S003,P0018,Furniture,West,3688,0,1,0.15336164581856923,Truck_3,In Transit,Clear,36,0,None,1,0.2737888381289732,1
2022-08,S003,P0019,Clothing,North,3974,1,1,0.3581586630878574,Truck_3,Delivered,Heavy,45,1,Weather,0,0.9771887534345742,0
2022-08,S003,P0020,Groceries,West,3663,0,0,0.41231148154351255,Truck_7,Delivered,Clear,24,0,Weather,1,0.27009671057277174,1
2022-08,S004,P0001,Furniture,North,3280,0,1,0.12300341884529582,Truck_5,Delayed,Clear,20,1,Traffic,0,0.5420000797169867,0
2022-08,S004,P0002,Electronics,West,3477,1,1,0.6992945742340592,Truck_8,In Transit,Clear,29,0,Mechanical Failure,1,0.37914947306456753,0
2022-08,S004,P0003,Electronics,South,3605,1,1,0.2566565394111329,Truck_6,Delayed,Clear,20,1,None,0,0.7291039978892789,0
2022-08,S004,P0004,Electronics,East,3243,0,1,0.1984549435851879,Truck_8,In Transit,Clear,14,0,Weather,1,0.28556982988934987,1
2022-08,S004,P0005,Furniture,East,3264,0,1,0.10539060540173129,Truck_1,Delayed,Heavy,17,1,Weather,0,0.9667544822762015,0
2022-08,S004,P0006,Electronics,South,3429,0,1,0.3957757466442531,Truck_5,Delayed,Heavy,20,1,Weather,0,0.9870038983632077,0
2022-08,S004,P0007,Groceries,West,3447,0,1,0.5180120453287248,Truck_1,Delayed,Clear,41,1,None,0,0.4277332283697192,0
2022-08,S004,P0008,Clothing,East,2844,0,0,0.20453877869400955,Truck_10,Delivered,Heavy,44,1,None,0,0.9870580051623787,0
2022-08,S004,P0009,Clothing,West,3522,1,1,0.21206763425928082,Truck_4,Delayed,Heavy,10,1,Traffic,0,0.9813675116308406,0
2022-08,S004,P0010,Toys,East,3447,0,1,0.24336322128169072,Truck_7,In Transit,Heavy,20,1,Traffic,0,0.9704330982142655,0
2022-08,S004,P0011,Clothing,West,3397,0,1,0.07492098943002118,Truck_5,In Transit,Clear,11,0,Weather,1,0.24862773356146822,1
2022-08,S004,P0012,Electronics,East,3534,0,1,0.32580626277066477,Truck_8,Delivered,Clear,51,0,Weather,1,0.3125018079891081,1
2022-08,S004,P0013,Toys,East,3855,0,1,0.1046845026469429,Truck_7,Delayed,Clear,56,1,None,0,0.6065876800637091,0
2022-08,S004,P0014,Toys,North,3614,0,0,0.33905907784540673,Truck_6,Delivered,Heavy,29,1,None,0,0.9760454463242171,0
2022-08,S004,P0015,Clothing,East,3452,0,1,0.3165011161173873,Truck_1,In Transit,Detour,19,0,Weather,1,0.2599999859162452,1
2022-08,S004,P0016,Clothing,East,3761,0,1,0.1066291212995099,Truck_4,Delivered,Clear,52,0,Mechanical Failure,1,0.3230095068306333,1
2022-08,S004,P0017,Toys,West,3136,0,0,0.5009194541095323,Truck_3,In Transit,Heavy,58,1,Traffic,0,0.9736625655046709,0
2022-08,S004,P0018,Clothing,East,3242,0,0,0.44110843182714077,Truck_7,Delayed,Detour,54,1,Mechanical Failure,0,0.46027383432614594,0
2022-08,S004,P0019,Toys,North,3738,0,1,0.3369474612808366,Truck_9,Delayed,Clear,10,1,None,0,0.7104932047624721,0
2022-08,S004,P0020,Groceries,West,3813,0,1,0.12077673272622678,Truck_1,In Transit,Heavy,38,1,Weather,0,0.9747563838272191,0
2022-08,S005,P0001,Electronics,West,3961,0,1,0.11210452607986829,Truck_1,In Transit,Clear,34,0,None,1,0.268305837209293,1
2022-08,S005,P0002,Groceries,South,3012,1,1,0.20843606387507635,Truck_2,Delivered,Heavy,44,1,None,0,0.9781215555873222,0
2022-08,S005,P0003,Clothing,West,3902,0,0,0.11477595944943102,Truck_5,Delayed,Detour,35,1,None,0,0.49864308675501695,0
2022-08,S005,P0004,Clothing,North,3413,0,0,0.29759648326247995,Truck_6,Delivered,Clear,38,0,Weather,1,0.18237036662933748,1
2022-08,S005,P0005,Furniture,East,3614,0,1,0.18048825232182727,Truck_9,Delayed,Clear,43,1,Traffic,0,0.37369949879620745,0
2022-08,S005,P0006,Toys,West,3230,0,1,0.1755231953140913,Truck_6,Delivered,Clear,38,0,Weather,1,0.1834667332623227,1
2022-08,S005,P0007,Clothing,West,3102,0,0,0.2821237061771554,Truck_7,Delivered,Detour,48,0,None,1,0.31093136686952755,1
2022-08,S005,P0008,Furniture,West,3595,0,0,0.26557310680127455,Truck_6,Delayed,Clear,56,1,Weather,0,0.4094739318715844,0
2022-08,S005,P0009,Clothing,South,3221,0,1,0.11615044815703188,Truck_2,Delivered,Heavy,18,1,None,0,0.9826354288467033,0
2022-08,S005,P0010,Clothing,West,3407,1,1,0.11415688288561149,Truck_8,In Transit,Detour,38,0,Weather,1,0.2659649545688884,0
2022-08,S005,P0011,Groceries,East,3205,0,1,0.12029139770215906,Truck_4,Delivered,Detour,21,0,None,1,0.340495357348626,1
2022-08,S005,P0012,Groceries,West,3191,0,1,0.12374113300778661,Truck_10,In Transit,Detour,35,0,None,1,0.5406957866298473,1
2022-08,S005,P0013,Furniture,North,3395,0,1,0.3389292918645691,Truck_8,Delayed,Detour,11,1,Weather,0,0.43601495585977046,0
2022-08,S005,P0014,Clothing,West,3612,0,1,0.2268545416025694,Truck_5,Delayed,Heavy,37,1,Traffic,0,0.9828523285436759,0
2022-08,S005,P0015,Electronics,South,3842,0,0,0.13484743775427177,Truck_3,Delivered,Detour,31,0,Mechanical Failure,1,0.24879992703487358,1
2022-08,S005,P0016,Toys,North,3349,0,1,0.1932578699164752,Truck_2,Delivered,Detour,52,0,None,1,0.3038716249033631,1
2022-08,S005,P0017,Electronics,East,3691,0,0,0.20315859387252655,Truck_9,Delivered,Clear,17,0,None,1,0.34569373342218357,1
2022-08,S005,P0018,Electronics,North,3460,1,1,0.4366515154810331,Truck_7,Delivered,Heavy,46,1,Traffic,0,0.9743191709187055,0
2022-08,S005,P0019,Toys,North,3333,1,1,0.1526059058134841,Truck_8,In Transit,Detour,47,0,Weather,1,0.29749925208839195,0
2022-08,S005,P0020,Furniture,West,3412,1,1,0.10097395533468596,Truck_3,In Transit,Detour,59,0,Mechanical Failure,1,0.2471376890786343,0
2022-09,S001,P0001,Clothing,South,3078,0,1,0.10912690527296802,Truck_8,In Transit,Detour,38,0,Weather,1,0.2659649545688884,1
2022-09,S001,P0002,Groceries,East,3510,0,1,0.27462438196695016,Truck_9,Delivered,Clear,16,0,None,1,0.36235851315122625,1
2022-09,S001,P0003,Clothing,North,3243,0,1,0.16285201714447306,Truck_7,Delayed,Heavy,34,1,Traffic,0,0.9808741748781986,0
2022-09,S001,P0004,Electronics,South,2956,0,1,0.3997657326074872,Truck_10,Delivered,Heavy,14,1,Mechanical Failure,0,0.9816542336385754,0
2022-09,S001,P0005,Groceries,East,3001,0,1,0.20836089973749863,Truck_10,Delayed,Heavy,38,1,Traffic,0,0.9763684686682381,0
2022-09,S001,P0006,Groceries,West,3408,0,1,0.10229400090317504,Truck_8,Delayed,Clear,12,1,Mechanical Failure,0,0.4226257422494281,0
2022-09,S001,P0007,Electronics,West,3470,0,1,0.20787056105660645,Truck_2,Delivered,Heavy,18,1,None,0,0.9826354288467033,0
2022-09,S001,P0008,Clothing,West,3071,0,1,0.22518415369416853,Truck_9,In Transit,Clear,24,0,Traffic,1,0.3405223175043685,1
2022-09,S001,P0009,Clothing,West,3255,0,1,0.6096257183894748,Truck_9,Delayed,Clear,57,1,Weather,0,0.5891295206538136,0
2022-09,S001,P0010,Furniture,South,2751,1,1,0.11995899611268267,Truck_2,In Transit,Detour,35,0,None,1,0.31240507794391514,0
2022-09,S001,P0011,Clothing,West,3470,0,1,0.15534602952603438,Truck_6,In Transit,Clear,52,0,Traffic,1,0.34088037291608153,1
2022-09,S001,P0012,Furniture,East,3756,0,0,0.6528963516939895,Truck_5,Delivered,Clear,55,0,Weather,1,0.270993355759441,1
2022-09,S001,P0013,Groceries,South,3347,0,1,0.2773745028036304,Truck_5,In Transit,Clear,17,0,Mechanical Failure,1,0.21282149698437966,1
2022-09,S001,P0014,Clothing,East,3151,0,1,0.1875866234893482,Truck_9,Delivered,Clear,51,0,Mechanical Failure,1,0.35901302899409343,1
2022-09,S001,P0015,Toys,East,2953,0,0,0.9672053845060791,Truck_5,In Transit,Detour,56,0,Mechanical Failure,1,0.24243764639407353,1
2022-09,S001,P0016,Groceries,West,3159,0,0,0.16466039896293824,Truck_10,In Transit,Heavy,31,1,None,0,0.9816656056369202,0
2022-09,S001,P0017,Toys,East,3814,1,1,0.19388643534519986,Truck_7,Delayed,Clear,15,1,Mechanical Failure,0,0.5489599780042308,0
2022-09,S001,P0018,Furniture,North,2835,0,1,0.2046152845886298,Truck_5,In Transit,Detour,44,0,Weather,1,0.2877497606479819,1
2022-09,S001,P0019,Groceries,North,3115,0,1,0.15841668086438182,Truck_8,Delayed,Detour,19,1,Weather,0,0.47733302075245965,0
2022-09,S001,P0020,Electronics,East,3537,1,1,0.18460174655184536,Truck_8,Delayed,Clear,55,1,Mechanical Failure,0,0.5393977430073265,0
2022-09,S002,P0001,Electronics,East,3603,0,0,0.11155888432658648,Truck_10,In Transit,Clear,35,0,Weather,1,0.27935629113096394,1
2022-09,S002,P0002,Electronics,West,3430,0,0,0.24610088042686246,Truck_8,Delayed,Detour,19,1,Weather,0,0.47733302075245965,0
2022-09,S002,P0003,Clothing,East,2859,0,1,0.37917491652270624,Truck_3,Delivered,Heavy,17,1,Traffic,0,0.9704558730459892,0
2022-09,S002,P0004,Furniture,East,2952,0,1,0.16243718639593918,Truck_3,Delivered,Heavy,57,1,Traffic,0,0.952747644233132,0
2022-09,S002,P0005,Clothing,North,3254,0,1,0.12129945927378785,Truck_3,Delayed,Heavy,49,1,Mechanical Failure,0,0.9796281832152277,0
2022-09,S002,P0006,Clothing,East,3794,0,1,0.16747456638817992,Truck_7,In Transit,Clear,59,0,None,1,0.29337503834385353,1
2022-09,S002,P0007,Groceries,East,3067,0,0,0.16222483675120772,Truck_3,Delayed,Clear,15,1,Traffic,0,0.48880025435833324,0
2022-09,S002,P0008,Electronics,East,2832,0,1,0.47556054940683273,Truck_3,In Transit,Clear,14,0,None,1,0.30739144668535573,1
2022-09,S002,P0009,Toys,South,3544,0,1,0.23374201953111226,Truck_2,Delivered,Clear,60,0,Weather,1,0.21391144934948642,1
2022-09,S002,P0010,Electronics,West,3318,1,1,0.14995462749651012,Truck_4,In Transit,Heavy,26,1,Traffic,0,0.9778633132956248,0
2022-09,S002,P0011,Toys,East,3301,0,0,0.35912672139319324,Truck_10,In Transit,Heavy,16,1,None,0,0.9764797239813601,0
2022-09,S002,P0012,Groceries,South,3081,0,1,0.33131657608164333,Truck_10,In Transit,Clear,47,0,Weather,1,0.27700758008331544,1
2022-09,S002,P0013,Clothing,North,3342,0,1,0.35651388832173453,Truck_8,Delivered,Detour,19,0,Mechanical Failure,1,0.25881278631863536,1
2022-09,S002,P0014,Electronics,South,3429,0,0,0.300062024999277,Truck_10,In Transit,Clear,43,0,Traffic,1,0.26006813353085334,1
2022-09,S002,P0015,Electronics,South,3772,0,0,0.324524546584603,Truck_10,In Transit,Heavy,18,1,None,0,0.9741828406587009,0
2022-09,S002,P0016,Clothing,East,3002,0,1,0.10763983064453844,Truck_5,Delayed,Heavy,24,1,Mechanical Failure,0,0.9733565901506407,0
2022-09,S002,P0017,Clothing,North,3548,0,1,0.21797132253198592,Truck_10,In Transit,Heavy,17,1,Traffic,0,0.9805055358574627,0
2022-09,S002,P0018,Groceries,East,3384,0,0,0.1507103590044176,Truck_1,Delivered,Clear,60,0,Traffic,1,0.1603963013334254,1
2022-09,S002,P0019,Groceries,East,3167,0,1,0.10106810809135255,Truck_3,In Transit,Heavy,54,1,Weather,0,0.9847962848497294,0
2022-09,S002,P0020,Furniture,East,2966,0,1,0.3747252421425243,Truck_2,In Transit,Heavy,10,1,None,0,0.9355505791722898,0
2022-09,S003,P0001,Furniture,East,3426,0,1,0.08964052066622429,Truck_7,Delivered,Heavy,19,1,Weather,0,0.9706414852988999,0
2022-09,S003,P0002,Toys,West,3447,1,1,0.5340417400876419,Truck_2,Delivered,Clear,60,0,Traffic,1,0.24017597312201577,0
2022-09,S003,P0003,Groceries,South,3375,0,1,0.17319200535716336,Truck_2,Delivered,Detour,38,0,Traffic,1,0.226833083015328,1
2022-09,S003,P0004,Electronics,North,3224,1,1,0.199489125884804,Truck_8,In Transit,Heavy,50,1,Mechanical Failure,0,0.9916357716940923,0
2022-09,S003,P0005,Electronics,South,3256,0,1,0.4239971371503031,Truck_7,In Transit,Clear,56,0,None,1,0.3677914925799343,1
2022-09,S003,P0006,Toys,North,3434,0,1,0.20061944567944148,Truck_7,In Transit,Clear,56,0,None,1,0.3677914925799343,1
2022-09,S003,P0007,Furniture,East,3514,0,1,0.2983946097359462,Truck_4,In Transit,Detour,59,0,Mechanical Failure,1,0.19795461578053344,1
2022-09,S003,P0008,Furniture,South,3146,0,0,0.15148956781279485,Truck_5,Delivered,Heavy,39,1,Traffic,0,0.9755538886219008,0
2022-09,S003,P0009,Furniture,West,3644,0,1,0.16214685907367135,Truck_6,Delivered,Clear,54,0,Traffic,1,0.1841983416001114,1
2022-09,S003,P0010,Electronics,West,3213,0,0,0.07723667536038441,Truck_5,Delayed,Heavy,15,1,Traffic,0,0.9780935313490402,0
2022-09,S003,P0011,Electronics,North,3552,0,1,0.15550269691041194,Truck_4,Delayed,Detour,43,1,Mechanical Failure,0,0.5475731618972661,0
2022-09,S003,P0012,Clothing,West,2835,0,1,0.5794583906227373,Truck_7,Delayed,Detour,30,1,Weather,0,0.47417475148298466,0
2022-09,S003,P0013,Furniture,North,3351,0,1,0.17357800264701104,Truck_2,In Transit,Heavy,55,1,Mechanical Failure,0,0.9718192213697284,0
2022-09,S003,P0014,Toys,West,3446,0,0,0.05676461636502209,Truck_2,Delivered,Detour,51,0,None,1,0.301911717534301,1
2022-09,S003,P0015,Clothing,West,3100,1,1,0.48814795381923354,Truck_3,In Transit,Heavy,12,1,None,0,0.98964446715445,0
2022-09,S003,P0016,Groceries,East,3172,1,1,0.1144019844193329,Truck_9,In Transit,Detour,60,0,None,1,0.22434104767340007,0
2022-09,S003,P0017,Furniture,East,2644,0,1,0.11378398672622234,Truck_2,Delivered,Detour,53,0,Mechanical Failure,1,0.2891366031196024,1
2022-09,S003,P0018,Electronics,South,2800,0,1,0.2544094828504165,Truck_9,Delayed,Heavy,40,1,Weather,0,0.9773682597239522,0
2022-09,S003,P0019,Furniture,South,3340,0,1,0.20077795266760332,Truck_8,Delivered,Clear,39,0,Traffic,1,0.472676647340862,1
2022-09,S003,P0020,Groceries,East,3214,0,1,0.18965767152910337,Truck_5,Delivered,Heavy,16,1,Weather,0,0.976665869985894,0
2022-09,S004,P0001,Clothing,North,3843,0,1,0.1154087647835666,Truck_9,Delivered,Clear,17,0,None,1,0.34569373342218357,1
2022-09,S004,P0002,Groceries,West,3043,0,1,0.16301960766207724,Truck_9,In Transit,Clear,28,0,Weather,1,0.3699730979842758,1
2022-09,S004,P0003,Electronics,South,2962,1,1,0.15703860031801667,Truck_4,Delayed,Detour,60,1,Weather,0,0.4598442572619926,0
2022-09,S004,P0004,Electronics,South,3410,0,1,0.14338861634173866,Truck_4,Delivered,Detour,34,0,Mechanical Failure,1,0.2834785343558909,1
2022-09,S004,P0005,Electronics,North,3431,0,1,0.4009641475335152,Truck_1,In Transit,Detour,19,0,Weather,1,0.2599999859162452,1
2022-09,S004,P0006,Clothing,North,3336,0,0,0.11815147602091026,Truck_2,Delivered,Clear,21,0,Weather,1,0.29065625870066125,1
2022-09,S004,P0007,Clothing,North,3368,0,0,0.20146887933608573,Truck_6,Delivered,Clear,54,0,Traffic,1,0.1841983416001114,1
2022-09,S004,P0008,Furniture,South,3503,0,0,0.1332231193239895,Truck_7,In Transit,Heavy,27,1,Traffic,0,0.9810181306929178,0
2022-09,S004,P0009,Groceries,West,3380,0,1,0.12543350360131286,Truck_3,Delivered,Detour,32,0,Mechanical Failure,1,0.3282561400175198,1
2022-09,S004,P0010,Clothing,South,3334,1,1,0.5934879046680575,Truck_2,Delayed,Clear,12,1,Mechanical Failure,0,0.6603445515886263,0
2022-09,S004,P0011,Furniture,East,3183,0,1,0.23601955615159903,Truck_9,Delivered,Detour,18,0,None,1,0.2985533863536207,1
2022-09,S004,P0012,Furniture,West,3687,1,1,0.1563649019902361,Truck_4,Delayed,Heavy,42,1,Traffic,0,0.9670348720589113,0
2022-09,S004,P0013,Clothing,North,3248,0,1,0.1676917772618075,Truck_7,Delivered,Detour,42,0,Mechanical Failure,1,0.4798921160547701,1
2022-09,S004,P0014,Toys,East,3717,0,0,0.24356589114662608,Truck_5,Delivered,Detour,46,0,Traffic,1,0.3068864189579563,1
2022-09,S004,P0015,Clothing,East,3194,0,0,0.5754768280463706,Truck_3,Delayed,Detour,44,1,Traffic,0,0.30630674125174506,0
2022-09,S004,P0016,Toys,East,3081,0,0,0.2588243175386067,Truck_4,Delivered,Heavy,41,1,Weather,0,0.9788956898189869,0
2022-09,S004,P0017,Groceries,South,3173,0,1,0.16285493703740428,Truck_6,Delivered,Heavy,54,1,None,0,0.987803958704694,0
2022-09,S004,P0018,Clothing,West,3187,0,1,0.18235758505533675,Truck_5,Delayed,Heavy,33,1,None,0,0.9759292202731177,0
2022-09,S004,P0019,Furniture,West,3103,0,1,0.11299407950532095,Truck_1,In Transit,Detour,34,0,Mechanical Failure,1,0.27164392680098354,1
2022-09,S004,P0020,Electronics,East,3469,0,0,0.36278214976349055,Truck_7,In Transit,Clear,25,0,Weather,1,0.24999750206102633,1
2022-09,S005,P0001,Furniture,North,3445,1,1,0.2581513378367223,Truck_7,In Transit,Heavy,28,1,None,0,0.9883464215192843,0
2022-09,S005,P0002,Furniture,East,3233,0,0,0.3815706840614732,Truck_1,In Transit,Detour,24,0,None,1,0.30953955152685103,1
2022-09,S005,P0003,Electronics,East,3616,0,0,0.13480053572469541,Truck_6,Delivered,Clear,54,0,Weather,1,0.20742403844730872,1
2022-09,S005,P0004,Toys,North,3174,0,1,0.1344012104238029,Truck_10,Delivered,Detour,26,0,None,1,0.26794101664407366,1
2022-09,S005,P0005,Electronics,South,3366,0,1,0.16865850460416162,Truck_8,Delayed,Detour,51,1,Weather,0,0.49056006907736155,0
2022-09,S005,P0006,Groceries,North,3628,0,0,0.14661649252325437,Truck_8,Delayed,Detour,27,1,None,0,0.3030831488929916,0
2022-09,S005,P0007,Electronics,North,2868,0,0,0.43548148164026873,Truck_8,Delayed,Heavy,16,1,None,0,0.9811875674946898,0
2022-09,S005,P0008,Clothing,North,3613,0,0,0.27279209129869614,Truck_8,Delayed,Clear,52,1,Weather,0,0.6512264098522338,0
2022-09,S005,P0009,Clothing,South,3559,0,1,0.19788637032202583,Truck_5,Delayed,Clear,45,1,Traffic,0,0.48364577535161074,0
2022-09,S005,P0010,Toys,East,3679,0,1,0.22685472614809868,Truck_9,Delayed,Clear,10,1,None,0,0.7104932047624721,0
2022-09,S005,P0011,Furniture,East,3327,0,0,0.3417744137696296,Truck_2,Delivered,Detour,51,0,Weather,1,0.2926926567616687,1
2022-09,S005,P0012,Groceries,East,3685,0,1,0.5895367392114027,Truck_9,Delayed,Heavy,31,1,Mechanical Failure,0,0.9711999935405424,0
2022-09,S005,P0013,Electronics,West,3117,0,1,0.2111591017136646,Truck_6,Delivered,Heavy,22,1,None,0,0.9849028619411131,0
2022-09,S005,P0014,Electronics,West,3217,0,0,0.1070003198773493,Truck_4,Delayed,Detour,43,1,Mechanical Failure,0,0.5475731618972661,0
2022-09,S005,P0015,Toys,North,3163,1,1,0.31956944962711825,Truck_1,Delivered,Clear,31,0,Traffic,1,0.22076463402482271,0
2022-09,S005,P0016,Furniture,West,3626,1,1,0.7498245771409097,Truck_8,Delivered,Detour,30,0,Mechanical Failure,1,0.24669466984882077,0
2022-09,S005,P0017,Clothing,North,3571,0,1,0.2613540965625078,Truck_2,In Transit,Heavy,51,1,None,0,0.9774439343348292,0
2022-09,S005,P0018,Groceries,North,3188,0,1,0.3421732677607447,Truck_8,In Transit,Clear,12,0,None,1,0.3743180126797516,1
2022-09,S005,P0019,Groceries,North,2814,0,1,0.20792146611862092,Truck_4,Delivered,Clear,49,0,None,1,0.29858233972694537,1
2022-09,S005,P0020,Toys,South,3668,0,0,0.09790477129139384,Truck_5,Delivered,Detour,58,0,Mechanical Failure,1,0.35481856187999283,1
2022-10,S001,P0001,Furniture,East,3384,0,1,0.13573885758100387,Truck_7,Delayed,Clear,56,1,None,0,0.6065876800637091,0
2022-10,S001,P0002,Clothing,East,3788,1,1,0.6945467313805787,Truck_5,Delayed,Clear,40,1,Weather,0,0.2864027734018017,0
2022-10,S001,P0003,Electronics,East,3538,0,1,0.18322174405099478,Truck_1,Delayed,Heavy,44,1,Mechanical Failure,0,0.9745310282334226,0
2022-10,S001,P0004,Electronics,East,3468,0,0,0.4493488858090644,Truck_4,In Transit,Heavy,26,1,Weather,0,0.9764601665822115,0
2022-10,S001,P0005,Furniture,South,3304,0,0,0.17768028866039334,Truck_7,Delivered,Heavy,46,1,Traffic,0,0.9743191709187055,0
2022-10,S001,P0006,Groceries,North,3367,1,0,0.18759244703717523,Truck_9,Delayed,Heavy,31,1,Mechanical Failure,0,0.9711999935405424,0
2022-10,S001,P0007,Clothing,North,3030,0,1,0.18697266003839638,Truck_10,Delivered,Clear,39,0,Weather,1,0.2850538433802944,1
2022-10,S001,P0008,Furniture,West,3631,0,1,0.16128255603035768,Truck_6,Delivered,Detour,27,0,Mechanical Failure,1,0.28281345083274734,1
2022-10,S001,P0009,Furniture,North,3265,0,1,0.12856582752943618,Truck_10,Delayed,Clear,48,1,Mechanical Failure,0,0.5139518169471757,0
2022-10,S001,P0010,Furniture,East,2876,0,0,0.39072182327993227,Truck_2,Delayed,Heavy,23,1,Weather,0,0.9559984240665185,0
2022-10,S001,P0011,Toys,South,3328,1,1,0.9239307068417697,Truck_1,Delayed,Detour,36,1,Weather,0,0.3723038897878632,0
2022-10,S001,P0012,Clothing,East,3601,0,0,0.2094165376399352,Truck_10,Delivered,Clear,33,0,None,1,0.3844498362485047,1
2022-10,S001,P0013,Toys,North,3326,0,1,0.1313490018637039,Truck_7,In Transit,Heavy,20,1,Traffic,0,0.9704330982142655,0
2022-10,S001,P0014,Furniture,North,3532,0,1,0.34690536819616014,Truck_4,Delayed,Detour,43,1,Mechanical Failure,0,0.5475731618972661,0
2022-10,S001,P0015,Electronics,East,3687,0,0,0.2956774083941615,Truck_3,Delayed,Clear,31,1,Weather,0,0.6195335748508028,0
2022-10,S001,P0016,Groceries,South,3044,0,0,0.23571956715284456,Truck_7,Delivered,Heavy,46,1,Traffic,0,0.9743191709187055,0
2022-10,S001,P0017,Toys,East,3899,0,1,0.16479376196505682,Truck_9,Delayed,Detour,18,1,None,0,0.6423165600537328,0
2022-10,S001,P0018,Furniture,North,3369,0,0,0.24380124360457536,Truck_10,In Transit,Clear,39,0,Weather,1,0.290191934175879,1
2022-10,S001,P0019,Toys,West,3017,0,1,0.20841941499380257,Truck_6,In Transit,Heavy,33,1,Weather,0,0.9863140207637032,0
2022-10,S001,P0020,Groceries,West,3503,0,1,0.1093589915341722,Truck_1,In Transit,Clear,22,0,None,1,0.262234734237535,1
2022-10,S002,P0001,Toys,East,3010,0,0,0.07477435107925354,Truck_7,Delivered,Detour,51,0,Weather,1,0.4059116317458433,1
2022-10,S002,P0002,Furniture,East,3588,0,0,0.08934729054045404,Truck_2,In Transit,Detour,43,0,Weather,1,0.28688590728520696,1
2022-10,S002,P0003,Electronics,East,3513,0,0,0.14723791271314043,Truck_3,Delivered,Detour,32,0,Mechanical Failure,1,0.3282561400175198,1
2022-10,S002,P0004,Furniture,East,3036,0,1,0.16265311914799196,Truck_3,Delivered,Heavy,32,1,Mechanical Failure,0,0.982701685174037,0
2022-10,S002,P0005,Clothing,South,3216,0,0,0.25811518201308564,Truck_6,In Transit,Detour,43,0,None,1,0.2264201919496389,1
2022-10,S002,P0006,Groceries,South,3251,0,0,0.1690590443916504,Truck_5,Delayed,Detour,46,1,None,0,0.4380196623219474,0
2022-10,S002,P0007,Toys,South,3563,0,0,0.3442010965395155,Truck_4,Delayed,Heavy,43,1,Mechanical Failure,0,0.9829999343960998,0
2022-10,S002,P0008,Clothing,West,4212,0,1,0.43344780990128323,Truck_9,Delivered,Clear,16,0,None,1,0.36235851315122625,1
2022-10,S002,P0009,Furniture,East,3129,0,1,0.12429032964756478,Truck_3,Delayed,Heavy,50,1,Traffic,0,0.9894355942651998,0
2022-10,S002,P0010,Furniture,East,3778,0,1,0.15927418302400262,Truck_7,Delivered,Clear,48,0,Weather,1,0.24459066945474667,1
2022-10,S002,P0011,Toys,South,3738,1,0,0.1420091677387953,Truck_3,Delayed,Clear,46,1,None,0,0.4072735338350416,0
2022-10,S002,P0012,Electronics,South,3048,0,0,0.26951278922894445,Truck_6,Delivered,Heavy,32,1,Weather,0,0.9557430491527853,0
2022-10,S002,P0013,Electronics,West,3826,0,0,0.12180766776853351,Truck_10,Delivered,Detour,19,0,None,1,0.3211628590367943,1
2022-10,S002,P0014,Electronics,East,3475,0,0,0.3304790918809862,Truck_3,Delivered,Heavy,29,1,Weather,0,0.9912972284639002,0
2022-10,S002,P0015,Toys,East,3348,0,1,0.3772173339595168,Truck_3,In Transit,Detour,59,0,Mechanical Failure,1,0.2471376890786343,1
2022-10,S002,P0016,Furniture,East,3579,0,0,0.23032374476442896,Truck_2,Delayed,Detour,58,1,None,0,0.6356620558315516,0
2022-10,S002,P0017,Electronics,South,3714,0,1,0.14858130946328443,Truck_2,Delayed,Clear,49,1,None,0,0.6855263037012459,0
2022-10,S002,P0018,Clothing,North,3209,0,1,0.15467273580934157,Truck_10,Delayed,Heavy,18,1,Weather,0,0.9751974285245326,0
2022-10,S002,P0019,Toys,North,3244,0,0,0.10493222120269972,Truck_9,Delayed,Detour,11,1,None,0,0.503450642369576,0
2022-10,S002,P0020,Furniture,North,3790,0,0,0.0983561340590437,Truck_10,Delivered,Clear,49,0,Mechanical Failure,1,0.3083513279700869,1
2022-10,S003,P0001,Clothing,South,3739,0,1,0.12646885650387174,Truck_3,Delayed,Clear,47,1,Traffic,0,0.513289554181374,0
2022-10,S003,P0002,Groceries,East,4077,0,1,0.216919867346239,Truck_7,Delivered,Detour,47,0,Weather,1,0.33110557496546605,1
2022-10,S003,P0003,Electronics,East,3192,0,0,0.24025909795305578,Truck_5,In Transit,Heavy,30,1,Weather,0,0.9768776729130821,0
2022-10,S003,P0004,Electronics,East,3902,0,1,0.28273499619056913,Truck_8,Delivered,Clear,19,0,Mechanical Failure,1,0.4058572417996945,1
2022-10,S003,P0005,Groceries,North,3603,0,1,0.29960293577924013,Truck_1,In Transit,Detour,20,0,Weather,1,0.3400140952399832,1
2022-10,S003,P0006,Toys,South,3235,0,1,0.1939656211142491,Truck_4,Delayed,Clear,19,1,Mechanical Failure,0,0.6588784368888934,0
2022-10,S003,P0007,Groceries,South,3570,1,1,0.1673026331372841,Truck_5,Delayed,Heavy,37,1,Mechanical Failure,0,0.9881057349358733,0
2022-10,S003,P0008,Electronics,South,3420,0,0,0.6510647186585451,Truck_7,In Transit,Heavy,55,1,None,0,0.9861866388041538,0
2022-10,S003,P0009,Electronics,East,3409,0,0,0.20575109118803311,Truck_10,Delivered,Clear,57,0,Mechanical Failure,1,0.26446353481920276,1
2022-10,S003,P0010,Toys,South,3560,1,1,0.1478719445608561,Truck_8,In Transit,Heavy,53,1,Mechanical Failure,0,0.9917238255351246,0
2022-10,S003,P0011,Groceries,South,3518,0,1,0.88914519441665,Truck_10,Delayed,Clear,19,1,Weather,0,0.5071241695424729,0
2022-10,S003,P0012,Groceries,East,3285,1,1,0.1188110437911498,Truck_4,Delivered,Clear,43,0,Mechanical Failure,1,0.2782114270205592,0
2022-10,S003,P0013,Groceries,West,3163,0,0,0.18131402025125007,Truck_4,In Transit,Clear,41,0,Weather,1,0.31647392566472826,1
2022-10,S003,P0014,Clothing,East,3341,1,0,0.21932552636908098,Truck_6,In Transit,Heavy,35,1,Weather,0,0.9706504798023068,0
2022-10,S003,P0015,Clothing,East,2937,0,1,0.2684819310898621,Truck_10,Delivered,Clear,57,0,Traffic,1,0.28455688211621366,1
2022-10,S003,P0016,Furniture,South,3312,1,1,0.1785200424289902,Truck_1,Delivered,Heavy,59,1,Traffic,0,0.9726546581930781,0
2022-10,S003,P0017,Furniture,East,3067,0,0,0.22328660601931669,Truck_10,Delivered,Detour,44,0,Mechanical Failure,1,0.3806005115439749,1
2022-10,S003,P0018,Furniture,East,3451,0,0,0.2947092232043729,Truck_4,Delayed,Heavy,14,1,None,0,0.9805170071961078,0
2022-10,S003,P0019,Furniture,North,3083,0,1,0.20138506183475627,Truck_3,Delayed,Clear,60,1,Mechanical Failure,0,0.3349540327511818,0
2022-10,S003,P0020,Furniture,East,3486,0,1,0.16923089816359455,Truck_10,Delivered,Clear,39,0,Weather,1,0.2850538433802944,1
2022-10,S004,P0001,Electronics,West,2995,0,0,0.1626706338530865,Truck_2,Delayed,Heavy,39,1,Mechanical Failure,0,0.9586240807228864,0
2022-10,S004,P0002,Groceries,North,2854,1,1,0.4745200764275209,Truck_3,In Transit,Clear,58,0,None,1,0.2759903576884534,0
2022-10,S004,P0003,Clothing,East,3683,0,1,0.2460109101532078,Truck_4,Delayed,Heavy,38,1,Traffic,0,0.9743623009896879,0
2022-10,S004,P0004,Toys,West,3555,0,1,0.08582724740035567,Truck_6,Delivered,Clear,24,0,Mechanical Failure,1,0.1922911706066705,1
2022-10,S004,P0005,Clothing,East,3137,0,1,0.3836367655726696,Truck_6,Delayed,Clear,20,1,None,0,0.7291039978892789,0
2022-10,S004,P0006,Clothing,West,3194,0,0,0.09339436518236778,Truck_6,Delivered,Clear,38,0,Weather,1,0.1834667332623227,1
2022-10,S004,P0007,Clothing,North,3586,1,1,0.09278685429765171,Truck_2,Delayed,Clear,51,1,Mechanical Failure,0,0.4988181489432532,0
2022-10,S004,P0008,Clothing,South,3528,0,0,0.11635844670382835,Truck_7,Delivered,Heavy,58,1,Mechanical Failure,0,0.9907095334809403,0
2022-10,S004,P0009,Clothing,South,3440,1,1,0.193301654961479,Truck_9,Delivered,Detour,21,0,Mechanical Failure,1,0.2204849921299498,0
2022-10,S004,P0010,Electronics,East,3164,0,0,0.10866841546265368,Truck_8,In Transit,Heavy,50,1,Mechanical Failure,0,0.9916357716940923,0
2022-10,S004,P0011,Furniture,West,3401,0,0,0.5552581225693913,Truck_9,Delayed,Detour,52,1,Mechanical Failure,0,0.5153850230103331,0
2022-10,S004,P0012,Clothing,South,3129,0,1,0.12577406863306104,Truck_3,Delayed,Heavy,50,1,Traffic,0,0.9894355942651998,0
2022-10,S004,P0013,Groceries,South,3575,0,1,0.16007404338133088,Truck_4,In Transit,Heavy,25,1,None,0,0.9661866928711759,0
2022-10,S004,P0014,Furniture,East,3467,0,1,0.7401227839971336,Truck_8,Delivered,Clear,19,0,Mechanical Failure,1,0.4058572417996945,1
2022-10,S004,P0015,Clothing,South,3681,0,1,0.1325835189922688,Truck_2,Delivered,Detour,23,0,None,1,0.2843405692016541,1
2022-10,S004,P0016,Groceries,North,3212,1,1,0.1661557950372776,Truck_1,Delivered,Detour,23,0,Traffic,1,0.30118675640874776,0
2022-10,S004,P0017,Groceries,North,3617,0,1,0.19287422645032595,Truck_4,Delivered,Detour,21,0,None,1,0.340495357348626,1
2022-10,S004,P0018,Furniture,West,3376,1,1,0.223674509163356,Truck_2,In Transit,Detour,43,0,Weather,1,0.28688590728520696,0
2022-10,S004,P0019,Furniture,South,3421,0,0,0.17438791572047893,Truck_5,Delivered,Clear,12,0,Mechanical Failure,1,0.2172033508956815,1
2022-10,S004,P0020,Electronics,East,3701,0,0,0.09242826827160654,Truck_6,Delayed,Heavy,11,1,None,0,0.9809006824733424,0
2022-10,S005,P0001,Toys,South,3384,0,1,0.41710660824377765,Truck_4,Delivered,Detour,42,0,Traffic,1,0.28949428289447243,1
2022-10,S005,P0002,Furniture,South,3559,1,1,0.14025943927486054,Truck_2,In Transit,Clear,29,0,None,1,0.3950632823651293,0
2022-10,S005,P0003,Groceries,South,3521,0,1,0.12772484685665897,Truck_9,Delayed,Heavy,16,1,None,0,0.9872090457521752,0
2022-10,S005,P0004,Furniture,East,3252,0,0,0.2852311112062861,Truck_1,Delivered,Detour,30,0,Weather,1,0.2649065771599516,1
2022-10,S005,P0005,Electronics,North,3822,0,0,0.10620000098192971,Truck_1,In Transit,Heavy,60,1,None,0,0.9451566700934787,0
2022-10,S005,P0006,Electronics,North,3769,0,0,0.2086546700364159,Truck_5,Delayed,Heavy,25,1,None,0,0.9508449430593577,0
2022-10,S005,P0007,Furniture,East,3165,1,1,0.10022757291920768,Truck_5,Delivered,Detour,58,0,Mechanical Failure,1,0.35481856187999283,0
2022-10,S005,P0008,Groceries,East,3488,0,1,0.25680996494404223,Truck_7,In Transit,Detour,18,0,Weather,1,0.27123419279928007,1
2022-10,S005,P0009,Clothing,West,3976,0,1,0.12908420212326058,Truck_2,Delayed,Heavy,23,1,Mechanical Failure,0,0.9761137143212936,0
2022-10,S005,P0010,Electronics,West,3490,1,1,0.23984241002383913,Truck_2,In Transit,Detour,29,0,Mechanical Failure,1,0.2485834079730084,0
2022-10,S005,P0011,Furniture,South,3670,0,0,0.17631231590811217,Truck_10,In Transit,Clear,48,0,Mechanical Failure,1,0.2955231795656229,1
2022-10,S005,P0012,Groceries,East,3583,0,1,0.20363226139806,Truck_5,In Transit,Detour,38,0,Mechanical Failure,1,0.4294237184796374,1
2022-10,S005,P0013,Clothing,South,3148,0,1,0.20761861795290465,Truck_9,In Transit,Clear,23,0,None,1,0.46848576044655243,1
2022-10,S005,P0014,Furniture,West,3365,1,1,0.3532251586547973,Truck_3,Delivered,Detour,31,0,Mechanical Failure,1,0.24879992703487358,0
2022-10,S005,P0015,Clothing,West,3404,0,1,0.1439996137473468,Truck_8,In Transit,Heavy,60,1,Traffic,0,0.9512125540510991,0
2022-10,S005,P0016,Groceries,West,3330,0,0,0.3998130377406455,Truck_8,In Transit,Heavy,55,1,Mechanical Failure,0,0.976133115492275,0
2022-10,S005,P0017,Groceries,South,3687,0,1,0.13308295407773493,Truck_6,Delivered,Heavy,54,1,None,0,0.9780282422304376,0
2022-10,S005,P0018,Toys,East,3201,0,1,0.20873439647909162,Truck_1,Delayed,Heavy,17,1,Weather,0,0.9667544822762015,0
2022-10,S005,P0019,Toys,West,3055,0,1,0.08934707502644898,Truck_3,Delivered,Detour,38,0,None,1,0.2867709518656788,1
2022-10,S005,P0020,Toys,North,3811,0,1,0.2156384638163425,Truck_10,Delayed,Detour,26,1,Weather,0,0.6131828244317663,0
2022-11,S001,P0001,Groceries,West,3111,0,0,0.20080106751161464,Truck_10,In Transit,Heavy,17,1,Traffic,0,0.9805055358574627,0
2022-11,S001,P0002,Furniture,East,3542,0,1,0.18095636460523445,Truck_4,Delayed,Clear,51,1,Mechanical Failure,0,0.4896721329266853,0
2022-11,S001,P0003,Furniture,West,3451,0,1,0.12906134455738424,Truck_6,Delayed,Detour,41,1,None,0,0.40920692975881456,0
2022-11,S001,P0004,Clothing,East,3386,0,1,0.09469535406737067,Truck_5,Delivered,Clear,27,0,Weather,1,0.24831044142584222,1
2022-11,S001,P0005,Toys,South,3230,0,0,0.9967386249218373,Truck_8,Delayed,Heavy,32,1,Mechanical Failure,0,0.9806597615978174,0
2022-11,S001,P0006,Groceries,East,3156,0,1,0.09279685329019881,Truck_1,In Transit,Detour,49,0,None,1,0.30551886874361783,1
2022-11,S001,P0007,Electronics,West,3183,0,0,0.11669767307793656,Truck_1,In Transit,Heavy,38,1,Weather,0,0.9747563838272191,0
2022-11,S001,P0008,Electronics,South,3022,0,0,0.15572896938272873,Truck_4,Delivered,Detour,31,0,Weather,1,0.3525699335423304,1
2022-11,S001,P0009,Electronics,North,3194,0,0,0.32467741982325254,Truck_2,In Transit,Clear,33,0,Traffic,1,0.23831241580353862,1
2022-11,S001,P0010,Clothing,South,3951,0,0,0.29188262827237765,Truck_1,Delivered,Heavy,36,1,Mechanical Failure,0,0.9801899866129744,0
2022-11,S001,P0011,Furniture,South,3790,1,1,0.07239998480447275,Truck_10,Delayed,Detour,24,1,Traffic,0,0.5220499852440789,0
2022-11,S001,P0012,Furniture,West,2880,0,1,0.1980807422819145,Truck_4,In Transit,Heavy,44,1,Weather,0,0.978448048682212,0
2022-11,S001,P0013,Furniture,South,3466,0,1,0.24128758542503767,Truck_10,In Transit,Heavy,16,1,None,0,0.9764797239813601,0
2022-11,S001,P0014,Toys,North,2751,0,1,0.21523634532448419,Truck_2,Delayed,Detour,31,1,Weather,0,0.44559247526643975,0
2022-11,S001,P0015,Clothing,East,3621,0,1,0.08007945855444183,Truck_4,Delayed,Clear,19,1,Weather,0,0.5977927427057425,0
2022-11,S001,P0016,Groceries,East,3597,1,1,0.12241852663715662,Truck_7,In Transit,Heavy,27,1,Traffic,0,0.9810181306929178,0
2022-11,S001,P0017,Electronics,East,3387,0,0,0.0803445466165396,Truck_3,In Transit,Clear,36,0,None,1,0.2737888381289732,1
2022-11,S001,P0018,Furniture,South,3307,1,1,0.23787666642487063,Truck_3,Delayed,Heavy,55,1,None,0,0.9777905888406372,0
2022-11,S001,P0019,Clothing,East,3470,0,1,0.2806161602769412,Truck_5,In Transit,Detour,39,0,Traffic,1,0.255262140431913,1
2022-11,S001,P0020,Toys,North,3651,0,1,0.3521950729292247,Truck_7,In Transit,Clear,49,0,Weather,1,0.27809805402610566,1
2022-11,S002,P0001,Groceries,East,3120,0,0,0.2949878266492155,Truck_5,Delayed,Detour,52,1,Weather,0,0.46530402411260213,0
2022-11,S002,P0002,Clothing,East,3637,0,1,0.30620911777496895,Truck_8,In Transit,Detour,12,0,Weather,1,0.32841463545013283,1
2022-11,S002,P0003,Clothing,West,3162,0,0,0.4877473192438248,Truck_2,Delivered,Detour,39,0,Traffic,1,0.36967574446871615,1
2022-11,S002,P0004,Clothing,East,2694,0,0,0.11519835951436812,Truck_6,In Transit,Detour,32,0,None,1,0.3172446124677084,1
2022-11,S002,P0005,Groceries,East,2745,1,1,0.21808432459979785,Truck_7,Delayed,Detour,28,1,Traffic,0,0.4268092435130282,0
2022-11,S002,P0006,Furniture,South,3321,0,1,0.2165028057608059,Truck_5,Delayed,Detour,52,1,Weather,0,0.46530402411260213,0
2022-11,S002,P0007,Electronics,North,3155,0,0,0.1793460350085518,Truck_1,Delivered,Clear,21,0,None,1,0.19422438114407178,1
2022-11,S002,P0008,Clothing,East,3410,0,0,0.11233370567280263,Truck_6,In Transit,Clear,20,0,Mechanical Failure,1,0.2246385221900927,1
2022-11,S002,P0009,Toys,East,3474,1,0,0.27876048138632503,Truck_6,Delayed,Heavy,11,1,None,0,0.9809006824733424,0
2022-11,S002,P0010,Electronics,South,3424,1,1,0.10865661626633297,Truck_10,Delayed,Detour,38,1,Traffic,0,0.5588860247335505,0
2022-11,S002,P0011,Electronics,West,2652,1,1,0.13495634573955748,Truck_4,Delivered,Clear,29,0,Mechanical Failure,1,0.36186010511199124,0
2022-11,S002,P0012,Electronics,West,3488,0,0,0.0842257414325214,Truck_9,Delayed,Heavy,26,1,Weather,0,0.9756076897099573,0
2022-11,S002,P0013,Electronics,East,3172,0,1,0.15210881466580622,Truck_8,Delayed,Clear,53,1,Mechanical Failure,0,0.3166204253765713,0
2022-11,S002,P0014,Furniture,East,2693,0,0,0.1738523642839521,Truck_2,Delivered,Detour,25,0,Traffic,1,0.2494075816668258,1
2022-11,S002,P0015,Furniture,East,3477,0,1,0.14966786176247468,Truck_5,In Transit,Clear,50,0,Traffic,1,0.2257857588282054,1
2022-11,S002,P0016,Groceries,South,2937,0,1,0.17110129902211718,Truck_3,Delivered,Detour,49,0,Weather,1,0.28636552465499704,1
2022-11,S002,P0017,Clothing,West,3648,1,1,0.13108781332019223,Truck_5,Delivered,Detour,57,0,Traffic,1,0.20158754570858706,0
2022-11,S002,P0018,Furniture,East,3099,0,1,0.13376227780050595,Truck_3,In Transit,Heavy,54,1,Weather,0,0.9847962848497294,0
2022-11,S002,P0019,Clothing,South,3286,0,1,0.1338463917263615,Truck_3,Delivered,Heavy,36,1,Mechanical Failure,0,0.97800029851748,0
2022-11,S002,P0020,Clothing,East,3618,0,0,0.08986977761383388,Truck_8,Delayed,Heavy,19,1,Weather,0,0.9703769852666096,0
2022-11,S003,P0001,Groceries,South,3431,0,1,0.222478703448916,Truck_4,Delayed,Heavy,18,1,Mechanical Failure,0,0.976603287872244,0
2022-11,S003,P0002,Furniture,West,3034,0,1,0.15326878634978713,Truck_6,Delayed,Clear,29,1,Weather,0,0.4150412181442281,0
2022-11,S003,P0003,Groceries,East,3380,0,1,0.21210770379633956,Truck_8,Delivered,Heavy,51,1,Mechanical Failure,0,0.9786200096036464,0
2022-11,S003,P0004,Furniture,East,2917,0,1,0.1548956302317021,Truck_10,Delivered,Detour,52,0,Traffic,1,0.5405126770952109,1
2022-11,S003,P0005,Furniture,North,3951,0,1,0.12816244535010093,Truck_9,Delayed,Heavy,31,1,Mechanical Failure,0,0.9711999935405424,0
2022-11,S003,P0006,Electronics,West,3957,0,1,0.1469648305598134,Truck_2,Delayed,Heavy,39,1,Mechanical Failure,0,0.9586240807228864,0
2022-11,S003,P0007,Electronics,South,3262,0,0,0.1606217140115592,Truck_4,Delivered,Detour,60,0,Weather,1,0.22056159420318613,1
2022-11,S003,P0008,Furniture,South,2729,1,1,0.22071931776834486,Truck_6,Delayed,Clear,30,1,None,0,0.3724580062609877,0
2022-11,S003,P0009,Furniture,North,2923,0,1,0.113327180182975,Truck_1,In Transit,Detour,41,0,Traffic,1,0.3380236261384719,1
2022-11,S003,P0010,Toys,North,3382,0,1,0.21111595010292136,Truck_4,Delayed,Clear,19,1,Mechanical Failure,0,0.6588784368888934,0
2022-11,S003,P0011,Toys,East,3449,0,1,0.12840903646458257,Truck_10,Delivered,Clear,49,0,Mechanical Failure,1,0.3083513279700869,1
2022-11,S003,P0012,Toys,South,3249,0,0,0.24854922582141292,Truck_6,Delayed,Detour,16,1,None,0,0.6156110404462695,0
2022-11,S003,P0013,Toys,South,3424,0,1,0.3003452308193946,Truck_4,In Transit,Detour,50,0,Mechanical Failure,1,0.2979800320611836,1
2022-11,S003,P0014,Electronics,South,3679,0,1,0.2775429807458388,Truck_7,In Transit,Clear,26,0,None,1,0.34382650342377297,1
2022-11,S003,P0015,Clothing,South,3098,0,1,0.4683603473738827,Truck_6,In Transit,Clear,51,0,Weather,1,0.2562250372564308,1
2022-11,S003,P0016,Toys,West,3348,0,1,0.24525952910595936,Truck_6,Delivered,Heavy,32,1,Weather,0,0.9740868776607161,0
2022-11,S003,P0017,Clothing,East,2830,0,1,0.2702108602631704,Truck_1,Delivered,Heavy,10,1,None,0,0.9796224762879152,0
2022-11,S003,P0018,Electronics,East,2901,0,1,0.36679709748253086,Truck_4,Delivered,Detour,34,0,Mechanical Failure,1,0.2834785343558909,1
2022-11,S003,P0019,Electronics,North,3212,0,1,0.1265710136848271,Truck_2,Delayed,Clear,47,1,Traffic,0,0.6089557119620504,0
2022-11,S003,P0020,Toys,West,3432,0,1,0.2927771428869093,Truck_4,Delayed,Detour,36,1,None,0,0.45830997036666715,0
2022-11,S004,P0001,Clothing,North,3007,0,0,0.24987135262506738,Truck_1,Delayed,Detour,36,1,Weather,0,0.3723038897878632,0
2022-11,S004,P0002,Toys,North,3276,0,1,0.44903598157407576,Truck_6,Delayed,Heavy,22,1,None,0,0.985832473030956,0
2022-11,S004,P0003,Clothing,East,3495,0,1,0.5573640746409285,Truck_4,Delayed,Detour,52,1,Weather,0,0.5258173802732796,0
2022-11,S004,P0004,Toys,South,3095,0,1,0.08556440556677063,Truck_9,In Transit,Heavy,35,1,Weather,0,0.973367253866471,0
2022-11,S004,P0005,Groceries,West,3698,0,1,0.13679576167725582,Truck_1,Delayed,Heavy,53,1,Traffic,0,0.984983607025153,0
2022-11,S004,P0006,Toys,North,3001,1,1,0.23404230013230204,Truck_6,In Transit,Clear,17,0,None,1,0.35964693310684465,0
2022-11,S004,P0007,Electronics,North,3051,0,1,0.20449042947486124,Truck_7,Delivered,Clear,36,0,Weather,1,0.3076638736337922,1
2022-11,S004,P0008,Furniture,East,3275,1,1,0.11695530523697438,Truck_9,Delayed,Clear,22,1,Mechanical Failure,0,0.3422725982798391,0
2022-11,S004,P0009,Electronics,West,3470,0,0,0.13701898018682368,Truck_10,Delivered,Heavy,36,1,Traffic,0,0.9760971633641518,0
2022-11,S004,P0010,Clothing,South,2862,0,1,0.17022010629072676,Truck_9,Delayed,Clear,28,1,None,0,0.47705229197906823,0
2022-11,S004,P0011,Electronics,West,3203,0,1,0.31768793173080856,Truck_9,Delayed,Heavy,24,1,Mechanical Failure,0,0.9707219057996711,0
2022-11,S004,P0012,Toys,West,3572,1,1,0.20807120622964886,Truck_8,Delayed,Detour,13,1,Mechanical Failure,0,0.534274156671295,0
2022-11,S004,P0013,Furniture,East,3548,0,0,0.47249136324446306,Truck_8,Delayed,Detour,54,1,Mechanical Failure,0,0.49530165165231643,0
2022-11,S004,P0014,Furniture,East,2865,0,0,0.1989476422139079,Truck_4,In Transit,Heavy,55,1,None,0,0.9800484129501905,0
2022-11,S004,P0015,Furniture,West,3351,0,1,0.14529948011016236,Truck_5,In Transit,Clear,34,0,Mechanical Failure,1,0.39994823685994485,1
2022-11,S004,P0016,Clothing,West,3555,0,1,0.06056696797922304,Truck_3,Delivered,Detour,48,0,Weather,1,0.30914436321756783,1
2022-11,S004,P0017,Groceries,East,3627,0,0,0.18501413929473204,Truck_8,In Transit,Detour,26,0,None,1,0.3198737345722771,1
2022-11,S004,P0018,Electronics,North,3400,1,1,0.7860445020938295,Truck_10,Delivered,Detour,24,0,Weather,1,0.33149861664010544,0
2022-11,S004,P0019,Furniture,South,2658,0,1,0.14187222913565428,Truck_3,Delivered,Heavy,60,1,None,0,0.9579453493469537,0
2022-11,S004,P0020,Electronics,South,3151,0,1,0.13539393226463256,Truck_10,In Transit,Heavy,31,1,None,0,0.9816656056369202,0
2022-11,S005,P0001,Groceries,East,3184,0,1,0.15221331800702304,Truck_9,Delivered,Detour,21,0,Mechanical Failure,1,0.2204849921299498,1
2022-11,S005,P0002,Toys,North,3327,0,1,0.22744584137054563,Truck_4,Delayed,Clear,40,1,Weather,0,0.5199029151814257,0
2022-11,S005,P0003,Groceries,North,3427,0,1,0.17227535248427636,Truck_7,In Transit,Clear,26,0,None,1,0.34382650342377297,1
2022-11,S005,P0004,Clothing,South,3120,0,0,0.2770829190227045,Truck_2,Delayed,Detour,32,1,Traffic,0,0.6013552952058284,0
2022-11,S005,P0005,Toys,West,3099,0,1,0.11533154110840067,Truck_6,Delayed,Heavy,57,1,None,0,0.9961660704953107,0
2022-11,S005,P0006,Groceries,North,3149,1,1,0.22729874659893762,Truck_9,Delivered,Detour,45,0,Mechanical Failure,1,0.2867324722616982,0
2022-11,S005,P0007,Groceries,South,3386,0,1,0.06206924411130956,Truck_7,Delayed,Detour,30,1,Weather,0,0.47417475148298466,0
2022-11,S005,P0008,Groceries,West,3521,0,0,0.14401126054988808,Truck_7,Delivered,Heavy,20,1,None,0,0.9854100509261827,0
2022-11,S005,P0009,Furniture,North,3013,0,1,0.05464232979823572,Truck_3,Delivered,Heavy,57,1,Traffic,0,0.952747644233132,0
2022-11,S005,P0010,Electronics,West,2776,0,1,0.32375881563558834,Truck_6,Delayed,Detour,46,1,Mechanical Failure,0,0.4251148151856023,0
2022-11,S005,P0011,Clothing,West,3619,0,1,0.1109753922941722,Truck_6,In Transit,Clear,57,0,Mechanical Failure,1,0.18039085071445837,1
2022-11,S005,P0012,Electronics,West,3095,0,1,0.2203518604927578,Truck_6,Delivered,Clear,54,0,Weather,1,0.20742403844730872,1
2022-11,S005,P0013,Clothing,East,2885,0,1,0.2425278241221691,Truck_1,Delayed,Clear,18,1,Mechanical Failure,0,0.41484054560832917,0
2022-11,S005,P0014,Electronics,South,3574,1,1,0.3223784913189464,Truck_2,Delayed,Detour,41,1,Weather,0,0.3148759023439316,0
2022-11,S005,P0015,Electronics,East,3046,0,1,0.1668637457085433,Truck_3,Delayed,Detour,23,1,Mechanical Failure,0,0.46303178632185665,0
2022-11,S005,P0016,Groceries,West,3115,0,1,0.22354211833370077,Truck_5,In Transit,Clear,38,0,Traffic,1,0.2755529935316513,1
2022-11,S005,P0017,Toys,North,3671,0,1,0.2962809645738847,Truck_8,In Transit,Detour,45,0,Weather,1,0.30050505011113704,1
2022-11,S005,P0018,Toys,South,3411,0,1,0.1892692496784519,Truck_6,Delayed,Detour,59,1,Weather,0,0.33768624695648336,0
2022-11,S005,P0019,Clothing,South,3203,1,1,0.2506853420421796,Truck_5,In Transit,Detour,39,0,Traffic,1,0.255262140431913,0
2022-11,S005,P0020,Furniture,West,2871,1,1,0.14768285629787473,Truck_2,Delayed,Detour,18,1,Weather,0,0.4926584471050884,0
2022-12,S001,P0001,Groceries,South,3402,1,0,0.23103441577845946,Truck_10,Delivered,Heavy,44,1,None,0,0.9870580051623787,0
2022-12,S001,P0002,Electronics,North,3777,0,0,0.1919120585322877,Truck_7,In Transit,Heavy,16,1,None,0,0.9872180863781321,0
2022-12,S001,P0003,Clothing,East,2907,0,0,0.19630673934961568,Truck_10,Delivered,Heavy,14,1,Mechanical Failure,0,0.9816542336385754,0
2022-12,S001,P0004,Furniture,North,3201,0,1,0.243095163113478,Truck_8,In Transit,Clear,46,0,Traffic,1,0.2111817218415446,1
2022-12,S001,P0005,Furniture,East,3220,0,0,0.4001838287676814,Truck_8,Delivered,Heavy,49,1,Traffic,0,0.9773527447259883,0
2022-12,S001,P0006,Electronics,North,3307,0,1,0.09569124204046642,Truck_5,Delayed,Clear,51,1,Mechanical Failure,0,0.694403927264976,0
2022-12,S001,P0007,Furniture,North,3394,0,0,0.144566961137217,Truck_2,Delivered,Detour,53,0,Mechanical Failure,1,0.2891366031196024,1
2022-12,S001,P0008,Electronics,South,3535,0,0,0.599264965430302,Truck_7,Delayed,Clear,30,1,Weather,0,0.43359079825046787,0
2022-12,S001,P0009,Electronics,West,3464,0,0,0.17000001416428057,Truck_2,Delayed,Detour,58,1,None,0,0.6356620558315516,0
2022-12,S001,P0010,Clothing,East,3578,0,1,0.20432743515543114,Truck_6,In Transit,Clear,52,0,Traffic,1,0.34088037291608153,1
2022-12,S001,P0011,Clothing,South,3426,0,1,0.19017435853511125,Truck_1,Delayed,Heavy,34,1,Mechanical Failure,0,0.9748970026211302,0
2022-12,S001,P0012,Electronics,North,3783,0,1,0.3447759678775697,Truck_8,Delayed,Detour,52,1,Traffic,0,0.4818217796274296,0
2022-12,S001,P0013,Furniture,South,3250,0,1,0.15635297134493195,Truck_5,In Transit,Clear,18,0,Weather,1,0.29261281039038667,1
2022-12,S001,P0014,Furniture,North,3730,0,1,0.19029607187944997,Truck_9,Delivered,Clear,41,0,Mechanical Failure,1,0.35733527356351596,1
2022-12,S001,P0015,Electronics,East,3301,0,0,0.17758150587486296,Truck_6,Delayed,Detour,33,1,Weather,0,0.4630381665487516,0
2022-12,S001,P0016,Furniture,North,3201,0,1,0.3130046138735149,Truck_7,In Transit,Clear,47,0,Weather,1,0.2597080894750686,1
2022-12,S001,P0017,Clothing,East,3394,0,0,0.37615429749117024,Truck_6,Delivered,Heavy,32,1,Weather,0,0.9740868776607161,0
2022-12,S001,P0018,Electronics,North,3432,0,1,0.401139022278046,Truck_4,Delayed,Detour,16,1,Traffic,0,0.663468779436278,0
2022-12,S001,P0019,Electronics,East,3663,0,1,0.1110504661350856,Truck_7,Delayed,Heavy,49,1,Weather,0,0.9597064256742501,0
2022-12,S001,P0020,Groceries,West,3587,0,1,0.22396915278673948,Truck_9,Delayed,Detour,13,1,Mechanical Failure,0,0.5464207348678469,0
2022-12,S002,P0001,Groceries,South,3465,0,1,0.06148656562813162,Truck_2,Delivered,Detour,30,0,None,1,0.2242052855139155,1
2022-12,S002,P0002,Electronics,East,3284,0,1,0.23106872775902082,Truck_6,In Transit,Clear,51,0,Mechanical Failure,1,0.19893388449949356,1
2022-12,S002,P0003,Clothing,East,4280,0,1,0.22539321057023895,Truck_10,Delayed,Detour,24,1,Traffic,0,0.5220499852440789,0
2022-12,S002,P0004,Groceries,North,3110,1,1,0.15501609765682836,Truck_9,Delayed,Heavy,53,1,None,0,0.9668829707288913,0
2022-12,S002,P0005,Electronics,East,3375,0,1,0.2628146801835733,Truck_4,Delayed,Heavy,38,1,Traffic,0,0.9743623009896879,0
2022-12,S002,P0006,Furniture,West,3336,1,1,0.7020027167101011,Truck_6,Delayed,Detour,35,1,None,0,0.38792933290367637,0
2022-12,S002,P0007,Toys,West,3695,1,1,0.19078473968423537,Truck_10,In Transit,Heavy,18,1,None,0,0.9741828406587009,0
2022-12,S002,P0008,Clothing,South,3841,1,1,0.3983354033264194,Truck_2,Delivered,Heavy,44,1,None,0,0.9781215555873222,0
2022-12,S002,P0009,Clothing,North,3442,0,0,0.13488800147192467,Truck_9,Delayed,Clear,24,1,Weather,0,0.4751023689872965,0
2022-12,S002,P0010,Electronics,West,2772,0,1,0.21363241217077353,Truck_3,Delivered,Heavy,29,1,Weather,0,0.9912972284639002,0
2022-12,S002,P0011,Electronics,West,3400,0,1,0.19959845485130445,Truck_3,In Transit,Detour,16,0,Traffic,1,0.303131201277913,1
2022-12,S002,P0012,Groceries,South,3152,0,1,0.13313188039714902,Truck_10,Delayed,Detour,52,1,Mechanical Failure,0,0.6222093157143014,0
2022-12,S002,P0013,Furniture,West,3454,0,0,0.382320706309118,Truck_8,Delivered,Clear,19,0,None,1,0.27010300505061,1
2022-12,S002,P0014,Clothing,East,3812,0,1,0.24186903100422052,Truck_4,Delayed,Detour,12,1,Traffic,0,0.5169707526697923,0
2022-12,S002,P0015,Furniture,East,3245,0,1,0.18335186530882588,Truck_2,Delayed,Clear,55,1,Weather,0,0.5090383446877129,0
2022-12,S002,P0016,Electronics,South,3040,1,1,0.20120422709973568,Truck_9,Delayed,Clear,37,1,Weather,0,0.29596074366339253,0
2022-12,S002,P0017,Toys,North,3928,0,1,0.41905992266998016,Truck_10,Delayed,Detour,49,1,None,0,0.605453817189386,0
2022-12,S002,P0018,Toys,West,3354,0,1,0.1573842155819658,Truck_2,Delayed,Heavy,54,1,Mechanical Failure,0,0.9855113621644155,0
2022-12,S002,P0019,Clothing,East,3107,1,1,0.1864116417551679,Truck_10,Delivered,Heavy,10,1,Weather,0,0.9603923431306494,0
2022-12,S002,P0020,Electronics,North,3307,0,1,0.12913307525661447,Truck_6,Delivered,Heavy,54,1,None,0,0.987803958704694,0
2022-12,S003,P0001,Clothing,North,3534,0,0,0.2221158123935964,Truck_4,In Transit,Heavy,36,1,None,0,0.9750872603030103,0
2022-12,S003,P0002,Furniture,South,3265,0,0,0.10426477872583656,Truck_3,Delivered,Detour,59,0,Weather,1,0.4513235075905683,1
2022-12,S003,P0003,Toys,East,3357,0,1,0.23492194670487748,Truck_2,In Transit,Heavy,22,1,Weather,0,0.9786740362846987,0
2022-12,S003,P0004,Groceries,East,3353,0,1,0.15549836370596834,Truck_10,Delayed,Heavy,34,1,Mechanical Failure,0,0.9846942509280037,0
2022-12,S003,P0005,Toys,South,3437,0,0,0.4530896555600399,Truck_1,Delayed,Clear,35,1,Mechanical Failure,0,0.29699822181593855,0
2022-12,S003,P0006,Clothing,North,3244,0,1,0.3466372847671415,Truck_3,Delayed,Heavy,22,1,None,0,0.9844625116891663,0
2022-12,S003,P0007,Furniture,North,3260,0,0,0.23419790021648532,Truck_10,In Transit,Clear,51,0,None,1,0.39875482575697935,1
2022-12,S003,P0008,Furniture,North,3428,1,1,0.27927910819671725,Truck_8,Delayed,Clear,47,1,Mechanical Failure,0,0.4588030005078361,0
2022-12,S003,P0009,Electronics,East,3252,0,1,0.18109542812317864,Truck_9,In Transit,Clear,10,0,None,1,0.320630724205837,1
2022-12,S003,P0010,Electronics,South,3443,0,1,0.16228388850767309,Truck_10,Delivered,Clear,52,0,Weather,1,0.3292131849984608,1
2022-12,S003,P0011,Clothing,West,3264,0,1,0.19450175529001884,Truck_6,Delivered,Clear,16,0,Weather,1,0.3259930078865175,1
2022-12,S003,P0012,Clothing,North,3714,0,1,0.12334332675456623,Truck_4,Delivered,Heavy,41,1,Weather,0,0.9788956898189869,0
2022-12,S003,P0013,Electronics,North,3496,0,1,0.12303337139426755,Truck_5,In Transit,Detour,13,0,None,1,0.23688062326321568,1
2022-12,S003,P0014,Clothing,East,3710,0,1,0.22927197347591233,Truck_2,Delivered,Detour,38,0,Traffic,1,0.226833083015328,1
2022-12,S003,P0015,Electronics,East,3485,0,1,0.16805356184443104,Truck_4,Delivered,Clear,43,0,Mechanical Failure,1,0.2782114270205592,1
2022-12,S003,P0016,Toys,South,3503,0,0,0.2746130837267702,Truck_1,In Transit,Heavy,60,1,None,0,0.9451566700934787,0
2022-12,S003,P0017,Toys,South,3389,0,1,0.16520558085591847,Truck_4,Delayed,Detour,60,1,Weather,0,0.4598442572619926,0
2022-12,S003,P0018,Electronics,South,3201,0,0,0.1657388682956077,Truck_1,In Transit,Heavy,38,1,Weather,0,0.9747563838272191,0
2022-12,S003,P0019,Furniture,West,3259,0,1,0.2926395139306409,Truck_9,Delivered,Heavy,26,1,Traffic,0,0.973043068122172,0
2022-12,S003,P0020,Furniture,East,3672,0,1,0.49995274890463065,Truck_10,Delivered,Heavy,12,1,None,0,0.9759087931985863,0
2022-12,S004,P0001,Electronics,South,3746,0,0,0.1529941632601754,Truck_9,Delivered,Clear,10,0,Traffic,1,0.4097142306054832,1
2022-12,S004,P0002,Furniture,North,3782,0,1,0.21045335332172613,Truck_1,In Transit,Clear,42,0,None,1,0.2536736253192952,1
2022-12,S004,P0003,Furniture,South,3057,0,1,0.11731969912065335,Truck_2,Delivered,Clear,29,0,Traffic,1,0.3290698669901153,1
2022-12,S004,P0004,Furniture,North,3650,0,1,0.20311993070788212,Truck_10,In Transit,Clear,51,0,None,1,0.39875482575697935,1
2022-12,S004,P0005,Clothing,North,3219,0,1,0.20447900061143517,Truck_8,Delivered,Detour,43,0,Weather,1,0.30273252031893516,1
2022-12,S004,P0006,Furniture,South,3780,0,1,0.1822958952170937,Truck_7,Delivered,Heavy,47,1,None,0,0.9745778872267523,0
2022-12,S004,P0007,Electronics,East,3552,0,0,0.24423358082009916,Truck_8,Delivered,Heavy,20,1,Mechanical Failure,0,0.9425627689527105,0
2022-12,S004,P0008,Toys,West,3054,0,1,0.17822756612802942,Truck_5,Delayed,Clear,28,1,Traffic,0,0.6228901719924056,0
2022-12,S004,P0009,Toys,North,3467,0,1,0.22033969736592957,Truck_2,Delivered,Heavy,10,1,None,0,0.9762187094861112,0
2022-12,S004,P0010,Furniture,North,3793,0,1,0.45282646767325685,Truck_2,Delivered,Detour,25,0,Mechanical Failure,1,0.3290038170987841,1
2022-12,S004,P0011,Clothing,East,3025,0,0,0.07032967031582958,Truck_10,Delayed,Detour,29,1,None,0,0.5668065278292487,0
2022-12,S004,P0012,Clothing,West,3438,1,1,0.07244356705687666,Truck_7,In Transit,Clear,25,0,Weather,1,0.24999750206102633,0
2022-12,S004,P0013,Electronics,North,3453,0,1,0.17199343532277486,Truck_2,In Transit,Heavy,41,1,Mechanical Failure,0,0.982857774400679,0
2022-12,S004,P0014,Furniture,South,3234,0,1,0.29294696625774486,Truck_9,Delivered,Heavy,41,1,None,0,0.9738068403536202,0
2022-12,S004,P0015,Clothing,South,3428,0,0,0.426865327751813,Truck_9,Delivered,Clear,14,0,None,1,0.20614523828956116,1
2022-12,S004,P0016,Electronics,East,3260,0,1,0.1666031126005753,Truck_3,Delivered,Detour,59,0,Weather,1,0.4513235075905683,1
2022-12,S004,P0017,Toys,East,3745,0,1,0.12880424713376273,Truck_7,In Transit,Detour,18,0,Weather,1,0.27123419279928007,1
2022-12,S004,P0018,Electronics,East,3041,0,0,0.11931480538911249,Truck_9,Delayed,Detour,35,1,Mechanical Failure,0,0.47875167273712305,0
2022-12,S004,P0019,Clothing,East,3176,0,0,0.4785606192978392,Truck_8,Delivered,Detour,24,0,Mechanical Failure,1,0.28121770395854845,1
2022-12,S004,P0020,Toys,East,3362,0,1,0.4660102150936892,Truck_2,In Transit,Detour,41,0,None,1,0.22483896482356425,1
2022-12,S005,P0001,Clothing,North,3241,0,0,0.1404962544583575,Truck_6,Delivered,Heavy,36,1,Mechanical Failure,0,0.9757937395985026,0
2022-12,S005,P0002,Toys,South,3564,0,1,0.13067642219872447,Truck_9,In Transit,Clear,28,0,Weather,1,0.3699730979842758,1
2022-12,S005,P0003,Toys,South,3794,0,0,0.16415452150313822,Truck_3,Delayed,Clear,47,1,Traffic,0,0.513289554181374,0
2022-12,S005,P0004,Groceries,West,3188,0,0,0.40407251668942396,Truck_6,Delivered,Clear,54,0,Weather,1,0.20742403844730872,1
2022-12,S005,P0005,Electronics,North,3378,1,1,0.2963213948710158,Truck_6,In Transit,Heavy,41,1,Mechanical Failure,0,0.9846587277218096,0
2022-12,S005,P0006,Clothing,East,3213,0,0,0.4985637175585841,Truck_8,Delayed,Clear,21,1,None,0,0.5151694551579822,0
2022-12,S005,P0007,Furniture,East,3262,0,1,0.1604935925611168,Truck_2,Delivered,Clear,29,0,Mechanical Failure,1,0.29062858211666204,1
2022-12,S005,P0008,Clothing,West,3330,0,1,0.14989372013556249,Truck_10,Delayed,Heavy,19,1,Mechanical Failure,0,0.977402463929291,0
2022-12,S005,P0009,Clothing,North,3320,0,1,0.1314705808821726,Truck_10,Delayed,Heavy,25,1,None,0,0.9747992605280156,0
2022-12,S005,P0010,Groceries,East,3300,0,0,0.4147420098665465,Truck_9,In Transit,Detour,30,0,Traffic,1,0.3113285981323372,1
2022-12,S005,P0011,Groceries,East,3346,0,0,0.18693616301335064,Truck_8,Delivered,Heavy,51,1,Mechanical Failure,0,0.9786200096036464,0
2022-12,S005,P0012,Toys,West,3274,0,1,0.4925341847715228,Truck_8,In Transit,Heavy,53,1,Mechanical Failure,0,0.9917238255351246,0
2022-12,S005,P0013,Electronics,South,3790,0,0,0.14563229212646003,Truck_4,Delayed,Clear,60,1,Traffic,0,0.31945458415359834,0
2022-12,S005,P0014,Clothing,East,3306,0,0,0.28980351786773695,Truck_7,Delayed,Detour,28,1,None,0,0.540922357517136,0
2022-12,S005,P0015,Electronics,North,2780,0,1,0.20167999843589232,Truck_4,In Transit,Heavy,55,1,None,0,0.9800484129501905,0
2022-12,S005,P0016,Groceries,West,3454,1,1,0.1410384311055369,Truck_10,Delivered,Clear,60,0,Weather,1,0.3054164088338985,0
2022-12,S005,P0017,Furniture,North,3730,0,1,0.25796278078310575,Truck_1,Delayed,Clear,15,1,Traffic,0,0.4293589286799424,0
2022-12,S005,P0018,Furniture,West,3010,0,1,0.18096434335588132,Truck_10,In Transit,Heavy,13,1,None,0,0.9908626792315971,0
2022-12,S005,P0019,Furniture,North,3072,0,1,0.24833224592062247,Truck_10,In Transit,Heavy,13,1,Weather,0,0.9825929810796115,0
2022-12,S005,P0020,Groceries,North,3065,1,1,0.09814514117002966,Truck_2,Delayed,Heavy,23,1,Traffic,0,0.9758870320698868,0
2023-01,S001,P0001,Clothing,South,3052,0,0,0.2546624691878857,Truck_5,Delivered,Clear,55,0,Weather,1,0.270993355759441,1
2023-01,S001,P0002,Groceries,East,3672,0,0,0.06484304757831245,Truck_4,In Transit,Heavy,25,1,None,0,0.9661866928711759,0
2023-01,S001,P0003,Electronics,West,3614,0,0,0.12784794807427521,Truck_8,Delivered,Detour,24,0,Mechanical Failure,1,0.24366075960552233,1
2023-01,S001,P0004,Furniture,North,3560,0,1,0.1741403681786646,Truck_6,In Transit,Detour,25,0,None,1,0.25025390345784665,1
2023-01,S001,P0005,Toys,East,3444,0,1,0.14246362312076236,Truck_3,Delivered,Heavy,57,1,Traffic,0,0.952747644233132,0
2023-01,S001,P0006,Clothing,West,3126,0,1,0.21019646660782956,Truck_3,Delayed,Detour,41,1,None,0,0.44465553010898806,0
2023-01,S001,P0007,Electronics,West,3660,0,1,0.13690913263364243,Truck_7,Delayed,Heavy,34,1,Traffic,0,0.9808741748781986,0
2023-01,S001,P0008,Furniture,East,3589,0,0,0.4329969464015186,Truck_7,Delayed,Detour,42,1,Weather,0,0.49761361671459126,0
2023-01,S001,P0009,Electronics,North,3598,0,1,0.3852299321062183,Truck_2,Delivered,Detour,47,0,Traffic,1,0.26881884119197647,1
2023-01,S001,P0010,Toys,West,3636,0,1,0.1718686932438433,Truck_2,In Transit,Heavy,55,1,Mechanical Failure,0,0.9718192213697284,0
2023-01,S001,P0011,Groceries,South,3248,0,1,0.14355658230428767,Truck_3,Delayed,Heavy,49,1,Mechanical Failure,0,0.9796281832152277,0
2023-01,S001,P0012,Furniture,East,3276,0,1,0.3858823857567031,Truck_5,In Transit,Detour,32,0,Traffic,1,0.24778830203314578,1
2023-01,S001,P0013,Groceries,East,3660,0,1,0.13981220964144936,Truck_8,In Transit,Detour,11,0,None,1,0.29539245478974135,1
2023-01,S001,P0014,Toys,West,3523,0,1,0.10352196949999769,Truck_3,Delayed,Clear,48,1,Weather,0,0.494289112852723,0
2023-01,S001,P0015,Electronics,West,3371,0,1,0.1482405280238895,Truck_5,Delivered,Heavy,14,1,None,0,0.9860255354689126,0
2023-01,S001,P0016,Furniture,South,2886,0,1,0.20903442631627622,Truck_8,In Transit,Clear,59,0,None,1,0.25968508616621483,1
2023-01,S001,P0017,Toys,West,3343,0,1,0.23270631705595837,Truck_7,Delayed,Detour,18,1,Weather,0,0.5117863024814961,0
2023-01,S001,P0018,Toys,East,3690,0,0,0.2216849929032743,Truck_6,In Transit,Clear,31,0,Traffic,1,0.36468882560451377,1
2023-01,S001,P0019,Electronics,East,3880,0,1,0.448381700094853,Truck_6,In Transit,Clear,46,0,Traffic,1,0.2517993777765381,1
2023-01,S001,P0020,Clothing,East,3335,0,1,0.745497856978947,Truck_2,Delayed,Detour,45,1,Weather,0,0.43210468167068244,0
2023-01,S002,P0001,Toys,East,3615,0,0,0.2153922365559504,Truck_3,Delivered,Heavy,29,1,Weather,0,0.9912972284639002,0
2023-01,S002,P0002,Furniture,East,3274,0,0,0.452092229066175,Truck_6,In Transit,Clear,43,0,Traffic,1,0.23035389529623085,1
2023-01,S002,P0003,Groceries,North,3283,0,1,0.22895881763162496,Truck_3,Delivered,Detour,38,0,None,1,0.2867709518656788,1
2023-01,S002,P0004,Furniture,East,2838,0,1,0.1464050981902794,Truck_4,In Transit,Detour,29,0,Mechanical Failure,1,0.2559766879151395,1
2023-01,S002,P0005,Clothing,South,3369,1,1,0.07618826751228946,Truck_7,In Transit,Clear,38,0,None,1,0.2586471134335007,0
2023-01,S002,P0006,Groceries,South,2817,0,0,0.15226185791527402,Truck_2,Delivered,Clear,34,0,None,1,0.2076110416841486,1
2023-01,S002,P0007,Toys,South,3074,0,1,0.6408163224721696,Truck_5,Delayed,Heavy,46,1,None,0,0.9886352729957382,0
2023-01,S002,P0008,Clothing,West,3702,0,0,0.20558554094090328,Truck_8,Delivered,Detour,24,0,Mechanical Failure,1,0.24366075960552233,1
2023-01,S002,P0009,Groceries,South,3862,0,1,0.1712243919987597,Truck_6,Delayed,Detour,44,1,None,0,0.3970120422941156,0
2023-01,S002,P0010,Electronics,East,3257,0,1,0.2854729300337847,Truck_7,Delivered,Heavy,19,1,Weather,0,0.9706414852988999,0
2023-01,S002,P0011,Electronics,South,2893,0,1,0.19473711049419354,Truck_7,Delayed,Detour,28,1,Traffic,0,0.4268092435130282,0
2023-01,S002,P0012,Clothing,North,3489,1,1,0.5806130720339305,Truck_2,In Transit,Clear,33,0,Traffic,1,0.23831241580353862,0
2023-01,S002,P0013,Groceries,South,3395,0,1,0.22515816788866055,Truck_5,Delivered,Clear,51,0,Weather,1,0.37981590003427995,1
2023-01,S002,P0014,Clothing,South,3569,1,0,0.26842746040964294,Truck_1,Delivered,Clear,31,0,Traffic,1,0.22076463402482271,0
2023-01,S002,P0015,Clothing,North,3716,0,0,0.1220290675923496,Truck_2,Delivered,Heavy,44,1,None,0,0.9781215555873222,0
2023-01,S002,P0016,Toys,East,3051,0,1,0.173254882713659,Truck_1,Delivered,Clear,24,0,Traffic,1,0.1908442691684983,1
2023-01,S002,P0017,Clothing,West,3322,0,0,0.2707969978701307,Truck_7,Delayed,Clear,56,1,None,0,0.6065876800637091,0
2023-01,S002,P0018,Electronics,West,3113,1,1,0.13896237929937294,Truck_7,Delayed,Detour,36,1,Mechanical Failure,0,0.438588217001022,0
2023-01,S002,P0019,Furniture,East,3446,0,1,0.34695166410223066,Truck_6,Delivered,Detour,45,0,None,1,0.2911018953891453,1
2023-01,S002,P0020,Electronics,West,3391,0,0,0.1605776359286126,Truck_2,Delayed,Clear,12,1,Mechanical Failure,0,0.6603445515886263,0
2023-01,S003,P0001,Toys,West,3449,0,0,0.18993945342557172,Truck_10,Delivered,Clear,49,0,Mechanical Failure,1,0.3083513279700869,1
2023-01,S003,P0002,Electronics,East,3322,0,0,0.10719876318923813,Truck_5,In Transit,Detour,56,0,Mechanical Failure,1,0.24243764639407353,1
2023-01,S003,P0003,Electronics,North,3669,0,1,0.2078738200625439,Truck_2,In Transit,Heavy,55,1,Mechanical Failure,0,0.9718192213697284,0
2023-01,S003,P0004,Toys,North,2968,0,0,0.5766055317232297,Truck_5,In Transit,Clear,40,0,Weather,1,0.3220324303399337,1
2023-01,S003,P0005,Furniture,South,3022,0,0,0.1882347423850336,Truck_1,Delivered,Detour,55,0,None,1,0.18712795785431666,1
2023-01,S003,P0006,Clothing,West,3171,0,1,0.17514332890283646,Truck_4,In Transit,Heavy,55,1,Weather,0,0.9876704394656608,0
2023-01,S003,P0007,Clothing,South,3256,0,1,0.596650845628207,Truck_6,Delivered,Heavy,23,1,Mechanical Failure,0,0.9816579719027938,0
2023-01,S003,P0008,Groceries,North,3625,0,0,0.2710453043834759,Truck_9,In Transit,Detour,59,0,None,1,0.24634888384627893,1
2023-01,S003,P0009,Groceries,South,3585,0,1,0.15950958636402998,Truck_10,Delayed,Clear,36,1,Traffic,0,0.4239771138579894,0
2023-01,S003,P0010,Electronics,South,3688,1,1,0.11127832111072594,Truck_7,In Transit,Clear,21,0,Mechanical Failure,1,0.3011494441666766,0
2023-01,S003,P0011,Electronics,North,3506,0,0,0.20645456638108317,Truck_8,In Transit,Detour,16,0,Weather,1,0.2534331786157692,1
2023-01,S003,P0012,Groceries,East,3496,0,1,0.10272988163475244,Truck_10,Delivered,Clear,39,0,Weather,1,0.2850538433802944,1
2023-01,S003,P0013,Electronics,South,3773,0,1,0.28625888292921275,Truck_5,Delivered,Heavy,14,1,None,0,0.9860255354689126,0
2023-01,S003,P0014,Groceries,North,3210,0,1,0.24876110204400978,Truck_3,Delivered,Heavy,52,1,Traffic,0,0.960716826799266,0
2023-01,S003,P0015,Toys,South,3420,0,0,0.1158518775911299,Truck_3,Delivered,Heavy,29,1,Weather,0,0.9912972284639002,0
2023-01,S003,P0016,Furniture,North,3884,0,1,0.22134874225475037,Truck_6,In Transit,Clear,51,0,Mechanical Failure,1,0.19893388449949356,1
2023-01,S003,P0017,Electronics,East,3425,1,1,0.14148795662394206,Truck_2,Delayed,Clear,57,1,Weather,0,0.511778953192505,0
2023-01,S003,P0018,Toys,North,3463,0,1,0.08203322781904838,Truck_2,Delayed,Detour,32,1,Traffic,0,0.6013552952058284,0
2023-01,S003,P0019,Clothing,East,3471,1,1,0.1325397913151681,Truck_3,Delayed,Heavy,54,1,Traffic,0,0.956223084404294,0
2023-01,S003,P0020,Groceries,North,3962,0,0,0.1329644312807369,Truck_10,In Transit,Heavy,13,1,Weather,0,0.9825929810796115,0
2023-01,S004,P0001,Groceries,South,3824,0,1,0.18452022821010347,Truck_9,Delivered,Clear,30,0,None,1,0.2989762942992682,1
2023-01,S004,P0002,Electronics,East,3659,0,0,0.11742066063783464,Truck_1,Delayed,Detour,52,1,Weather,0,0.5248544467563225,0
2023-01,S004,P0003,Groceries,North,3181,0,1,1.1164915854247486,Truck_2,Delivered,Detour,22,0,Traffic,1,0.230118511089252,1
2023-01,S004,P0004,Electronics,East,3672,0,0,0.36932494892981776,Truck_8,Delivered,Heavy,41,1,Mechanical Failure,0,0.9444577410978116,0
2023-01,S004,P0005,Electronics,East,3222,0,0,0.19939142833601145,Truck_2,Delivered,Detour,51,0,None,1,0.301911717534301,1
2023-01,S004,P0006,Groceries,West,3681,0,1,0.3397486697655202,Truck_8,In Transit,Heavy,50,1,Mechanical Failure,0,0.9916357716940923,0
2023-01,S004,P0007,Clothing,South,4011,0,1,0.24038580771826498,Truck_5,Delayed,Detour,52,1,Weather,0,0.46530402411260213,0
2023-01,S004,P0008,Groceries,South,3968,0,0,0.13873078467815889,Truck_10,Delivered,Detour,52,0,Traffic,1,0.5405126770952109,1
2023-01,S004,P0009,Clothing,South,2984,1,1,0.15947415130294834,Truck_7,In Transit,Clear,28,0,None,1,0.33139326004327235,0
2023-01,S004,P0010,Toys,North,3520,0,1,0.10012205620469536,Truck_6,Delivered,Clear,46,0,Mechanical Failure,1,0.5576418071095443,1
2023-01,S004,P0011,Clothing,North,3426,1,1,0.12676627139910773,Truck_5,Delayed,Clear,51,1,Traffic,0,0.37745250741901537,0
2023-01,S004,P0012,Groceries,North,2951,0,1,0.1164126224749634,Truck_4,Delayed,Detour,39,1,None,0,0.5100369767062964,0
2023-01,S004,P0013,Groceries,East,3735,1,1,0.30623152454138275,Truck_2,In Transit,Heavy,22,1,Weather,0,0.9786740362846987,0
2023-01,S004,P0014,Electronics,East,3523,0,1,0.2990222843367889,Truck_10,Delayed,Heavy,45,1,Mechanical Failure,0,0.9742150614027244,0
2023-01,S004,P0015,Clothing,North,3448,0,1,0.15283623652861,Truck_4,Delayed,Detour,12,1,Traffic,0,0.5169707526697923,0
2023-01,S004,P0016,Groceries,North,3378,0,1,0.1205479956052793,Truck_1,Delayed,Clear,15,1,Traffic,0,0.4293589286799424,0
2023-01,S004,P0017,Toys,North,3080,0,0,0.16946056244607718,Truck_8,In Transit,Detour,16,0,Weather,1,0.28858269091889543,1
2023-01,S004,P0018,Electronics,West,3551,0,1,0.14251512334742375,Truck_5,Delivered,Heavy,32,1,Mechanical Failure,0,0.976767883082192,0
2023-01,S004,P0019,Clothing,West,2675,0,1,0.850668202743975,Truck_9,Delivered,Clear,14,0,None,1,0.20614523828956116,1
2023-01,S004,P0020,Groceries,West,3181,0,1,0.10756731932822686,Truck_6,In Transit,Clear,35,0,Weather,1,0.3031678013111301,1
2023-01,S005,P0001,Toys,East,3970,0,1,0.13846502304206226,Truck_4,In Transit,Clear,39,0,Mechanical Failure,1,0.3240776289715249,1
2023-01,S005,P0002,Furniture,North,3464,1,0,0.38242960996970987,Truck_4,In Transit,Clear,39,0,Mechanical Failure,1,0.3240776289715249,0
2023-01,S005,P0003,Electronics,West,3387,0,1,0.1318244561546172,Truck_7,In Transit,Clear,32,0,Weather,1,0.22494427598972244,1
2023-01,S005,P0004,Furniture,East,3508,0,0,0.23536470288676997,Truck_5,Delivered,Heavy,16,1,Weather,0,0.976665869985894,0
2023-01,S005,P0005,Toys,East,3494,0,1,0.5996065249678467,Truck_9,Delayed,Clear,34,1,None,0,0.4283745611404659,0
2023-01,S005,P0006,Electronics,West,3280,1,1,0.36111225887003223,Truck_6,Delivered,Clear,46,0,Mechanical Failure,1,0.5576418071095443,0
2023-01,S005,P0007,Toys,North,3747,0,1,0.13956719089396372,Truck_7,Delayed,Clear,30,1,Weather,0,0.43359079825046787,0
2023-01,S005,P0008,Electronics,South,3270,1,0,0.20385501016074367,Truck_4,Delayed,Detour,42,1,Traffic,0,0.5709297777246098,0
2023-01,S005,P0009,Clothing,North,3333,0,1,0.7657789299449514,Truck_5,In Transit,Clear,38,0,Weather,1,0.25135960402371416,1
2023-01,S005,P0010,Furniture,North,3747,0,1,0.17905070678978127,Truck_10,In Transit,Detour,32,0,Weather,1,0.47678574902481335,1
2023-01,S005,P0011,Toys,West,3503,0,1,0.32070470276760293,Truck_5,Delayed,Detour,24,1,Traffic,0,0.5239595604996744,0
2023-01,S005,P0012,Furniture,South,3396,0,1,0.18459457297400197,Truck_4,In Transit,Clear,52,0,None,1,0.32479902720444537,1
2023-01,S005,P0013,Furniture,South,3301,0,1,0.10797634187872204,Truck_9,Delivered,Detour,16,0,Traffic,1,0.29869031595987655,1
2023-01,S005,P0014,Toys,South,3054,1,1,0.20081988812130247,Truck_7,Delayed,Clear,56,1,None,0,0.6065876800637091,0
2023-01,S005,P0015,Clothing,North,2918,0,1,0.09139495993463882,Truck_4,Delivered,Clear,52,0,Mechanical Failure,1,0.3230095068306333,1
2023-01,S005,P0016,Groceries,South,3601,0,1,0.2990192256040781,Truck_6,Delivered,Heavy,44,1,Mechanical Failure,0,0.9668531399227979,0
2023-01,S005,P0017,Groceries,North,3299,1,1,0.21567010881233423,Truck_9,Delivered,Clear,58,0,Mechanical Failure,1,0.23761761546123006,0
2023-01,S005,P0018,Groceries,West,3092,0,0,0.1417507126633359,Truck_6,Delayed,Detour,30,1,Weather,0,0.5020736247239241,0
2023-01,S005,P0019,Clothing,North,3138,1,1,0.31547935213133477,Truck_3,Delayed,Detour,33,1,Traffic,0,0.439527266380287,0
2023-01,S005,P0020,Furniture,East,3201,0,1,0.2530988387632179,Truck_8,Delayed,Heavy,17,1,None,0,0.9772879137181988,0
2023-02,S001,P0001,Furniture,North,2736,0,1,0.086625928684846,Truck_5,Delivered,Heavy,28,1,Weather,0,0.9813413772588544,0
2023-02,S001,P0002,Electronics,South,3197,0,1,0.13726439978081995,Truck_8,Delayed,Clear,35,1,Weather,0,0.3706686389844648,0
2023-02,S001,P0003,Clothing,South,3424,0,1,0.1459202075151908,Truck_6,Delivered,Heavy,32,1,Weather,0,0.9557430491527853,0
2023-02,S001,P0004,Electronics,West,2804,0,0,0.17507428643958514,Truck_4,Delayed,Detour,50,1,None,0,0.5210599992859017,0
2023-02,S001,P0005,Clothing,North,2887,0,1,0.4314280276511333,Truck_1,Delivered,Heavy,59,1,Traffic,0,0.9726546581930781,0
2023-02,S001,P0006,Groceries,West,2862,0,1,0.8083823069963164,Truck_9,Delivered,Clear,12,0,Weather,1,0.23322958093643142,1
2023-02,S001,P0007,Clothing,South,3339,0,1,0.1530565235332142,Truck_6,In Transit,Heavy,33,1,Weather,0,0.9863140207637032,0
2023-02,S001,P0008,Clothing,North,3011,0,0,0.135777068086095,Truck_2,Delivered,Clear,18,0,Weather,1,0.5641251565609381,1
2023-02,S001,P0009,Clothing,East,3451,0,0,0.13696806555659696,Truck_8,Delivered,Heavy,51,1,Mechanical Failure,0,0.9786200096036464,0
2023-02,S001,P0010,Groceries,West,3432,0,0,0.7212394724629742,Truck_10,Delivered,Clear,52,0,Weather,1,0.3292131849984608,1
2023-02,S001,P0011,Toys,North,3147,0,1,0.0935790617111134,Truck_5,In Transit,Clear,32,0,None,1,0.251267490347751,1
2023-02,S001,P0012,Furniture,North,2616,0,1,0.2167680918050824,Truck_8,In Transit,Heavy,51,1,Mechanical Failure,0,0.9793542928811471,0
2023-02,S001,P0013,Electronics,West,3327,0,1,0.19913994839128496,Truck_5,Delivered,Clear,51,0,Traffic,1,0.316044641245697,1
2023-02,S001,P0014,Clothing,South,3255,0,1,0.14607817075108587,Truck_10,Delayed,Clear,50,1,Mechanical Failure,0,0.48521503668730104,0
2023-02,S001,P0015,Groceries,East,2789,0,1,0.33139959888101156,Truck_5,Delivered,Detour,57,0,Traffic,1,0.20158754570858706,1
2023-02,S001,P0016,Electronics,South,3016,0,0,0.23055642275939306,Truck_9,Delayed,Detour,52,1,Mechanical Failure,0,0.5153850230103331,0
2023-02,S001,P0017,Furniture,East,3331,0,1,0.6240045147650065,Truck_9,Delayed,Heavy,31,1,Mechanical Failure,0,0.9711999935405424,0
2023-02,S001,P0018,Clothing,West,2923,1,1,0.17939428118795617,Truck_4,In Transit,Clear,30,0,Traffic,1,0.21783434361995765,0
2023-02,S001,P0019,Clothing,East,2681,1,0,0.155645310199495,Truck_6,Delivered,Clear,54,0,Weather,1,0.20742403844730872,0
2023-02,S001,P0020,Clothing,West,2894,0,1,0.06203340113106735,Truck_8,Delayed,Heavy,35,1,Mechanical Failure,0,0.959198196291581,0
2023-02,S002,P0001,Clothing,West,3158,0,0,0.1743983414398078,Truck_8,In Transit,Clear,59,0,None,1,0.25968508616621483,1
2023-02,S002,P0002,Toys,East,3359,1,1,0.1289352655206232,Truck_7,Delivered,Heavy,58,1,Traffic,0,0.9464520357524069,0
2023-02,S002,P0003,Clothing,South,2880,0,0,0.1955163952040325,Truck_5,In Transit,Detour,38,0,Mechanical Failure,1,0.4294237184796374,1
2023-02,S002,P0004,Groceries,West,3065,1,1,0.8945325392785379,Truck_5,Delivered,Clear,27,0,Weather,1,0.24831044142584222,0
2023-02,S002,P0005,Furniture,East,2979,0,1,0.2805782317637592,Truck_3,Delayed,Clear,48,1,Weather,0,0.494289112852723,0
2023-02,S002,P0006,Toys,East,3071,0,1,0.3735595128996611,Truck_3,Delayed,Heavy,46,1,Traffic,0,0.9587469141283189,0
2023-02,S002,P0007,Toys,West,3008,0,1,0.11969994704795554,Truck_9,In Transit,Clear,51,0,Mechanical Failure,1,0.3621239031672847,1
2023-02,S002,P0008,Toys,South,2513,0,0,0.2812337886298387,Truck_6,In Transit,Clear,51,0,Mechanical Failure,1,0.19893388449949356,1
2023-02,S002,P0009,Electronics,East,3267,0,1,0.16184440088855787,Truck_10,Delayed,Heavy,45,1,Mechanical Failure,0,0.9742150614027244,0
2023-02,S002,P0010,Electronics,East,2828,0,1,0.24747753762478752,Truck_3,In Transit,Clear,33,0,Weather,1,0.23260148263864605,1
2023-02,S002,P0011,Furniture,South,2813,0,1,0.16345588851262544,Truck_1,Delivered,Heavy,10,1,None,0,0.9796224762879152,0
2023-02,S002,P0012,Groceries,North,2644,0,1,0.11259013095251655,Truck_6,Delivered,Heavy,29,1,None,0,0.9760454463242171,0
2023-02,S002,P0013,Furniture,South,3258,0,1,0.11159830235720299,Truck_2,Delayed,Clear,47,1,Traffic,0,0.6089557119620504,0
2023-02,S002,P0014,Clothing,West,3086,0,1,0.15520008293100007,Truck_10,Delivered,Heavy,11,1,Mechanical Failure,0,0.9635387799635702,0
2023-02,S002,P0015,Furniture,West,2868,0,1,0.39832631307681904,Truck_5,Delayed,Heavy,22,1,Weather,0,0.9841100868284025,0
2023-02,S002,P0016,Furniture,East,3276,0,0,0.09739950785813524,Truck_2,Delivered,Heavy,10,1,None,0,0.9762187094861112,0
2023-02,S002,P0017,Clothing,North,3133,0,1,0.12707852882683532,Truck_3,In Transit,Heavy,10,1,Weather,0,0.9899613308095173,0
2023-02,S002,P0018,Electronics,North,2989,0,1,0.6307166799721561,Truck_9,Delayed,Detour,22,1,Mechanical Failure,0,0.424681987118813,0
2023-02,S002,P0019,Toys,South,3293,0,1,0.2538832550826882,Truck_1,Delivered,Detour,58,0,Traffic,1,0.21828599722358066,1
2023-02,S002,P0020,Furniture,South,3603,0,1,0.16408835288826554,Truck_9,Delivered,Heavy,24,1,Mechanical Failure,0,0.959721682607662,0
2023-02,S003,P0001,Toys,West,3632,0,0,0.30318983645522046,Truck_4,In Transit,Detour,51,0,Traffic,1,0.34887705159606136,1
2023-02,S003,P0002,Clothing,South,3419,0,1,0.2959879401828977,Truck_3,Delivered,Heavy,17,1,Traffic,0,0.9704558730459892,0
2023-02,S003,P0003,Furniture,South,3037,0,1,0.2038397192934196,Truck_4,Delayed,Clear,19,1,Mechanical Failure,0,0.6588784368888934,0
2023-02,S003,P0004,Clothing,East,2461,0,0,0.1415894008709038,Truck_7,Delivered,Clear,22,0,Traffic,1,0.3821756242700907,1
2023-02,S003,P0005,Toys,East,3331,0,1,0.1547054688644587,Truck_9,Delivered,Clear,55,0,Mechanical Failure,1,0.31582909426332617,1
2023-02,S003,P0006,Groceries,East,2806,0,0,0.32953537729886445,Truck_2,In Transit,Detour,35,0,None,1,0.31240507794391514,1
2023-02,S003,P0007,Furniture,South,2876,0,0,0.25193867118843893,Truck_3,Delivered,Detour,29,0,Mechanical Failure,1,0.3185285156940103,1
2023-02,S003,P0008,Toys,East,2775,0,1,0.10516506626421294,Truck_3,Delivered,Heavy,55,1,Weather,0,0.9875316451983981,0
2023-02,S003,P0009,Electronics,South,2752,0,0,0.6268386680416022,Truck_8,Delayed,Detour,27,1,None,0,0.3030831488929916,0
2023-02,S003,P0010,Furniture,South,3129,0,0,0.09118361304528809,Truck_1,Delivered,Detour,21,0,Traffic,1,0.37894783102246615,1
2023-02,S003,P0011,Toys,North,3139,0,0,0.08817668811807812,Truck_9,In Transit,Heavy,37,1,Mechanical Failure,0,0.9752144037664889,0
2023-02,S003,P0012,Groceries,North,3166,0,0,0.48244491041088855,Truck_2,Delayed,Detour,41,1,Weather,0,0.3148759023439316,0
2023-02,S003,P0013,Clothing,East,3349,0,1,0.11718439619419296,Truck_2,Delivered,Heavy,59,1,Mechanical Failure,0,0.9963372987180732,0
2023-02,S003,P0014,Clothing,North,3546,0,1,0.2466311249806859,Truck_4,Delayed,Heavy,37,1,None,0,0.9795043419642081,0
2023-02,S003,P0015,Clothing,West,3508,1,1,0.35905424799351,Truck_1,Delayed,Heavy,44,1,Mechanical Failure,0,0.9745310282334226,0
2023-02,S003,P0016,Electronics,East,3266,0,1,0.16576344681361038,Truck_8,Delayed,Clear,36,1,Weather,0,0.2902576468400355,0
2023-02,S003,P0017,Groceries,West,3336,0,1,0.13822559937164056,Truck_9,Delayed,Clear,16,1,None,0,0.5292338683764828,0
2023-02,S003,P0018,Groceries,West,3101,0,1,0.12698693690128474,Truck_7,In Transit,Heavy,55,1,None,0,0.9861866388041538,0
2023-02,S003,P0019,Furniture,East,3364,0,1,0.1316060832563561,Truck_5,In Transit,Heavy,43,1,Mechanical Failure,0,0.9817342572707395,0
2023-02,S003,P0020,Groceries,East,3281,0,0,0.8793364896226299,Truck_4,Delivered,Clear,43,0,None,1,0.42799379751498917,1
2023-02,S004,P0001,Clothing,North,3282,0,1,0.2640011935881509,Truck_5,Delivered,Detour,50,0,Traffic,1,0.3039811513684447,1
2023-02,S004,P0002,Electronics,East,3212,0,1,0.1751638480106073,Truck_4,Delayed,Heavy,34,1,Weather,0,0.985462624041054,0
2023-02,S004,P0003,Furniture,North,2712,0,1,0.27533007042449087,Truck_5,Delivered,Clear,12,0,Mechanical Failure,1,0.2172033508956815,1
2023-02,S004,P0004,Toys,North,2768,0,0,0.19545768044961245,Truck_4,Delayed,Heavy,42,1,Traffic,0,0.9670348720589113,0
2023-02,S004,P0005,Groceries,East,2648,0,1,0.3756448718378808,Truck_2,In Transit,Heavy,41,1,None,0,0.9865898712492743,0
2023-02,S004,P0006,Clothing,South,3124,0,1,0.05836388071531234,Truck_7,Delayed,Detour,23,1,None,0,0.5231501236814594,0
2023-02,S004,P0007,Furniture,South,2893,1,1,0.2031691163753752,Truck_9,Delivered,Clear,16,0,None,1,0.36235851315122625,0
2023-02,S004,P0008,Furniture,West,3246,0,1,0.27757783707583833,Truck_8,Delivered,Detour,19,0,Mechanical Failure,1,0.25881278631863536,1
2023-02,S004,P0009,Groceries,South,3314,0,1,0.3508068199171612,Truck_2,In Transit,Heavy,55,1,Mechanical Failure,0,0.9718192213697284,0
2023-02,S004,P0010,Electronics,East,3149,0,0,0.08274179470070776,Truck_4,Delayed,Heavy,14,1,None,0,0.9805170071961078,0
2023-02,S004,P0011,Toys,North,2495,0,1,0.14441694866334423,Truck_5,Delayed,Heavy,54,1,Traffic,0,0.9897198503089545,0
2023-02,S004,P0012,Clothing,South,3318,0,0,0.27531056275897914,Truck_2,Delayed,Detour,17,1,None,0,0.3449639243401635,0
2023-02,S004,P0013,Electronics,East,3552,1,1,1.1806448444216826,Truck_1,Delivered,Heavy,10,1,None,0,0.9796224762879152,0
2023-02,S004,P0014,Furniture,West,3293,0,0,0.10465966057500174,Truck_6,In Transit,Heavy,41,1,Mechanical Failure,0,0.9846587277218096,0
2023-02,S004,P0015,Clothing,South,3526,0,1,0.3043655688535488,Truck_7,In Transit,Detour,50,0,Weather,1,0.3032388920697295,1
2023-02,S004,P0016,Toys,West,2951,0,0,0.08868309377755867,Truck_10,Delayed,Detour,21,1,Weather,0,0.6401907514192033,0
2023-02,S004,P0017,Clothing,South,3307,0,0,0.21398352261398498,Truck_3,In Transit,Heavy,58,1,Mechanical Failure,0,0.9800127707775157,0
2023-02,S004,P0018,Clothing,West,3135,0,0,0.35043155364959727,Truck_7,Delayed,Clear,23,1,Mechanical Failure,0,0.4387144628556531,0
2023-02,S004,P0019,Electronics,East,3365,0,0,0.12854418163750445,Truck_4,Delivered,Detour,31,0,Weather,1,0.3525699335423304,1
2023-02,S004,P0020,Furniture,West,3483,0,1,0.4629424280576622,Truck_3,Delayed,Heavy,54,1,Traffic,0,0.956223084404294,0
2023-02,S005,P0001,Groceries,South,2850,0,1,0.104195958994536,Truck_4,Delayed,Detour,43,1,Mechanical Failure,0,0.5475731618972661,0
2023-02,S005,P0002,Furniture,South,2918,1,1,0.13424107805240265,Truck_2,Delivered,Detour,47,0,Traffic,1,0.26881884119197647,0
2023-02,S005,P0003,Clothing,West,2641,0,0,0.17413708369563669,Truck_1,Delivered,Clear,24,0,Traffic,1,0.1908442691684983,1
2023-02,S005,P0004,Clothing,East,3133,0,0,0.09289960327813906,Truck_6,In Transit,Detour,50,0,Traffic,1,0.36853649947880657,1
2023-02,S005,P0005,Clothing,West,3162,0,0,0.1161328689825963,Truck_10,Delayed,Clear,14,1,Mechanical Failure,0,0.6737420010121786,0
2023-02,S005,P0006,Electronics,West,3132,0,0,0.30980886104139804,Truck_1,In Transit,Detour,35,0,Weather,1,0.3125237873206176,1
2023-02,S005,P0007,Furniture,North,3022,0,1,0.1280400971071222,Truck_2,Delivered,Clear,57,0,Traffic,1,0.3289675796456195,1
2023-02,S005,P0008,Groceries,North,2828,0,1,0.18790493515368967,Truck_10,Delayed,Clear,36,1,Traffic,0,0.4239771138579894,0
2023-02,S005,P0009,Clothing,South,2774,0,1,0.2881385202445728,Truck_6,In Transit,Detour,50,0,None,1,0.30326971507087014,1
2023-02,S005,P0010,Clothing,South,2662,0,1,0.19441265828106516,Truck_2,Delivered,Detour,38,0,Traffic,1,0.226833083015328,1
2023-02,S005,P0011,Clothing,South,2716,0,1,0.1341324618914918,Truck_8,Delivered,Heavy,49,1,Traffic,0,0.9773527447259883,0
2023-02,S005,P0012,Furniture,West,3229,1,1,0.33158190274177585,Truck_8,In Transit,Heavy,60,1,Traffic,0,0.9512125540510991,0
2023-02,S005,P0013,Furniture,West,3351,0,1,0.06464091104355371,Truck_9,Delivered,Heavy,57,1,Traffic,0,0.9633139676749249,0
2023-02,S005,P0014,Furniture,North,3026,0,0,0.2850873670639194,Truck_3,Delivered,Detour,49,0,Weather,1,0.28636552465499704,1
2023-02,S005,P0015,Clothing,South,3107,0,0,0.09838870600069359,Truck_6,In Transit,Clear,28,0,Mechanical Failure,1,0.36464694637407924,1
2023-02,S005,P0016,Electronics,North,3142,0,1,0.1149546095420338,Truck_4,In Transit,Clear,30,0,Traffic,1,0.21783434361995765,1
2023-02,S005,P0017,Clothing,North,3045,0,0,0.2436375550273174,Truck_2,Delayed,Clear,47,1,None,0,0.6659079163810955,0
2023-02,S005,P0018,Toys,East,3099,0,1,0.24245560955030923,Truck_3,Delivered,Clear,31,0,Weather,1,0.29158024536118005,1
2023-02,S005,P0019,Clothing,East,3412,0,0,0.2548223985555292,Truck_3,In Transit,Detour,22,0,Traffic,1,0.38225024216255,1
2023-02,S005,P0020,Groceries,West,3211,1,1,0.17466490915503946,Truck_7,Delayed,Heavy,39,1,Traffic,0,0.9647682922128193,0
2023-03,S001,P0001,Furniture,East,3539,0,1,0.16429983929282418,Truck_10,In Transit,Heavy,18,1,None,0,0.9741828406587009,0
2023-03,S001,P0002,Groceries,North,3550,0,0,0.8761569048962442,Truck_8,In Transit,Detour,16,0,Weather,1,0.2534331786157692,1
2023-03,S001,P0003,Toys,West,3521,0,1,0.12421382782776301,Truck_7,Delayed,Heavy,39,1,Traffic,0,0.9647682922128193,0
2023-03,S001,P0004,Clothing,South,3552,0,1,0.7774368223236368,Truck_8,In Transit,Detour,42,0,Mechanical Failure,1,0.2766455427535233,1
2023-03,S001,P0005,Clothing,North,3583,0,1,0.13954403438368618,Truck_9,Delivered,Heavy,41,1,None,0,0.9738068403536202,0
2023-03,S001,P0006,Groceries,East,3651,0,1,0.1905235046288851,Truck_10,Delivered,Detour,26,0,None,1,0.26794101664407366,1
2023-03,S001,P0007,Furniture,South,3464,0,0,0.07891852634506649,Truck_2,In Transit,Detour,32,0,None,1,0.23471603654651155,1
2023-03,S001,P0008,Clothing,South,3458,0,0,0.17893473626693499,Truck_3,In Transit,Clear,44,0,Weather,1,0.21757754373328214,1
2023-03,S001,P0009,Furniture,North,3422,0,0,0.1433528946755923,Truck_6,In Transit,Heavy,16,1,Weather,0,0.9849020023762212,0
2023-03,S001,P0010,Clothing,East,3407,0,1,0.11810804412290464,Truck_9,Delivered,Clear,51,0,Mechanical Failure,1,0.35901302899409343,1
2023-03,S001,P0011,Furniture,East,3049,0,1,0.14342549105010696,Truck_9,In Transit,Heavy,37,1,Mechanical Failure,0,0.9752144037664889,0
2023-03,S001,P0012,Groceries,East,3439,0,0,0.12860490806696387,Truck_6,In Transit,Clear,44,0,Weather,1,0.26398197172627086,1
2023-03,S001,P0013,Furniture,East,3904,0,1,0.2071317407259511,Truck_1,In Transit,Heavy,51,1,Weather,0,0.9796893803017709,0
2023-03,S001,P0014,Clothing,West,3293,0,0,0.5605242324958951,Truck_6,In Transit,Clear,32,0,Weather,1,0.15451209234545255,1
2023-03,S001,P0015,Clothing,South,3276,0,0,0.4793971057369025,Truck_7,Delivered,Clear,37,0,Traffic,1,0.34475002307275093,1
2023-03,S001,P0016,Furniture,North,3648,0,0,0.08579687031493201,Truck_8,In Transit,Detour,45,0,Mechanical Failure,1,0.3497423881125844,1
2023-03,S001,P0017,Furniture,South,3327,0,0,0.10701522115172074,Truck_4,Delayed,Heavy,14,1,None,0,0.9805170071961078,0
2023-03,S001,P0018,Electronics,South,3663,0,0,0.3731428804936907,Truck_3,Delivered,Clear,48,0,Traffic,1,0.34387919450400134,1
2023-03,S001,P0019,Clothing,East,3999,0,1,0.09540431490600142,Truck_7,Delayed,Detour,27,1,None,0,0.39172364171662055,0
2023-03,S001,P0020,Toys,West,3548,0,0,0.30608515631818956,Truck_4,Delayed,Heavy,30,1,None,0,0.980205750773574,0
2023-03,S002,P0001,Groceries,South,3412,1,1,0.10358705228497042,Truck_6,Delayed,Clear,20,1,None,0,0.7291039978892789,0
2023-03,S002,P0002,Toys,North,3361,0,0,0.15407553717912528,Truck_1,Delivered,Detour,32,0,Traffic,1,0.2982892377728744,1
2023-03,S002,P0003,Clothing,South,3772,0,1,0.8611322021934339,Truck_4,Delivered,Detour,42,0,Traffic,1,0.28949428289447243,1
2023-03,S002,P0004,Clothing,South,3099,0,1,0.16478559695641043,Truck_9,Delayed,Heavy,24,1,Mechanical Failure,0,0.9707219057996711,0
2023-03,S002,P0005,Clothing,West,3203,0,0,0.10393378076714346,Truck_8,In Transit,Detour,57,0,Traffic,1,0.19489279878026827,1
2023-03,S002,P0006,Electronics,North,3106,0,1,0.4537222317014638,Truck_10,In Transit,Heavy,50,1,Weather,0,0.9860323653853739,0
2023-03,S002,P0007,Clothing,East,3112,0,1,0.15722557907878174,Truck_9,Delivered,Clear,12,0,Weather,1,0.23322958093643142,1
2023-03,S002,P0008,Groceries,South,3551,0,1,0.21510278652537926,Truck_5,Delivered,Detour,57,0,Traffic,1,0.20158754570858706,1
2023-03,S002,P0009,Clothing,North,2963,0,1,0.17881746572419932,Truck_2,Delayed,Clear,51,1,Weather,0,0.7310037513913747,0
2023-03,S002,P0010,Toys,West,3614,0,0,0.7713809307646693,Truck_2,In Transit,Detour,29,0,Mechanical Failure,1,0.2485834079730084,1
2023-03,S002,P0011,Groceries,West,3529,0,1,0.09021063083643827,Truck_6,In Transit,Detour,21,0,Mechanical Failure,1,0.3047612205571092,1
2023-03,S002,P0012,Clothing,East,4042,0,1,0.1974153061093669,Truck_6,In Transit,Clear,30,0,Weather,1,0.2588892635442809,1
2023-03,S002,P0013,Clothing,North,3439,0,1,0.28640590001946886,Truck_1,Delayed,Clear,20,1,Weather,0,0.45404944071307957,0
2023-03,S002,P0014,Electronics,East,3047,0,1,0.18819300718403223,Truck_10,Delayed,Detour,29,1,None,0,0.564903867748602,0
2023-03,S002,P0015,Furniture,South,3505,0,1,0.33761895819577425,Truck_7,Delayed,Heavy,54,1,None,0,0.9850699637539259,0
2023-03,S002,P0016,Clothing,West,4020,0,0,0.2579083638305048,Truck_5,In Transit,Clear,38,0,Weather,1,0.25135960402371416,1
2023-03,S002,P0017,Clothing,South,3720,0,0,0.2312284001709591,Truck_6,In Transit,Heavy,35,1,Weather,0,0.9706504798023068,0
2023-03,S002,P0018,Electronics,South,3897,0,1,0.14658150982319657,Truck_5,Delayed,Heavy,25,1,None,0,0.9508449430593577,0
2023-03,S002,P0019,Clothing,East,3704,1,1,0.11844793554585316,Truck_4,Delivered,Detour,34,0,Traffic,1,0.32504644390199267,0
2023-03,S002,P0020,Electronics,North,3320,1,1,0.16923038479430796,Truck_8,Delayed,Clear,20,1,Weather,0,0.6737387584772051,0
2023-03,S003,P0001,Toys,South,3843,0,0,0.32454268980379697,Truck_5,Delivered,Clear,51,0,Traffic,1,0.316044641245697,1
2023-03,S003,P0002,Groceries,East,3322,0,0,0.15959204420392684,Truck_10,Delayed,Detour,26,1,Weather,0,0.6131828244317663,0
2023-03,S003,P0003,Toys,South,3638,0,1,0.4006265780682083,Truck_4,Delivered,Clear,45,0,None,1,0.25769423167009126,1
2023-03,S003,P0004,Furniture,North,3513,0,1,0.13798972139760138,Truck_5,Delivered,Detour,13,0,Weather,1,0.2547673040028,1
2023-03,S003,P0005,Electronics,West,3288,1,1,0.19973916619085014,Truck_4,Delayed,Heavy,10,1,Traffic,0,0.9813675116308406,0
2023-03,S003,P0006,Groceries,North,3089,0,1,0.33129819550060746,Truck_9,In Transit,Detour,54,0,Mechanical Failure,1,0.2733962376917893,1
2023-03,S003,P0007,Furniture,West,3319,0,1,0.1991645763188207,Truck_2,In Transit,Heavy,33,1,Mechanical Failure,0,0.9755349283664927,0
2023-03,S003,P0008,Electronics,South,3455,0,0,0.1762000372698525,Truck_10,Delayed,Detour,21,1,Weather,0,0.6401907514192033,0
2023-03,S003,P0009,Groceries,South,3632,0,1,0.36849606590441614,Truck_4,In Transit,Clear,39,0,Mechanical Failure,1,0.3240776289715249,1
2023-03,S003,P0010,Clothing,South,3496,0,1,0.431085087411558,Truck_5,In Transit,Heavy,43,1,Mechanical Failure,0,0.9817342572707395,0
2023-03,S003,P0011,Electronics,East,2733,0,0,0.1953353283130665,Truck_4,Delivered,Clear,26,0,Traffic,1,0.3019075484328072,1
2023-03,S003,P0012,Furniture,North,2969,0,0,0.4922255697214973,Truck_5,In Transit,Detour,39,0,Traffic,1,0.255262140431913,1
2023-03,S003,P0013,Groceries,North,3983,0,0,0.18643811738776567,Truck_5,Delivered,Heavy,39,1,Traffic,0,0.9755538886219008,0
2023-03,S003,P0014,Furniture,East,3858,0,0,0.1591275332640037,Truck_2,Delayed,Heavy,23,1,Mechanical Failure,0,0.9761137143212936,0
2023-03,S003,P0015,Furniture,North,3426,0,1,0.2232164360697406,Truck_2,In Transit,Detour,43,0,Weather,1,0.28688590728520696,1
2023-03,S003,P0016,Electronics,North,3797,0,0,0.17856023841657656,Truck_6,Delivered,Detour,32,0,Weather,1,0.28966672581559005,1
2023-03,S003,P0017,Electronics,South,3558,0,0,0.19025068916457197,Truck_8,Delivered,Detour,24,0,Mechanical Failure,1,0.24366075960552233,1
2023-03,S003,P0018,Electronics,South,3996,0,1,0.3824639443995414,Truck_4,In Transit,Heavy,22,1,Weather,0,0.9868130404796203,0
2023-03,S003,P0019,Furniture,East,3277,0,1,0.14992672869142243,Truck_6,Delayed,Detour,11,1,Weather,0,0.6636491554281679,0
2023-03,S003,P0020,Electronics,East,3168,0,1,0.13302217918913412,Truck_8,Delivered,Detour,43,0,Weather,1,0.30273252031893516,1
2023-03,S004,P0001,Groceries,North,3513,0,1,0.1504990048769557,Truck_7,Delivered,Detour,47,0,Weather,1,0.2448959055702875,1
2023-03,S004,P0002,Toys,North,2836,0,0,0.2672955205557624,Truck_7,In Transit,Detour,39,0,Mechanical Failure,1,0.23813028021616794,1
2023-03,S004,P0003,Groceries,West,3756,0,1,0.23533861505812842,Truck_1,Delayed,Heavy,35,1,None,0,0.9689748920719734,0
2023-03,S004,P0004,Clothing,East,3511,0,1,0.7816608008554442,Truck_3,Delayed,Heavy,14,1,Mechanical Failure,0,0.975207049256852,0
2023-03,S004,P0005,Groceries,North,3498,0,1,0.3576896072058079,Truck_1,In Transit,Detour,24,0,None,1,0.30953955152685103,1
2023-03,S004,P0006,Groceries,South,3305,0,1,0.15535739953193647,Truck_7,Delivered,Clear,24,0,Mechanical Failure,1,0.28341415796694425,1
2023-03,S004,P0007,Groceries,North,3446,1,1,0.49450493020201697,Truck_1,Delivered,Heavy,59,1,Mechanical Failure,0,0.9494323053641377,0
2023-03,S004,P0008,Electronics,East,3622,0,1,0.840801024256809,Truck_9,Delivered,Heavy,26,1,Traffic,0,0.973043068122172,0
2023-03,S004,P0009,Clothing,East,3320,1,1,0.23794459828644748,Truck_5,In Transit,Detour,56,0,Mechanical Failure,1,0.24243764639407353,0
2023-03,S004,P0010,Clothing,North,3237,0,0,0.44731972117403224,Truck_9,In Transit,Heavy,37,1,Mechanical Failure,0,0.9752144037664889,0
2023-03,S004,P0011,Electronics,North,3550,0,0,0.19202816819922314,Truck_3,In Transit,Clear,14,0,None,1,0.30739144668535573,1
2023-03,S004,P0012,Toys,West,3061,0,1,0.2009691372063645,Truck_2,Delivered,Clear,21,0,Weather,1,0.29065625870066125,1
2023-03,S004,P0013,Toys,North,3208,1,1,0.10759231447742153,Truck_1,Delivered,Heavy,10,1,None,0,0.9796224762879152,0
2023-03,S004,P0014,Clothing,East,3449,0,1,0.12209921274839645,Truck_6,Delivered,Heavy,55,1,Traffic,0,0.9818615752860563,0
2023-03,S004,P0015,Clothing,West,3295,0,1,0.26314546811712286,Truck_7,In Transit,Clear,21,0,Mechanical Failure,1,0.3011494441666766,1
2023-03,S004,P0016,Furniture,East,3541,0,1,0.1742762193038916,Truck_2,Delivered,Detour,19,0,None,1,0.28673565289323066,1
2023-03,S004,P0017,Furniture,North,2907,0,1,0.13366343836625924,Truck_7,In Transit,Clear,47,0,Weather,1,0.2597080894750686,1
2023-03,S004,P0018,Clothing,West,3332,0,0,0.15479454552029479,Truck_2,In Transit,Heavy,54,1,Traffic,0,0.986606610858243,0
2023-03,S004,P0019,Groceries,South,3329,0,0,0.7099077668056594,Truck_7,Delayed,Clear,44,1,Mechanical Failure,0,0.5084984771526699,0
2023-03,S004,P0020,Groceries,North,3662,0,0,0.21174703694339053,Truck_7,In Transit,Clear,38,0,None,1,0.2586471134335007,1
2023-03,S005,P0001,Clothing,South,3286,1,1,0.8090102986101838,Truck_2,Delayed,Detour,30,1,None,0,0.3533590689208001,0
2023-03,S005,P0002,Clothing,North,3414,1,0,0.17582302285493917,Truck_6,In Transit,Heavy,16,1,Weather,0,0.9849020023762212,0
2023-03,S005,P0003,Groceries,East,3242,0,0,0.42805003064230157,Truck_6,Delayed,Clear,41,1,Weather,0,0.22542999052672727,0
2023-03,S005,P0004,Furniture,South,3504,0,0,0.1307548316891604,Truck_9,Delivered,Detour,41,0,None,1,0.4081009225984331,1
2023-03,S005,P0005,Electronics,East,3390,0,1,0.32504663336233997,Truck_4,Delayed,Clear,30,1,Traffic,0,0.5058630800831924,0
2023-03,S005,P0006,Toys,South,3280,0,0,0.16108017698561924,Truck_10,Delivered,Detour,34,0,Traffic,1,0.5959487924590993,1
2023-03,S005,P0007,Furniture,East,3686,0,0,0.13401622209838357,Truck_2,Delayed,Detour,34,1,Weather,0,0.27471420474008124,0
2023-03,S005,P0008,Furniture,West,3209,0,1,0.18190347616578278,Truck_6,In Transit,Heavy,16,1,Weather,0,0.9849020023762212,0
2023-03,S005,P0009,Furniture,North,3543,0,0,0.16006026266870038,Truck_7,Delivered,Clear,24,0,Mechanical Failure,1,0.28341415796694425,1
2023-03,S005,P0010,Electronics,West,3832,0,1,0.30207912709516577,Truck_10,Delivered,Clear,49,0,Mechanical Failure,1,0.3083513279700869,1
2023-03,S005,P0011,Toys,West,3618,0,0,0.3435672744344442,Truck_7,Delivered,Heavy,58,1,Traffic,0,0.9464520357524069,0
2023-03,S005,P0012,Electronics,West,3416,0,0,0.1239966586996189,Truck_5,In Transit,Clear,40,0,Weather,1,0.3220324303399337,1
2023-03,S005,P0013,Furniture,West,3318,0,1,0.11701808308540237,Truck_8,Delayed,Heavy,17,1,None,0,0.9772879137181988,0
2023-03,S005,P0014,Furniture,East,3590,1,0,0.11952182606992866,Truck_10,Delivered,Heavy,36,1,Traffic,0,0.9760971633641518,0
2023-03,S005,P0015,Groceries,North,3244,0,1,0.7698494346480425,Truck_7,In Transit,Detour,41,0,None,1,0.3007090728041788,1
2023-03,S005,P0016,Furniture,South,3276,0,0,0.12851146596238017,Truck_3,Delivered,Detour,31,0,Mechanical Failure,1,0.24879992703487358,1
2023-03,S005,P0017,Clothing,East,3080,1,1,0.3883893774848561,Truck_3,In Transit,Heavy,22,1,Traffic,0,0.9812204363367978,0
2023-03,S005,P0018,Furniture,North,3610,0,0,0.2685300451642741,Truck_5,Delayed,Heavy,20,1,Weather,0,0.9870038983632077,0
2023-03,S005,P0019,Clothing,East,3606,1,1,0.4169736867783917,Truck_10,Delayed,Clear,49,1,None,0,0.5928614372114756,0
2023-03,S005,P0020,Toys,North,3757,0,1,0.23530478708608604,Truck_6,In Transit,Detour,32,0,None,1,0.3172446124677084,1
2023-04,S001,P0001,Groceries,South,3869,0,1,0.2369285854780851,Truck_8,In Transit,Heavy,60,1,Traffic,0,0.9512125540510991,0
2023-04,S001,P0002,Clothing,South,3500,0,0,0.7489274511631614,Truck_6,Delayed,Heavy,29,1,Weather,0,0.9876315623182641,0
2023-04,S001,P0003,Furniture,South,3918,0,1,0.31198107515477175,Truck_1,Delivered,Clear,32,0,None,1,0.21202375895972364,1
2023-04,S001,P0004,Furniture,East,2864,1,1,0.3083218739326369,Truck_8,In Transit,Detour,42,0,Mechanical Failure,1,0.2766455427535233,0
2023-04,S001,P0005,Electronics,South,2965,1,0,0.21368341183854972,Truck_10,Delivered,Heavy,22,1,None,0,0.9788149661704009,0
2023-04,S001,P0006,Toys,East,3088,0,1,0.11846223788505816,Truck_1,Delayed,Detour,10,1,Traffic,0,0.5641901553699513,0
2023-04,S001,P0007,Toys,East,2986,0,1,0.23712807707028405,Truck_10,In Transit,Detour,25,0,Traffic,1,0.2871451318963175,1
2023-04,S001,P0008,Toys,North,3046,0,1,0.1520213886723241,Truck_10,Delivered,Heavy,44,1,None,0,0.9870580051623787,0
2023-04,S001,P0009,Groceries,North,3131,0,0,0.26063159798176094,Truck_2,Delivered,Clear,60,0,Weather,1,0.21391144934948642,1
2023-04,S001,P0010,Toys,North,3658,0,0,0.22761686402945985,Truck_7,In Transit,Heavy,19,1,Weather,0,0.9785023121299565,0
2023-04,S001,P0011,Toys,North,2988,1,1,0.4157168703548148,Truck_10,Delivered,Heavy,36,1,Traffic,0,0.9760971633641518,0
2023-04,S001,P0012,Clothing,East,3404,1,1,0.0883457745988679,Truck_8,Delivered,Heavy,27,1,Traffic,0,0.9622190611889562,0
2023-04,S001,P0013,Furniture,North,2889,0,1,0.7259739360754786,Truck_10,Delivered,Heavy,10,1,Weather,0,0.9603923431306494,0
2023-04,S001,P0014,Clothing,North,3904,0,1,0.18711580398010047,Truck_1,Delivered,Heavy,55,1,Traffic,0,0.9883214285714285,0
2023-04,S001,P0015,Clothing,South,2803,0,0,0.2611960686736773,Truck_2,Delayed,Heavy,23,1,Mechanical Failure,0,0.9761137143212936,0
2023-04,S001,P0016,Electronics,East,3121,0,1,0.07149677678251708,Truck_10,Delayed,Detour,35,1,None,0,0.6825003708593453,0
2023-04,S001,P0017,Clothing,West,3219,0,0,0.10361238936790597,Truck_3,Delayed,Heavy,22,1,None,0,0.9844625116891663,0
2023-04,S001,P0018,Electronics,West,3513,0,1,0.10656538817466471,Truck_6,Delivered,Clear,46,0,Mechanical Failure,1,0.5576418071095443,1
2023-04,S001,P0019,Clothing,East,3451,1,1,0.3173462009883069,Truck_3,Delayed,Heavy,55,1,None,0,0.9777905888406372,0
2023-04,S001,P0020,Electronics,South,3213,0,1,0.3223735006761069,Truck_8,In Transit,Detour,11,0,None,1,0.29539245478974135,1
2023-04,S002,P0001,Toys,West,4027,0,1,0.8572516011329367,Truck_2,Delivered,Clear,60,0,Weather,1,0.21391144934948642,1
2023-04,S002,P0002,Electronics,South,3600,0,0,0.11590936627175102,Truck_8,In Transit,Detour,26,0,None,1,0.3198737345722771,1
2023-04,S002,P0003,Furniture,West,2962,1,1,0.3270933042763825,Truck_9,Delayed,Detour,35,1,Mechanical Failure,0,0.47875167273712305,0
2023-04,S002,P0004,Toys,North,3421,0,1,0.3634192400675976,Truck_8,In Transit,Clear,46,0,Traffic,1,0.2111817218415446,1
2023-04,S002,P0005,Toys,East,3614,0,1,0.24048946404985239,Truck_4,In Transit,Heavy,50,1,Mechanical Failure,0,0.9808921728001012,0
2023-04,S002,P0006,Clothing,South,3818,0,0,0.18230481074669963,Truck_1,Delayed,Heavy,35,1,None,0,0.9689748920719734,0
2023-04,S002,P0007,Toys,East,3403,0,1,0.1720281788860282,Truck_7,Delayed,Heavy,54,1,None,0,0.9850699637539259,0
2023-04,S002,P0008,Clothing,East,3645,0,1,0.0905942501914863,Truck_5,Delivered,Detour,40,0,Traffic,1,0.2564921487179413,1
2023-04,S002,P0009,Clothing,North,3214,0,0,0.12094320170893343,Truck_5,Delivered,Detour,31,0,Mechanical Failure,1,0.33451288653766154,1
2023-04,S002,P0010,Groceries,North,3038,0,0,0.1318473085474615,Truck_10,Delivered,Heavy,14,1,Mechanical Failure,0,0.9816542336385754,0
2023-04,S002,P0011,Electronics,West,3643,0,0,0.18149095336026344,Truck_5,In Transit,Detour,25,0,Weather,1,0.25737058970113896,1
2023-04,S002,P0012,Electronics,South,3184,0,0,0.14833306435226395,Truck_2,In Transit,Clear,52,0,Mechanical Failure,1,0.31013717294841364,1
2023-04,S002,P0013,Electronics,East,3442,0,1,0.21174509269502964,Truck_5,In Transit,Clear,23,0,Weather,1,0.21907505658498821,1
2023-04,S002,P0014,Electronics,East,4157,0,1,0.21143298244751166,Truck_4,In Transit,Clear,15,0,Weather,1,0.31776957812963597,1
2023-04,S002,P0015,Groceries,East,3579,0,1,0.160931404437816,Truck_10,Delayed,Detour,39,1,Traffic,0,0.6577300925230456,0
2023-04,S002,P0016,Clothing,North,3739,0,0,0.2575945109762307,Truck_8,Delayed,Heavy,39,1,Mechanical Failure,0,0.9863428278672961,0
2023-04,S002,P0017,Toys,North,2856,0,1,0.19839453437263257,Truck_2,Delayed,Heavy,39,1,Mechanical Failure,0,0.9586240807228864,0
2023-04,S002,P0018,Groceries,East,2825,0,1,0.14566010020965198,Truck_9,In Transit,Clear,24,0,Traffic,1,0.3405223175043685,1
2023-04,S002,P0019,Clothing,South,3273,0,1,0.17634405507873815,Truck_4,Delayed,Heavy,18,1,Mechanical Failure,0,0.976603287872244,0
2023-04,S002,P0020,Clothing,North,3811,1,1,0.2730328864269943,Truck_2,Delayed,Heavy,23,1,Traffic,0,0.9758870320698868,0
2023-04,S003,P0001,Clothing,South,3276,0,0,0.18004995354694048,Truck_9,Delivered,Detour,44,0,Traffic,1,0.2245834764093725,1
2023-04,S003,P0002,Clothing,West,3201,0,1,0.4002567336165257,Truck_8,In Transit,Detour,16,0,Weather,1,0.2534331786157692,1
2023-04,S003,P0003,Groceries,South,3041,0,0,0.8268412407534669,Truck_4,Delayed,Clear,56,1,Weather,0,0.3345261677654537,0
2023-04,S003,P0004,Toys,East,2853,0,1,0.1886672627802976,Truck_7,Delayed,Detour,24,1,None,0,0.5016552338486133,0
2023-04,S003,P0005,Clothing,North,3117,0,1,0.48309021172997346,Truck_7,Delayed,Clear,44,1,Mechanical Failure,0,0.5084984771526699,0
2023-04,S003,P0006,Furniture,West,3236,1,1,0.15236755452618078,Truck_4,In Transit,Clear,30,0,Traffic,1,0.21783434361995765,0
2023-04,S003,P0007,Clothing,East,3652,0,1,0.21942889364437407,Truck_6,Delayed,Heavy,22,1,None,0,0.985832473030956,0
2023-04,S003,P0008,Groceries,West,3401,0,1,0.6132085938430545,Truck_9,In Transit,Detour,60,0,None,1,0.22434104767340007,1
2023-04,S003,P0009,Electronics,South,3141,0,0,0.06769355104876137,Truck_9,Delayed,Detour,13,1,Mechanical Failure,0,0.5464207348678469,0
2023-04,S003,P0010,Furniture,West,3255,1,1,0.31582609461303046,Truck_7,Delayed,Clear,56,1,None,0,0.6065876800637091,0
2023-04,S003,P0011,Furniture,North,2978,0,1,0.14925528458741258,Truck_6,In Transit,Clear,20,0,Mechanical Failure,1,0.2246385221900927,1
2023-04,S003,P0012,Clothing,North,3313,0,1,0.7380752587189033,Truck_10,Delayed,Clear,50,1,Mechanical Failure,0,0.48521503668730104,0
2023-04,S003,P0013,Groceries,North,3286,0,1,0.3793323220950869,Truck_5,Delayed,Heavy,22,1,Weather,0,0.9841100868284025,0
2023-04,S003,P0014,Clothing,North,3914,0,1,0.2717113526828711,Truck_2,Delayed,Clear,47,1,None,0,0.6659079163810955,0
2023-04,S003,P0015,Groceries,East,3394,0,0,0.24044959990194756,Truck_10,Delivered,Detour,35,0,None,1,0.47389254583534524,1
2023-04,S003,P0016,Clothing,West,3181,0,1,0.14187671747375116,Truck_2,Delayed,Detour,34,1,Weather,0,0.27471420474008124,0
2023-04,S003,P0017,Groceries,South,3457,0,1,0.4871819979667026,Truck_6,In Transit,Detour,50,0,Traffic,1,0.36853649947880657,1
2023-04,S003,P0018,Electronics,North,3453,0,1,0.11237406458037714,Truck_4,Delivered,Detour,34,0,Mechanical Failure,1,0.2834785343558909,1
2023-04,S003,P0019,Clothing,West,2761,1,1,0.22328102304619038,Truck_6,Delivered,Heavy,32,1,Weather,0,0.9740868776607161,0
2023-04,S003,P0020,Furniture,North,3640,0,1,0.12999415061320016,Truck_3,Delivered,Detour,29,0,Mechanical Failure,1,0.3185285156940103,1
2023-04,S004,P0001,Groceries,North,3542,0,0,0.12758783666501528,Truck_1,In Transit,Detour,31,0,Weather,1,0.31565890944810066,1
2023-04,S004,P0002,Clothing,North,3188,0,0,0.40979397232275194,Truck_6,In Transit,Heavy,33,1,Weather,0,0.9863140207637032,0
2023-04,S004,P0003,Furniture,East,2657,0,1,0.2584261079127836,Truck_6,In Transit,Detour,43,0,None,1,0.2264201919496389,1
2023-04,S004,P0004,Clothing,West,3091,0,0,0.2494801183229277,Truck_10,Delivered,Heavy,14,1,Mechanical Failure,0,0.9816542336385754,0
2023-04,S004,P0005,Furniture,North,3143,0,0,0.32938626037443197,Truck_9,Delayed,Clear,24,1,Weather,0,0.4751023689872965,0
2023-04,S004,P0006,Clothing,North,3354,0,0,0.14620497480777642,Truck_10,In Transit,Detour,35,0,None,1,0.5406957866298473,1
2023-04,S004,P0007,Toys,East,3355,0,0,0.0735328051811772,Truck_9,Delivered,Clear,17,0,None,1,0.34569373342218357,1
2023-04,S004,P0008,Clothing,East,3317,0,1,0.7845770173014637,Truck_4,In Transit,Heavy,50,1,Mechanical Failure,0,0.9808921728001012,0
2023-04,S004,P0009,Furniture,East,3400,0,1,0.13074592048424682,Truck_2,Delivered,Detour,38,0,Traffic,1,0.226833083015328,1
2023-04,S004,P0010,Clothing,West,3611,1,1,0.24361518656938563,Truck_8,Delivered,Detour,24,0,Mechanical Failure,1,0.24366075960552233,0
2023-04,S004,P0011,Furniture,South,2862,0,0,0.30745156124253337,Truck_4,Delivered,Clear,59,0,Weather,1,0.25835536023413413,1
2023-04,S004,P0012,Clothing,North,3122,0,0,0.13800688664618685,Truck_9,Delivered,Clear,41,0,Traffic,1,0.2504746936489736,1
2023-04,S004,P0013,Groceries,South,2732,0,1,0.129411563317572,Truck_8,Delayed,Detour,27,1,None,0,0.3030831488929916,0
2023-04,S004,P0014,Electronics,West,2843,1,1,0.13946113135903712,Truck_8,Delayed,Detour,51,1,Weather,0,0.49056006907736155,0
2023-04,S004,P0015,Furniture,West,3358,0,0,0.24830406701957827,Truck_10,Delayed,Heavy,18,1,Weather,0,0.9751974285245326,0
2023-04,S004,P0016,Clothing,East,3154,0,0,0.11026528946533522,Truck_4,Delivered,Detour,34,0,Traffic,1,0.32504644390199267,1
2023-04,S004,P0017,Clothing,West,2997,0,1,0.22147822772616751,Truck_1,In Transit,Detour,34,0,Mechanical Failure,1,0.27164392680098354,1
2023-04,S004,P0018,Clothing,North,3647,0,0,0.16791710553673395,Truck_4,In Transit,Heavy,44,1,Weather,0,0.978448048682212,0
2023-04,S004,P0019,Toys,East,3575,0,0,0.1224760830456418,Truck_9,Delivered,Detour,41,0,None,1,0.4081009225984331,1
2023-04,S004,P0020,Clothing,West,2896,0,0,0.0877682297504556,Truck_6,Delayed,Clear,30,1,None,0,0.3724580062609877,0
2023-04,S005,P0001,Groceries,East,3443,1,1,0.13791718776762016,Truck_9,Delayed,Detour,22,1,Mechanical Failure,0,0.424681987118813,0
2023-04,S005,P0002,Electronics,East,3402,0,0,0.1458596538676015,Truck_7,Delayed,Heavy,55,1,Weather,0,0.9813724172413889,0
2023-04,S005,P0003,Furniture,East,3028,1,0,0.19943046995840474,Truck_7,Delayed,Heavy,34,1,Traffic,0,0.9808741748781986,0
2023-04,S005,P0004,Toys,West,3120,0,1,0.13539538045844107,Truck_4,Delayed,Clear,30,1,Traffic,0,0.5058630800831924,0
2023-04,S005,P0005,Clothing,North,3526,0,1,0.054940897994310074,Truck_1,Delivered,Heavy,59,1,Mechanical Failure,0,0.9494323053641377,0
2023-04,S005,P0006,Electronics,East,2962,0,1,0.3694081866550689,Truck_7,Delivered,Heavy,58,1,Mechanical Failure,0,0.9907095334809403,0
2023-04,S005,P0007,Groceries,West,3541,1,1,0.3566870540890778,Truck_8,In Transit,Detour,15,0,Traffic,1,0.27712472038376224,0
2023-04,S005,P0008,Groceries,South,3095,0,1,0.2169334899146012,Truck_10,In Transit,Heavy,57,1,Mechanical Failure,0,0.9717819294335338,0
2023-04,S005,P0009,Clothing,East,2914,0,0,0.1534959459183596,Truck_4,In Transit,Detour,58,0,Mechanical Failure,1,0.24290645469551375,1
2023-04,S005,P0010,Groceries,West,3262,1,1,0.5324987868423736,Truck_8,Delayed,Heavy,17,1,None,0,0.9772879137181988,0
2023-04,S005,P0011,Groceries,South,3597,0,0,0.16958675090880299,Truck_2,Delivered,Detour,42,0,None,1,0.38951569710088585,1
2023-04,S005,P0012,Toys,West,3210,1,1,0.2092570804757675,Truck_1,Delivered,Clear,24,0,Traffic,1,0.1908442691684983,0
2023-04,S005,P0013,Groceries,North,3794,1,1,0.1732740644521049,Truck_3,In Transit,Clear,36,0,None,1,0.2737888381289732,0
2023-04,S005,P0014,Clothing,South,3361,0,1,0.548820096508977,Truck_10,In Transit,Clear,21,0,Traffic,1,0.2917104358730152,1
2023-04,S005,P0015,Clothing,North,3113,0,1,0.32617774923883086,Truck_2,In Transit,Clear,29,0,None,1,0.3950632823651293,1
2023-04,S005,P0016,Electronics,East,3248,0,1,0.3756139953352158,Truck_10,Delivered,Detour,24,0,Weather,1,0.33149861664010544,1
2023-04,S005,P0017,Furniture,North,3172,0,0,0.22560575184986512,Truck_8,In Transit,Detour,33,0,Mechanical Failure,1,0.30849329701825706,1
2023-04,S005,P0018,Clothing,South,3753,0,1,0.3432943685362062,Truck_4,Delivered,Clear,35,0,None,1,0.3326474712659446,1
2023-04,S005,P0019,Clothing,West,3738,0,1,0.36613848041157393,Truck_5,Delayed,Heavy,26,1,Traffic,0,0.9810946403948962,0
2023-04,S005,P0020,Clothing,South,3302,0,1,0.34472328609104746,Truck_4,In Transit,Clear,46,0,None,1,0.17307977300575622,1
2023-05,S001,P0001,Electronics,West,2991,0,1,0.7454270303888796,Truck_9,Delivered,Clear,16,0,None,1,0.36235851315122625,1
2023-05,S001,P0002,Electronics,South,3139,0,1,0.16916024162315693,Truck_10,Delayed,Heavy,38,1,Traffic,0,0.9763684686682381,0
2023-05,S001,P0003,Toys,South,3558,0,1,0.23090717012941825,Truck_5,Delayed,Heavy,37,1,Traffic,0,0.9828523285436759,0
2023-05,S001,P0004,Groceries,West,3150,0,1,0.19832103320769023,Truck_7,Delivered,Heavy,58,1,Mechanical Failure,0,0.9907095334809403,0
2023-05,S001,P0005,Clothing,East,3824,0,1,0.39517077547988605,Truck_5,Delivered,Detour,46,0,Traffic,1,0.3068864189579563,1
2023-05,S001,P0006,Groceries,East,3728,0,1,0.19307695012192908,Truck_6,In Transit,Detour,50,0,None,1,0.30326971507087014,1
2023-05,S001,P0007,Electronics,North,3300,0,1,0.18373543828130587,Truck_2,Delivered,Detour,23,0,None,1,0.2843405692016541,1
2023-05,S001,P0008,Groceries,North,3409,0,1,0.2951257667861822,Truck_1,In Transit,Heavy,50,1,Mechanical Failure,0,0.9790497757365457,0
2023-05,S001,P0009,Groceries,West,3330,0,0,0.22393615759404123,Truck_8,Delayed,Detour,47,1,None,0,0.4783704808065572,0
2023-05,S001,P0010,Groceries,East,4055,0,1,0.11185598693002015,Truck_7,In Transit,Heavy,53,1,Mechanical Failure,0,0.9835771494924829,0
2023-05,S001,P0011,Toys,East,3273,1,1,0.18240166401390834,Truck_5,Delayed,Heavy,24,1,Mechanical Failure,0,0.9733565901506407,0
2023-05,S001,P0012,Furniture,South,3541,0,1,0.09287265667016024,Truck_10,In Transit,Clear,43,0,Traffic,1,0.26006813353085334,1
2023-05,S001,P0013,Electronics,East,3947,0,0,0.2479583652677136,Truck_10,Delayed,Detour,52,1,Mechanical Failure,0,0.6222093157143014,0
2023-05,S001,P0014,Clothing,South,3506,1,1,0.29169435874342337,Truck_1,Delayed,Detour,51,1,None,0,0.4373639428377938,0
2023-05,S001,P0015,Clothing,East,3800,0,0,0.14047441650785567,Truck_9,In Transit,Heavy,37,1,Mechanical Failure,0,0.9752144037664889,0
2023-05,S001,P0016,Groceries,West,3520,1,1,0.3091851039066555,Truck_9,Delayed,Heavy,26,1,Weather,0,0.9756076897099573,0
2023-05,S001,P0017,Clothing,South,3547,0,0,0.6591722492808868,Truck_8,Delivered,Clear,19,0,None,1,0.27010300505061,1
2023-05,S001,P0018,Clothing,South,3567,1,0,0.12791550871535104,Truck_7,Delayed,Detour,18,1,Weather,0,0.5117863024814961,0
2023-05,S001,P0019,Electronics,West,3738,0,1,0.09983923207976492,Truck_6,Delivered,Clear,38,0,Weather,1,0.18237036662933748,1
2023-05,S001,P0020,Electronics,East,3276,0,0,0.5653305512472668,Truck_6,In Transit,Heavy,20,1,Weather,0,0.9881472187112591,0
2023-05,S002,P0001,Electronics,East,2803,0,0,0.4277630448708523,Truck_10,Delivered,Heavy,20,1,Mechanical Failure,0,0.9833745057132233,0
2023-05,S002,P0002,Clothing,North,3115,0,0,0.41830068920616037,Truck_7,Delayed,Clear,56,1,None,0,0.6065876800637091,0
2023-05,S002,P0003,Electronics,West,3229,0,0,0.35428923049378264,Truck_1,Delayed,Detour,52,1,Weather,0,0.5248544467563225,0
2023-05,S002,P0004,Toys,West,3768,0,0,0.17744965104924854,Truck_4,Delayed,Clear,58,1,Traffic,0,0.49030079836548374,0
2023-05,S002,P0005,Clothing,East,3506,0,1,0.48343679703752707,Truck_6,In Transit,Clear,43,0,Traffic,1,0.23035389529623085,1
2023-05,S002,P0006,Clothing,South,3558,0,1,0.12739272161241458,Truck_4,Delayed,Clear,31,1,Weather,0,0.528671925632989,0
2023-05,S002,P0007,Electronics,North,3417,0,1,0.6012730799282822,Truck_8,In Transit,Detour,52,0,Mechanical Failure,1,0.3085515252594577,1
2023-05,S002,P0008,Groceries,North,3402,0,0,0.2805937702827422,Truck_4,Delivered,Heavy,39,1,Traffic,0,0.9845768257084774,0
2023-05,S002,P0009,Clothing,North,3183,0,0,0.18561645254209552,Truck_2,Delayed,Clear,54,1,None,0,0.6042626854714199,0
2023-05,S002,P0010,Clothing,North,3469,0,1,0.5724733599082066,Truck_7,In Transit,Heavy,53,1,Mechanical Failure,0,0.9835771494924829,0
2023-05,S002,P0011,Electronics,North,3368,0,1,0.33533253744610664,Truck_2,In Transit,Detour,43,0,Weather,1,0.28688590728520696,1
2023-05,S002,P0012,Groceries,South,3560,0,1,0.11929828857906795,Truck_3,In Transit,Clear,14,0,None,1,0.30739144668535573,1
2023-05,S002,P0013,Groceries,West,3628,1,1,0.1890907114285874,Truck_2,Delayed,Heavy,23,1,Weather,0,0.9559984240665185,0
2023-05,S002,P0014,Clothing,East,4020,0,1,0.16578231602739202,Truck_5,Delayed,Heavy,54,1,Traffic,0,0.9897198503089545,0
2023-05,S002,P0015,Groceries,West,3589,0,1,0.48997545537964154,Truck_8,Delivered,Heavy,51,1,Mechanical Failure,0,0.9786200096036464,0
2023-05,S002,P0016,Clothing,East,3744,0,1,0.2958021134628685,Truck_4,Delivered,Detour,41,0,None,1,0.29548523828994344,1
2023-05,S002,P0017,Electronics,South,2656,0,0,0.10417879511003851,Truck_10,Delivered,Detour,24,0,Weather,1,0.33149861664010544,1
2023-05,S002,P0018,Groceries,North,3376,0,1,0.12069622110770234,Truck_10,In Transit,Detour,32,0,Weather,1,0.47678574902481335,1
2023-05,S002,P0019,Furniture,West,3181,0,1,0.3475710390832511,Truck_8,Delayed,Detour,49,1,None,0,0.5552470892683935,0
2023-05,S002,P0020,Groceries,South,3759,0,1,0.3394227595840632,Truck_7,In Transit,Heavy,58,1,None,0,0.9388421535662101,0
2023-05,S003,P0001,Groceries,West,3324,0,0,0.12446819412771462,Truck_2,Delayed,Detour,23,1,Mechanical Failure,0,0.4344249684303547,0
2023-05,S003,P0002,Groceries,South,3245,0,0,0.27484158485228166,Truck_3,Delayed,Heavy,14,1,Mechanical Failure,0,0.975207049256852,0
2023-05,S003,P0003,Electronics,West,3372,0,0,0.17241222595888875,Truck_3,Delayed,Detour,46,1,Traffic,0,0.5365128645648053,0
2023-05,S003,P0004,Groceries,East,3123,0,0,0.15610463852855,Truck_6,Delivered,Detour,14,0,Weather,1,0.48331511818238804,1
2023-05,S003,P0005,Furniture,West,3577,0,1,0.12479876872720382,Truck_5,Delivered,Heavy,18,1,Weather,0,0.9700000712727217,0
2023-05,S003,P0006,Electronics,North,3605,0,0,0.13056518179923826,Truck_8,Delivered,Detour,25,0,Mechanical Failure,1,0.3295048905616362,1
2023-05,S003,P0007,Electronics,South,3071,0,1,0.21607049714440796,Truck_2,Delayed,Detour,17,1,None,0,0.3449639243401635,0
2023-05,S003,P0008,Clothing,East,3194,0,0,0.1727215925207705,Truck_3,Delivered,Heavy,20,1,Traffic,0,0.9769563505455879,0
2023-05,S003,P0009,Toys,South,4277,0,0,0.1242807864595361,Truck_7,Delivered,Heavy,35,1,Traffic,0,0.9804540042543853,0
2023-05,S003,P0010,Clothing,South,2970,1,1,0.09822845712046621,Truck_10,In Transit,Heavy,31,1,None,0,0.9816656056369202,0
2023-05,S003,P0011,Clothing,East,3843,0,1,0.14637727872649187,Truck_2,In Transit,Detour,39,0,Traffic,1,0.2204208665292236,1
2023-05,S003,P0012,Furniture,West,3492,0,0,0.13435027879685882,Truck_5,Delayed,Detour,29,1,None,0,0.46743934280001154,0
2023-05,S003,P0013,Clothing,North,3266,1,1,0.3426691382642076,Truck_5,Delivered,Heavy,39,1,Traffic,0,0.9755538886219008,0
2023-05,S003,P0014,Furniture,South,3484,0,0,0.29137675579961103,Truck_1,Delivered,Detour,21,0,Traffic,1,0.37894783102246615,1
2023-05,S003,P0015,Toys,South,3158,0,0,0.11315853917106719,Truck_4,In Transit,Detour,59,0,Mechanical Failure,1,0.19795461578053344,1
2023-05,S003,P0016,Groceries,East,3329,0,1,0.3383135331149366,Truck_6,Delivered,Clear,12,0,None,1,0.2106803840842006,1
2023-05,S003,P0017,Clothing,West,3797,0,0,0.21965648390002684,Truck_2,Delivered,Clear,29,0,Traffic,1,0.3290698669901153,1
2023-05,S003,P0018,Electronics,West,3575,1,1,0.19397055777487032,Truck_9,Delayed,Detour,60,1,Mechanical Failure,0,0.33688287516985516,0
2023-05,S003,P0019,Toys,East,3466,0,1,0.1504377410412152,Truck_9,Delivered,Detour,45,0,Mechanical Failure,1,0.2867324722616982,1
2023-05,S003,P0020,Electronics,West,3555,0,1,0.2464669773236784,Truck_2,In Transit,Heavy,22,1,None,0,0.9791889905448659,0
2023-05,S004,P0001,Electronics,West,3388,1,1,0.21772746992167905,Truck_2,Delayed,Clear,47,1,None,0,0.6659079163810955,0
2023-05,S004,P0002,Furniture,West,3796,1,1,0.2561030541860298,Truck_1,Delivered,Heavy,59,1,Traffic,0,0.9726546581930781,0
2023-05,S004,P0003,Furniture,South,3833,0,1,0.1611740185605416,Truck_6,In Transit,Clear,30,0,Weather,1,0.2588892635442809,1
2023-05,S004,P0004,Clothing,East,3278,0,0,0.27062921802421624,Truck_6,In Transit,Clear,43,0,Traffic,1,0.23035389529623085,1
2023-05,S004,P0005,Electronics,North,3531,1,1,0.0929644311570286,Truck_4,In Transit,Heavy,55,1,None,0,0.9800484129501905,0
2023-05,S004,P0006,Clothing,West,3151,1,0,0.08940783441438947,Truck_8,Delayed,Heavy,35,1,Mechanical Failure,0,0.959198196291581,0
2023-05,S004,P0007,Electronics,North,3374,0,1,0.07672083782547262,Truck_7,Delayed,Clear,23,1,Mechanical Failure,0,0.4387144628556531,0
2023-05,S004,P0008,Groceries,East,3337,1,1,0.3951173544761153,Truck_6,Delayed,Detour,30,1,Weather,0,0.5020736247239241,0
2023-05,S004,P0009,Groceries,East,3265,0,0,0.2065582481767142,Truck_2,Delayed,Detour,10,1,Traffic,0,0.591487037211041,0
2023-05,S004,P0010,Clothing,South,3049,1,1,0.12536738218875096,Truck_4,Delivered,Clear,35,0,None,1,0.3326474712659446,0
2023-05,S004,P0011,Groceries,West,3298,1,1,0.5599731137782777,Truck_9,In Transit,Heavy,11,1,None,0,0.9841216775718705,0
2023-05,S004,P0012,Groceries,South,3790,0,0,0.20060179240930326,Truck_10,Delayed,Heavy,25,1,None,0,0.9747992605280156,0
2023-05,S004,P0013,Furniture,North,3464,1,0,0.1378941771180634,Truck_2,Delayed,Clear,51,1,Weather,0,0.7310037513913747,0
2023-05,S004,P0014,Toys,West,3281,0,1,0.42523318511870617,Truck_1,Delayed,Heavy,16,1,None,0,0.9771872232803495,0
2023-05,S004,P0015,Electronics,East,3559,1,1,0.4106370927951256,Truck_6,Delivered,Heavy,29,1,None,0,0.9760454463242171,0
2023-05,S004,P0016,Electronics,North,2820,0,0,0.08508756633757956,Truck_9,Delivered,Heavy,57,1,Traffic,0,0.9633139676749249,0
2023-05,S004,P0017,Electronics,South,3703,0,1,0.35269462841846155,Truck_10,Delayed,Clear,16,1,Weather,0,0.7377168910989327,0
2023-05,S004,P0018,Groceries,South,3645,0,0,0.17615638183871496,Truck_3,Delivered,Detour,24,0,None,1,0.4234161859873518,1
2023-05,S004,P0019,Toys,East,3780,0,1,0.24838261202271625,Truck_1,Delayed,Detour,52,1,Weather,0,0.5248544467563225,0
2023-05,S004,P0020,Electronics,West,3516,0,1,0.23084917130454477,Truck_6,Delivered,Heavy,44,1,Mechanical Failure,0,0.9668531399227979,0
2023-05,S005,P0001,Toys,West,3829,0,1,0.4542974719839509,Truck_10,Delayed,Detour,52,1,Weather,0,0.5763356584770881,0
2023-05,S005,P0002,Electronics,East,3349,0,0,0.14618640163924912,Truck_8,In Transit,Detour,38,0,Weather,1,0.2659649545688884,1
2023-05,S005,P0003,Groceries,East,3593,0,1,0.36108732922801934,Truck_9,In Transit,Detour,54,0,Mechanical Failure,1,0.2733962376917893,1
2023-05,S005,P0004,Clothing,South,3124,0,0,0.3126626259348303,Truck_4,Delivered,Clear,35,0,Mechanical Failure,1,0.35869591396412076,1
2023-05,S005,P0005,Groceries,East,3225,0,0,0.36413721408545796,Truck_2,Delivered,Clear,54,0,Mechanical Failure,1,0.3031116148457661,1
2023-05,S005,P0006,Clothing,East,3926,0,0,0.23733768743679726,Truck_1,Delivered,Heavy,36,1,Mechanical Failure,0,0.9801899866129744,0
2023-05,S005,P0007,Electronics,South,3240,0,1,0.11798494752714687,Truck_2,Delayed,Detour,57,1,None,0,0.47629209914633847,0
2023-05,S005,P0008,Clothing,East,3693,0,0,0.15399695034699973,Truck_9,Delivered,Heavy,24,1,Mechanical Failure,0,0.959721682607662,0
2023-05,S005,P0009,Furniture,East,3352,0,1,0.09952216592949159,Truck_7,Delivered,Heavy,39,1,Mechanical Failure,0,0.9616771766214177,0
2023-05,S005,P0010,Toys,East,3099,0,1,0.211199049687612,Truck_8,Delayed,Heavy,26,1,Mechanical Failure,0,0.9778286960063594,0
2023-05,S005,P0011,Furniture,East,3354,0,0,0.1966124292806549,Truck_4,Delivered,Detour,34,0,Mechanical Failure,1,0.2834785343558909,1
2023-05,S005,P0012,Furniture,North,3746,0,0,0.30413407202254067,Truck_1,Delayed,Clear,14,1,Mechanical Failure,0,0.5313916215738532,0
2023-05,S005,P0013,Groceries,South,4045,1,1,0.1971158761893364,Truck_8,In Transit,Detour,16,0,Weather,1,0.28858269091889543,0
2023-05,S005,P0014,Furniture,West,3276,0,1,0.30747159439475596,Truck_7,Delayed,Clear,10,1,Mechanical Failure,0,0.6793101859404688,0
2023-05,S005,P0015,Groceries,South,2756,0,1,0.5832402975088842,Truck_6,Delayed,Heavy,45,1,None,0,0.9878746538584067,0
2023-05,S005,P0016,Furniture,South,2808,0,1,0.09226422609627877,Truck_5,Delivered,Detour,35,0,None,1,0.2543332756281833,1
2023-05,S005,P0017,Clothing,East,3351,0,1,0.13966262157897272,Truck_6,Delayed,Detour,25,1,None,0,0.4545750928518562,0
2023-05,S005,P0018,Electronics,North,3506,1,1,0.1370073139351345,Truck_10,Delayed,Clear,16,1,Weather,0,0.7377168910989327,0
2023-05,S005,P0019,Furniture,East,3355,0,1,0.3697102715554849,Truck_9,In Transit,Heavy,50,1,Mechanical Failure,0,0.9877167810740944,0
2023-05,S005,P0020,Furniture,East,3390,0,0,0.14294949290730596,Truck_3,Delivered,Detour,38,0,None,1,0.2867709518656788,1
2023-06,S001,P0001,Clothing,East,3268,0,1,0.1907054955091379,Truck_5,Delivered,Detour,31,0,Traffic,1,0.3135468786311543,1
2023-06,S001,P0002,Clothing,East,3656,0,0,0.17216818246907695,Truck_8,In Transit,Clear,49,0,Mechanical Failure,1,0.2850276272105361,1
2023-06,S001,P0003,Furniture,West,3494,0,1,0.10761865370409754,Truck_8,Delayed,Clear,35,1,Weather,0,0.546681821621819,0
2023-06,S001,P0004,Groceries,South,2912,0,1,0.2103410569905511,Truck_7,Delayed,Heavy,51,1,Weather,0,0.9743667750588885,0
2023-06,S001,P0005,Toys,East,3799,1,1,0.17120967774005164,Truck_5,Delayed,Clear,57,1,Weather,0,0.38358615154598935,0
2023-06,S001,P0006,Clothing,North,3020,0,1,0.12803120815535404,Truck_4,In Transit,Clear,52,0,None,1,0.32479902720444537,1
2023-06,S001,P0007,Toys,West,3574,0,1,0.35392550969344283,Truck_9,Delivered,Heavy,57,1,Traffic,0,0.9633139676749249,0
2023-06,S001,P0008,Electronics,South,3148,0,0,0.8315034685021502,Truck_1,Delivered,Detour,37,0,Traffic,1,0.24449451775663264,1
2023-06,S001,P0009,Toys,South,3445,1,1,0.3076970581705791,Truck_9,Delayed,Heavy,53,1,None,0,0.9668829707288913,0
2023-06,S001,P0010,Clothing,West,3664,0,1,0.11401187672030294,Truck_3,In Transit,Clear,42,0,Mechanical Failure,1,0.31775718811298265,1
2023-06,S001,P0011,Furniture,West,3492,0,0,0.2391426753059298,Truck_10,In Transit,Clear,48,0,Mechanical Failure,1,0.2955231795656229,1
2023-06,S001,P0012,Electronics,South,3288,0,1,0.1850067262158031,Truck_7,In Transit,Heavy,16,1,None,0,0.9872180863781321,0
2023-06,S001,P0013,Clothing,South,3296,0,0,0.23727431355023731,Truck_5,Delivered,Clear,55,0,Weather,1,0.270993355759441,1
2023-06,S001,P0014,Clothing,North,3364,0,1,0.3888118653918695,Truck_2,In Transit,Clear,33,0,Traffic,1,0.23831241580353862,1
2023-06,S001,P0015,Toys,North,3075,1,1,0.2234687810755969,Truck_10,Delivered,Heavy,35,1,Mechanical Failure,0,0.9656865241154633,0
2023-06,S001,P0016,Toys,East,3213,0,1,0.10469958418759326,Truck_10,Delivered,Detour,22,0,Weather,1,0.35395972382688606,1
2023-06,S001,P0017,Groceries,South,3660,1,1,0.14465868678282992,Truck_4,Delayed,Clear,15,1,Weather,0,0.5079186849184181,0
2023-06,S001,P0018,Electronics,West,3176,0,0,0.15608165758336928,Truck_9,Delivered,Detour,49,0,None,1,0.2731283213083109,1
2023-06,S001,P0019,Clothing,East,3444,0,1,0.26499409972195714,Truck_2,Delivered,Detour,28,0,None,1,0.2706751757244808,1
2023-06,S001,P0020,Furniture,East,4072,0,0,0.4332973979037782,Truck_6,Delayed,Heavy,50,1,Weather,0,0.9863184887099272,0
2023-06,S002,P0001,Clothing,East,3340,0,1,0.6692967354776315,Truck_4,Delayed,Clear,56,1,Weather,0,0.3345261677654537,0
2023-06,S002,P0002,Electronics,East,3174,0,1,0.12745573621361733,Truck_3,Delayed,Detour,12,1,None,0,0.5838325393446101,0
2023-06,S002,P0003,Groceries,North,3486,0,0,0.16351772830231176,Truck_5,Delayed,Heavy,25,1,None,0,0.9508449430593577,0
2023-06,S002,P0004,Electronics,East,3161,0,0,0.22942075825053804,Truck_9,Delayed,Detour,50,1,Mechanical Failure,0,0.6602897361740694,0
2023-06,S002,P0005,Electronics,East,3706,0,1,0.11248868679598546,Truck_5,Delayed,Heavy,22,1,Weather,0,0.9841100868284025,0
2023-06,S002,P0006,Toys,East,3278,0,0,0.19148796951164831,Truck_5,In Transit,Detour,32,0,Traffic,1,0.24778830203314578,1
2023-06,S002,P0007,Clothing,South,3053,0,1,0.145841374651139,Truck_6,Delayed,Clear,20,1,None,0,0.7291039978892789,0
2023-06,S002,P0008,Electronics,East,3029,0,1,0.3188448309159233,Truck_7,Delayed,Detour,24,1,None,0,0.5016552338486133,0
2023-06,S002,P0009,Clothing,North,3370,0,1,0.23741739504435544,Truck_2,Delivered,Detour,22,0,Traffic,1,0.230118511089252,1
2023-06,S002,P0010,Groceries,East,3455,0,1,0.7124918386471764,Truck_7,Delivered,Heavy,47,1,None,0,0.9745778872267523,0
2023-06,S002,P0011,Groceries,North,3705,0,0,0.13915362798747602,Truck_7,In Transit,Detour,53,0,Traffic,1,0.2571859295777331,1
2023-06,S002,P0012,Clothing,South,3063,0,1,0.8265473258431656,Truck_3,Delayed,Detour,41,1,None,0,0.44465553010898806,0
2023-06,S002,P0013,Toys,North,3557,0,0,0.12397985727833144,Truck_6,Delivered,Heavy,32,1,Weather,0,0.9557430491527853,0
2023-06,S002,P0014,Clothing,South,2900,0,1,0.5957834633934144,Truck_6,In Transit,Clear,35,0,Weather,1,0.3031678013111301,1
2023-06,S002,P0015,Groceries,South,3343,0,1,0.19011250244927821,Truck_4,In Transit,Detour,58,0,Mechanical Failure,1,0.24290645469551375,1
2023-06,S002,P0016,Electronics,South,3025,0,1,0.31134377297464294,Truck_6,Delayed,Detour,24,1,Weather,0,0.45556246435562076,0
2023-06,S002,P0017,Furniture,East,2795,1,1,0.1672500211104182,Truck_6,In Transit,Clear,57,0,Mechanical Failure,1,0.18039085071445837,0
2023-06,S002,P0018,Clothing,North,3198,1,1,0.2638603882787557,Truck_2,Delivered,Detour,51,0,Weather,1,0.2926926567616687,0
2023-06,S002,P0019,Clothing,South,3498,0,1,0.13326766807568913,Truck_9,Delivered,Heavy,37,1,Traffic,0,0.9783336209552211,0
2023-06,S002,P0020,Clothing,South,2873,0,1,0.1321393766759502,Truck_4,Delayed,Clear,15,1,Weather,0,0.5405919056226594,0
2023-06,S003,P0001,Electronics,South,3445,0,1,0.18802214980780996,Truck_3,Delivered,Detour,31,0,Mechanical Failure,1,0.24879992703487358,1
2023-06,S003,P0002,Clothing,North,3417,1,1,0.19583191113325432,Truck_10,Delivered,Heavy,10,1,Weather,0,0.9603923431306494,0
2023-06,S003,P0003,Clothing,North,3049,1,1,0.18179926577876995,Truck_4,In Transit,Heavy,22,1,Weather,0,0.9868130404796203,0
2023-06,S003,P0004,Clothing,North,3559,1,1,0.14329244790257972,Truck_10,In Transit,Clear,35,0,Weather,1,0.27935629113096394,0
2023-06,S003,P0005,Electronics,East,3739,0,1,0.12334879046600776,Truck_1,In Transit,Clear,19,0,Mechanical Failure,1,0.301056381401564,1
2023-06,S003,P0006,Furniture,North,3192,0,0,0.17844783231628797,Truck_2,Delivered,Heavy,13,1,Weather,0,0.9803448151748344,0
2023-06,S003,P0007,Furniture,East,3221,0,1,0.14210274898037273,Truck_7,Delayed,Heavy,47,1,Mechanical Failure,0,0.978504400020762,0
2023-06,S003,P0008,Electronics,South,3037,0,1,0.537606256441198,Truck_2,Delayed,Clear,10,1,Traffic,0,0.6152096593290931,0
2023-06,S003,P0009,Electronics,North,3242,0,1,0.24817166700089233,Truck_2,In Transit,Detour,25,0,Traffic,1,0.2899679391945711,1
2023-06,S003,P0010,Clothing,North,2911,0,0,0.35893522421432866,Truck_10,In Transit,Clear,14,0,None,1,0.36981903531442234,1
2023-06,S003,P0011,Electronics,East,3216,1,1,0.31956074838308357,Truck_2,In Transit,Heavy,22,1,Weather,0,0.9786740362846987,0
2023-06,S003,P0012,Electronics,South,3656,0,0,0.1499065171607997,Truck_7,In Transit,Detour,50,0,Weather,1,0.3032388920697295,1
2023-06,S003,P0013,Electronics,West,3320,0,1,0.2427901378729715,Truck_10,Delayed,Detour,29,1,None,0,0.5668065278292487,0
2023-06,S003,P0014,Groceries,West,3075,0,0,0.1497588413474677,Truck_2,In Transit,Heavy,54,1,Traffic,0,0.986606610858243,0
2023-06,S003,P0015,Electronics,North,3554,1,1,0.25559584593208573,Truck_8,In Transit,Heavy,55,1,Mechanical Failure,0,0.976133115492275,0
2023-06,S003,P0016,Electronics,West,2958,0,1,0.11815850788301512,Truck_7,Delayed,Heavy,54,1,None,0,0.9850699637539259,0
2023-06,S003,P0017,Toys,North,3191,0,0,0.2608054373421996,Truck_8,In Transit,Heavy,51,1,Mechanical Failure,0,0.9793542928811471,0
2023-06,S003,P0018,Electronics,East,2894,1,1,0.1736161202008419,Truck_7,In Transit,Clear,37,0,None,1,0.234656348077881,0
2023-06,S003,P0019,Furniture,West,2973,1,1,0.07544400595967815,Truck_9,In Transit,Clear,34,0,Weather,1,0.2543068242619739,0
2023-06,S003,P0020,Groceries,East,3319,0,0,0.11498095517305547,Truck_4,Delayed,Detour,33,1,Weather,0,0.520379271236972,0
2023-06,S004,P0001,Toys,West,3547,0,0,0.21048592838646665,Truck_9,Delivered,Heavy,26,1,Traffic,0,0.973043068122172,0
2023-06,S004,P0002,Electronics,East,3285,0,1,0.3095724626766319,Truck_10,Delivered,Heavy,19,1,None,0,0.9448679447273188,0
2023-06,S004,P0003,Clothing,West,3184,0,1,0.4073749130438379,Truck_9,Delayed,Clear,28,1,None,0,0.47705229197906823,0
2023-06,S004,P0004,Clothing,East,3864,0,0,0.18096732239821586,Truck_2,Delayed,Clear,51,1,Mechanical Failure,0,0.4988181489432532,0
2023-06,S004,P0005,Groceries,North,3730,0,1,0.2360125292003519,Truck_2,Delayed,Detour,33,1,Weather,0,0.5041206518364306,0
2023-06,S004,P0006,Clothing,South,3009,0,1,0.09565397267266809,Truck_8,In Transit,Clear,31,0,Traffic,1,0.27940844091467154,1
2023-06,S004,P0007,Groceries,North,2776,0,1,0.2838334359619017,Truck_4,Delivered,Heavy,41,1,Weather,0,0.9788956898189869,0
2023-06,S004,P0008,Clothing,North,2999,0,1,0.17806332133722885,Truck_10,Delayed,Clear,49,1,None,0,0.5928614372114756,0
2023-06,S004,P0009,Furniture,East,2647,0,1,0.10731065213518612,Truck_4,Delayed,Heavy,34,1,Weather,0,0.985462624041054,0
2023-06,S004,P0010,Furniture,North,3808,0,1,0.267691557196781,Truck_9,In Transit,Clear,23,0,None,1,0.46848576044655243,1
2023-06,S004,P0011,Furniture,East,3681,0,1,0.11645331808227384,Truck_3,Delivered,Detour,59,0,Weather,1,0.4513235075905683,1
2023-06,S004,P0012,Clothing,South,3371,0,0,0.26854322760678856,Truck_2,Delayed,Clear,10,1,Traffic,0,0.6152096593290931,0
2023-06,S004,P0013,Clothing,South,3228,0,0,0.7008618782680983,Truck_7,Delivered,Heavy,23,1,Traffic,0,0.9775914888259187,0
2023-06,S004,P0014,Furniture,East,3146,0,1,0.3520816861772022,Truck_2,In Transit,Heavy,54,1,Traffic,0,0.986606610858243,0
2023-06,S004,P0015,Electronics,West,3394,0,1,0.49884454318941596,Truck_8,Delayed,Clear,47,1,Mechanical Failure,0,0.4588030005078361,0
2023-06,S004,P0016,Groceries,North,2989,1,1,0.08325995410772745,Truck_6,In Transit,Clear,30,0,Traffic,1,0.17660138159445318,0
2023-06,S004,P0017,Electronics,South,2972,0,0,0.1599405577335619,Truck_9,In Transit,Detour,56,0,Traffic,1,0.3716011891779185,1
2023-06,S004,P0018,Furniture,South,3053,0,1,0.1898011971823528,Truck_2,Delayed,Detour,34,1,Weather,0,0.27471420474008124,0
2023-06,S004,P0019,Toys,West,3567,0,1,0.1622259406082151,Truck_8,Delayed,Clear,21,1,None,0,0.5151694551579822,0
2023-06,S004,P0020,Electronics,East,3253,1,1,0.16319950632918417,Truck_5,In Transit,Clear,17,0,Mechanical Failure,1,0.21282149698437966,0
2023-06,S005,P0001,Clothing,West,2818,0,1,0.4353030120359552,Truck_3,Delayed,Clear,47,1,None,0,0.5537675711416102,0
2023-06,S005,P0002,Clothing,West,3629,0,0,0.2192736211245761,Truck_6,Delayed,Heavy,26,1,Traffic,0,0.9846857242830761,0
2023-06,S005,P0003,Groceries,South,3376,0,0,0.18568125412640543,Truck_10,In Transit,Clear,35,0,Weather,1,0.27935629113096394,1
2023-06,S005,P0004,Furniture,South,3207,0,1,0.3576497960072583,Truck_7,Delivered,Detour,39,0,None,1,0.290416284636035,1
2023-06,S005,P0005,Clothing,North,3364,1,1,0.09671793287921175,Truck_7,Delivered,Detour,49,0,Traffic,1,0.2863221907830662,0
2023-06,S005,P0006,Toys,North,3105,0,0,0.8624530591486472,Truck_9,Delayed,Heavy,53,1,None,0,0.9668829707288913,0
2023-06,S005,P0007,Toys,East,3194,0,1,0.269903062700367,Truck_1,Delivered,Clear,60,0,Traffic,1,0.1603963013334254,1
2023-06,S005,P0008,Clothing,East,3470,0,0,0.14413943325220774,Truck_4,Delivered,Detour,35,0,Mechanical Failure,1,0.33242675098130386,1
2023-06,S005,P0009,Electronics,East,3419,1,0,0.26899281658736407,Truck_7,Delayed,Detour,18,1,Traffic,0,0.5702652933627758,0
2023-06,S005,P0010,Clothing,West,3274,0,0,0.11211627058295058,Truck_1,Delayed,Heavy,53,1,Traffic,0,0.984983607025153,0
2023-06,S005,P0011,Electronics,South,3729,1,1,0.12963468487766888,Truck_4,Delivered,Heavy,39,1,Traffic,0,0.9845768257084774,0
2023-06,S005,P0012,Clothing,South,3454,0,1,0.12442659803496495,Truck_4,In Transit,Heavy,36,1,None,0,0.9750872603030103,0
2023-06,S005,P0013,Electronics,North,3517,1,0,0.29140500766721594,Truck_2,Delayed,Detour,17,1,None,0,0.3449639243401635,0
2023-06,S005,P0014,Groceries,South,2943,0,1,0.21741127783980346,Truck_8,In Transit,Heavy,53,1,Mechanical Failure,0,0.9917238255351246,0
2023-06,S005,P0015,Electronics,North,2825,1,1,0.15985196130119292,Truck_9,Delayed,Clear,43,1,Traffic,0,0.37369949879620745,0
2023-06,S005,P0016,Furniture,South,2856,0,1,0.16395853697901924,Truck_5,In Transit,Heavy,35,1,Traffic,0,0.9741743516827859,0
2023-06,S005,P0017,Furniture,North,3076,0,1,0.1857708169339822,Truck_4,Delayed,Clear,15,1,Traffic,0,0.6457955499138067,0
2023-06,S005,P0018,Electronics,South,2856,0,0,0.4302298366609275,Truck_6,In Transit,Clear,30,0,Weather,1,0.2588892635442809,1
2023-06,S005,P0019,Electronics,North,3190,0,1,0.12389336055796317,Truck_9,Delayed,Clear,43,1,Traffic,0,0.37369949879620745,0
2023-06,S005,P0020,Clothing,West,3764,1,0,0.24437261310984534,Truck_6,Delivered,Heavy,22,1,None,0,0.9849028619411131,0
2023-07,S001,P0001,Toys,South,3379,0,1,0.21382357238331395,Truck_9,Delayed,Heavy,40,1,Weather,0,0.9773682597239522,0
2023-07,S001,P0002,Electronics,South,3408,1,1,0.30878540194667065,Truck_6,Delayed,Detour,25,1,None,0,0.4545750928518562,0
2023-07,S001,P0003,Furniture,North,3208,0,1,0.4103237126357289,Truck_10,In Transit,Detour,35,0,None,1,0.5406957866298473,1
2023-07,S001,P0004,Electronics,South,3577,0,1,0.18446113869702663,Truck_8,Delivered,Detour,24,0,Mechanical Failure,1,0.28121770395854845,1
2023-07,S001,P0005,Furniture,South,3065,0,1,0.1578350823376238,Truck_3,Delivered,Heavy,45,1,Weather,0,0.9771887534345742,0
2023-07,S001,P0006,Furniture,South,3675,0,1,0.24258414163848901,Truck_2,Delivered,Heavy,17,1,Weather,0,0.9825596791555834,0
2023-07,S001,P0007,Toys,South,2946,0,0,0.14010967204367825,Truck_9,Delivered,Clear,14,0,None,1,0.20614523828956116,1
2023-07,S001,P0008,Toys,East,3065,0,1,0.6919705439335399,Truck_9,Delayed,Heavy,40,1,Weather,0,0.9798465488307947,0
2023-07,S001,P0009,Clothing,East,3360,0,1,0.29074848042386925,Truck_5,In Transit,Detour,25,0,Weather,1,0.25737058970113896,1
2023-07,S001,P0010,Furniture,South,4163,0,1,0.10730212765947997,Truck_10,Delayed,Detour,21,1,Weather,0,0.6401907514192033,0
2023-07,S001,P0011,Electronics,North,3190,0,1,0.1923373555232027,Truck_2,Delivered,Detour,53,0,Mechanical Failure,1,0.2891366031196024,1
2023-07,S001,P0012,Toys,East,2971,0,1,0.236521860940404,Truck_5,Delayed,Heavy,25,1,None,0,0.9508449430593577,0
2023-07,S001,P0013,Clothing,North,3347,0,1,0.27797824631799434,Truck_7,In Transit,Heavy,34,1,Traffic,0,0.9835634021186873,0
2023-07,S001,P0014,Electronics,West,3489,0,0,0.10064700197054621,Truck_2,Delivered,Heavy,59,1,Mechanical Failure,0,0.9963372987180732,0
2023-07,S001,P0015,Clothing,North,3910,0,0,0.15922888384930417,Truck_6,Delayed,Clear,19,1,None,0,0.512006466473169,0
2023-07,S001,P0016,Clothing,East,4333,0,1,0.1201324476391739,Truck_9,In Transit,Clear,24,0,Traffic,1,0.3405223175043685,1
2023-07,S001,P0017,Clothing,East,3579,0,1,0.2076296553381823,Truck_4,Delayed,Detour,42,1,Traffic,0,0.5709297777246098,0
2023-07,S001,P0018,Clothing,West,3715,0,0,0.1795937004680306,Truck_7,Delivered,Detour,15,0,Weather,1,0.2502420014428414,1
2023-07,S001,P0019,Furniture,East,3069,0,1,0.1679687213009454,Truck_5,Delivered,Heavy,54,1,None,0,0.9494077380952382,0
2023-07,S001,P0020,Clothing,West,3068,0,1,0.4073804355411002,Truck_8,Delivered,Detour,25,0,Mechanical Failure,1,0.3295048905616362,1
2023-07,S002,P0001,Electronics,North,3639,0,0,0.2601177786437775,Truck_7,In Transit,Detour,39,0,Mechanical Failure,1,0.23813028021616794,1
2023-07,S002,P0002,Furniture,West,3157,0,1,0.1851259232519113,Truck_8,Delivered,Heavy,30,1,None,0,0.9542395524416974,0
2023-07,S002,P0003,Electronics,East,3327,0,0,0.11126582293746248,Truck_9,Delivered,Clear,16,0,None,1,0.36235851315122625,1
2023-07,S002,P0004,Furniture,East,3574,0,1,0.13901873103537593,Truck_7,Delivered,Heavy,50,1,Weather,0,0.9854964938234891,0
2023-07,S002,P0005,Groceries,East,3403,1,1,0.15707468823783435,Truck_4,Delivered,Detour,34,0,Mechanical Failure,1,0.2834785343558909,0
2023-07,S002,P0006,Toys,East,3326,0,1,0.4763384528202064,Truck_1,In Transit,Clear,51,0,Weather,1,0.31020364220690144,1
2023-07,S002,P0007,Electronics,North,2829,0,1,0.15439801129233788,Truck_2,In Transit,Clear,31,0,Traffic,1,0.43558466443414984,1
2023-07,S002,P0008,Toys,East,3009,0,0,0.32469188671695565,Truck_8,Delivered,Detour,24,0,Mechanical Failure,1,0.24366075960552233,1
2023-07,S002,P0009,Clothing,East,3596,0,1,0.16673273691104107,Truck_2,Delayed,Clear,55,1,Weather,0,0.5090383446877129,0
2023-07,S002,P0010,Toys,North,3511,0,0,0.12938136569346684,Truck_9,In Transit,Heavy,30,1,None,0,0.9883715499276505,0
2023-07,S002,P0011,Groceries,West,3354,0,1,0.7362214937624986,Truck_1,Delivered,Clear,54,0,Traffic,1,0.37682109925289103,1
2023-07,S002,P0012,Clothing,West,3241,0,1,0.21467638803897443,Truck_8,Delivered,Detour,13,0,Weather,1,0.2777277579231313,1
2023-07,S002,P0013,Furniture,North,3211,0,1,0.4595055775502055,Truck_6,Delivered,Clear,38,0,Weather,1,0.1834667332623227,1
2023-07,S002,P0014,Toys,North,3470,0,1,0.2895253983613204,Truck_2,Delivered,Detour,35,0,Weather,1,0.2569722656617539,1
2023-07,S002,P0015,Furniture,North,3179,0,1,0.24477929287443614,Truck_7,In Transit,Detour,41,0,None,1,0.3007090728041788,1
2023-07,S002,P0016,Toys,East,3477,0,0,0.5355546476061435,Truck_4,Delivered,Heavy,25,1,Mechanical Failure,0,0.9749621131624429,0
2023-07,S002,P0017,Furniture,North,3779,0,1,0.2059573138856009,Truck_9,In Transit,Clear,51,0,Mechanical Failure,1,0.3269213287068813,1
2023-07,S002,P0018,Furniture,West,3465,0,1,0.17988960361196937,Truck_4,Delivered,Clear,43,0,Mechanical Failure,1,0.2782114270205592,1
2023-07,S002,P0019,Electronics,East,3184,0,1,0.3214726646672353,Truck_2,In Transit,Heavy,33,1,Mechanical Failure,0,0.9715511672384288,0
2023-07,S002,P0020,Furniture,North,2651,0,1,0.13865150025847514,Truck_8,In Transit,Clear,29,0,Mechanical Failure,1,0.37914947306456753,1
2023-07,S003,P0001,Groceries,North,3502,0,1,0.305986412754363,Truck_6,In Transit,Detour,34,0,Mechanical Failure,1,0.3512583920539599,1
2023-07,S003,P0002,Furniture,South,3369,1,1,0.5404139897053059,Truck_6,Delayed,Detour,29,1,Traffic,0,0.2976882352129355,0
2023-07,S003,P0003,Clothing,West,3314,0,1,0.12036928238074882,Truck_10,Delayed,Detour,39,1,Traffic,0,0.6577300925230456,0
2023-07,S003,P0004,Electronics,South,3024,0,1,0.1590356843469873,Truck_5,Delayed,Heavy,26,1,Traffic,0,0.9810946403948962,0
2023-07,S003,P0005,Electronics,East,3788,0,1,0.19821107362332846,Truck_3,Delivered,Detour,49,0,Weather,1,0.28636552465499704,1
2023-07,S003,P0006,Electronics,North,3645,0,0,0.11975041710616315,Truck_5,Delivered,Detour,58,0,Mechanical Failure,1,0.35481856187999283,1
2023-07,S003,P0007,Electronics,North,3151,0,1,0.15505013705921955,Truck_6,Delayed,Detour,50,1,Traffic,0,0.334335629542426,0
2023-07,S003,P0008,Clothing,East,3512,0,1,0.19993393925343425,Truck_8,In Transit,Heavy,16,1,Mechanical Failure,0,0.980430691270475,0
2023-07,S003,P0009,Furniture,South,3064,0,1,0.0965412469970931,Truck_1,Delivered,Heavy,36,1,Mechanical Failure,0,0.9801899866129744,0
2023-07,S003,P0010,Clothing,East,3290,0,1,0.7927009106090235,Truck_10,Delivered,Detour,24,0,Weather,1,0.33149861664010544,1
2023-07,S003,P0011,Toys,East,3412,1,1,0.10766065350406802,Truck_6,In Transit,Clear,39,0,Traffic,1,0.19748557969807834,0
2023-07,S003,P0012,Electronics,North,3446,1,1,0.09899549933600542,Truck_2,In Transit,Heavy,22,1,None,0,0.9791889905448659,0
2023-07,S003,P0013,Toys,East,4097,0,1,0.10629398389903427,Truck_10,In Transit,Detour,35,0,None,1,0.5406957866298473,1
2023-07,S003,P0014,Clothing,East,3406,0,1,0.2769410423492693,Truck_6,Delayed,Heavy,45,1,None,0,0.9878746538584067,0
2023-07,S003,P0015,Clothing,South,3289,1,1,0.10538278363572508,Truck_5,In Transit,Detour,44,0,Weather,1,0.2877497606479819,0
2023-07,S003,P0016,Groceries,North,3496,0,1,0.12174765257057794,Truck_1,In Transit,Detour,24,0,None,1,0.30953955152685103,1
2023-07,S003,P0017,Clothing,North,3556,0,0,0.1240030429131871,Truck_4,Delayed,Detour,23,1,Traffic,0,0.3807968530761518,0
2023-07,S003,P0018,Groceries,South,3442,0,1,0.3305007441859031,Truck_4,Delivered,Heavy,39,1,Traffic,0,0.9845768257084774,0
2023-07,S003,P0019,Clothing,South,2585,0,1,0.26104421936509375,Truck_5,In Transit,Clear,32,0,None,1,0.251267490347751,1
2023-07,S003,P0020,Toys,West,3498,0,1,0.07878525513485715,Truck_2,Delivered,Detour,42,0,None,1,0.38951569710088585,1
2023-07,S004,P0001,Electronics,North,3218,0,1,0.2569816079948429,Truck_4,In Transit,Clear,39,0,Mechanical Failure,1,0.3240776289715249,1
2023-07,S004,P0002,Groceries,North,3511,0,0,0.2040966300845505,Truck_9,Delayed,Detour,22,1,Mechanical Failure,0,0.424681987118813,0
2023-07,S004,P0003,Electronics,South,3332,0,1,0.2549131508758164,Truck_2,Delivered,Clear,29,0,Traffic,1,0.3290698669901153,1
2023-07,S004,P0004,Clothing,East,3581,0,0,0.22322215710669757,Truck_10,Delayed,Clear,48,1,Mechanical Failure,0,0.5139518169471757,0
2023-07,S004,P0005,Furniture,South,3304,0,0,0.12025419307301248,Truck_8,In Transit,Detour,45,0,Weather,1,0.30050505011113704,1
2023-07,S004,P0006,Clothing,East,3190,1,1,0.5715596321379506,Truck_7,Delivered,Detour,47,0,Weather,1,0.33110557496546605,0
2023-07,S004,P0007,Clothing,East,3206,0,1,0.22942109269949357,Truck_9,In Transit,Clear,24,0,Traffic,1,0.3405223175043685,1
2023-07,S004,P0008,Furniture,West,3458,0,1,0.13718105163508604,Truck_6,In Transit,Heavy,47,1,Traffic,0,0.9809437530930594,0
2023-07,S004,P0009,Toys,North,3245,0,1,0.12537098111406517,Truck_1,Delayed,Clear,41,1,Mechanical Failure,0,0.43683188936396095,0
2023-07,S004,P0010,Toys,South,3026,0,0,0.17395983920628424,Truck_4,Delivered,Detour,34,0,Mechanical Failure,1,0.2834785343558909,1
2023-07,S004,P0011,Electronics,North,3591,0,1,0.4311386678227932,Truck_7,Delayed,Clear,15,1,Mechanical Failure,0,0.5489599780042308,0
2023-07,S004,P0012,Furniture,East,3462,0,1,0.10796167203595537,Truck_5,Delivered,Clear,50,0,None,1,0.31214892806622685,1
2023-07,S004,P0013,Clothing,West,3221,1,1,0.4395689055010146,Truck_4,In Transit,Heavy,50,1,Mechanical Failure,0,0.9808921728001012,0
2023-07,S004,P0014,Clothing,North,3589,1,1,0.1551574561256812,Truck_9,In Transit,Clear,51,0,Mechanical Failure,1,0.3269213287068813,0
2023-07,S004,P0015,Furniture,South,3273,0,1,0.21240028859975169,Truck_3,In Transit,Clear,58,0,None,1,0.2759903576884534,1
2023-07,S004,P0016,Furniture,South,3476,0,1,0.15567366026106186,Truck_4,Delayed,Detour,60,1,Weather,0,0.4598442572619926,0
2023-07,S004,P0017,Clothing,North,3490,0,0,0.3538509702826593,Truck_8,Delayed,Detour,52,1,Traffic,0,0.4818217796274296,0
2023-07,S004,P0018,Electronics,East,3340,0,0,0.23761000288600762,Truck_6,In Transit,Detour,50,0,Traffic,1,0.36853649947880657,1
2023-07,S004,P0019,Furniture,South,3803,0,1,0.2073740952927227,Truck_2,Delayed,Heavy,22,1,Weather,0,0.9747899737480465,0
2023-07,S004,P0020,Toys,South,3262,0,1,0.867901473183247,Truck_4,Delayed,Clear,18,1,Mechanical Failure,0,0.6081587294924232,0
2023-07,S005,P0001,Groceries,North,3398,1,1,0.7584534861739728,Truck_9,Delivered,Heavy,26,1,Traffic,0,0.973043068122172,0
2023-07,S005,P0002,Furniture,East,3401,0,1,0.061808617798737635,Truck_10,Delivered,Heavy,20,1,Mechanical Failure,0,0.9833745057132233,0
2023-07,S005,P0003,Toys,West,3447,0,1,0.23836746134240674,Truck_9,Delivered,Heavy,41,1,None,0,0.9738068403536202,0
2023-07,S005,P0004,Furniture,North,3605,1,1,0.1901219187708355,Truck_1,In Transit,Detour,19,0,Weather,1,0.2599999859162452,0
2023-07,S005,P0005,Clothing,East,3170,0,1,0.8024446916315161,Truck_3,In Transit,Detour,35,0,Weather,1,0.27729847471053015,1
2023-07,S005,P0006,Electronics,South,3898,0,0,0.16729517454351808,Truck_4,Delivered,Heavy,51,1,Mechanical Failure,0,0.9821881640130578,0
2023-07,S005,P0007,Groceries,East,3703,0,0,0.15877787097317791,Truck_3,Delivered,Heavy,57,1,Traffic,0,0.952747644233132,0
2023-07,S005,P0008,Groceries,North,3415,0,0,0.7990575402066831,Truck_2,Delivered,Detour,28,0,None,1,0.2706751757244808,1
2023-07,S005,P0009,Furniture,North,3559,0,1,0.06533038489336651,Truck_4,Delayed,Heavy,23,1,Traffic,0,0.9511353334035058,0
2023-07,S005,P0010,Groceries,South,3927,0,1,0.10770745042933631,Truck_1,Delivered,Heavy,10,1,None,0,0.9796224762879152,0
2023-07,S005,P0011,Electronics,South,3607,0,0,0.15047381229620685,Truck_6,In Transit,Clear,30,0,Weather,1,0.2588892635442809,1
2023-07,S005,P0012,Toys,North,3442,1,1,0.1641832537673136,Truck_10,In Transit,Heavy,16,1,None,0,0.9764797239813601,0
2023-07,S005,P0013,Toys,East,3283,0,1,0.26259517475578714,Truck_10,Delivered,Detour,22,0,Weather,1,0.35395972382688606,1
2023-07,S005,P0014,Furniture,South,3486,0,1,0.18370647771809043,Truck_8,In Transit,Heavy,53,1,Weather,0,0.9859727030959908,0
2023-07,S005,P0015,Toys,South,3333,0,0,0.28273944263473044,Truck_7,In Transit,Heavy,55,1,None,0,0.9861866388041538,0
2023-07,S005,P0016,Furniture,North,3008,0,1,0.25104477066859265,Truck_1,In Transit,Detour,24,0,None,1,0.30953955152685103,1
2023-07,S005,P0017,Clothing,South,2862,1,1,0.2884016489828261,Truck_7,Delivered,Clear,22,0,Traffic,1,0.3821756242700907,0
2023-07,S005,P0018,Clothing,East,3325,0,1,0.25002962407024504,Truck_3,In Transit,Clear,44,0,Weather,1,0.21757754373328214,1
2023-07,S005,P0019,Furniture,South,3550,0,0,0.14564514514775212,Truck_8,Delivered,Heavy,38,1,Traffic,0,0.9798039830912252,0
2023-07,S005,P0020,Toys,South,3488,0,1,0.09572450170430288,Truck_6,Delayed,Heavy,26,1,Traffic,0,0.9846857242830761,0
2023-08,S001,P0001,Clothing,North,3504,0,1,0.11207871402029332,Truck_4,In Transit,Detour,51,0,Traffic,1,0.34887705159606136,1
2023-08,S001,P0002,Furniture,South,4183,0,1,0.17929707942109444,Truck_3,Delayed,Detour,33,1,Traffic,0,0.439527266380287,0
2023-08,S001,P0003,Electronics,South,3225,0,0,0.3199044765048406,Truck_10,In Transit,Clear,14,0,None,1,0.36981903531442234,1
2023-08,S001,P0004,Electronics,South,3554,0,1,0.4281868190442243,Truck_6,In Transit,Detour,43,0,None,1,0.2264201919496389,1
2023-08,S001,P0005,Electronics,South,3732,0,0,0.2625686656296664,Truck_10,Delivered,Heavy,36,1,Traffic,0,0.9760971633641518,0
2023-08,S001,P0006,Groceries,North,3154,0,0,0.2772279505122023,Truck_2,Delivered,Detour,53,0,Mechanical Failure,1,0.2891366031196024,1
2023-08,S001,P0007,Furniture,East,3329,1,1,0.15769574475154532,Truck_9,Delayed,Detour,22,1,Mechanical Failure,0,0.424681987118813,0
2023-08,S001,P0008,Electronics,West,3535,0,0,0.20750544674176336,Truck_8,In Transit,Detour,28,0,None,1,0.2621220080730444,1
2023-08,S001,P0009,Clothing,North,3300,1,1,0.1372010076202223,Truck_8,In Transit,Heavy,50,1,Mechanical Failure,0,0.9916357716940923,0
2023-08,S001,P0010,Groceries,West,3384,0,1,0.19351499000371744,Truck_2,Delayed,Detour,58,1,None,0,0.6356620558315516,0
2023-08,S001,P0011,Electronics,East,3606,0,1,0.28578353267447004,Truck_5,Delivered,Heavy,14,1,None,0,0.9860255354689126,0
2023-08,S001,P0012,Clothing,North,3262,0,0,0.25577851528757856,Truck_7,In Transit,Detour,50,0,Weather,1,0.3032388920697295,1
2023-08,S001,P0013,Toys,East,3806,0,0,0.21015973151567827,Truck_9,Delivered,Heavy,37,1,Traffic,0,0.9783336209552211,0
2023-08,S001,P0014,Clothing,North,3099,0,0,0.11112006238615965,Truck_5,In Transit,Detour,56,0,Mechanical Failure,1,0.24243764639407353,1
2023-08,S001,P0015,Groceries,East,3206,0,0,0.12785287695700315,Truck_3,Delayed,Detour,23,1,Mechanical Failure,0,0.46303178632185665,0
2023-08,S001,P0016,Clothing,West,3349,0,1,0.2565768044206231,Truck_6,Delayed,Heavy,50,1,Weather,0,0.9863184887099272,0
2023-08,S001,P0017,Clothing,North,3369,0,0,0.11590459818940377,Truck_3,Delivered,Heavy,14,1,None,0,0.9915942978386909,0
2023-08,S001,P0018,Clothing,East,3388,0,1,0.20729489443574659,Truck_7,In Transit,Clear,47,0,Weather,1,0.2597080894750686,1
2023-08,S001,P0019,Clothing,West,3087,1,0,0.17126690884665755,Truck_1,Delayed,Detour,50,1,None,0,0.5724894381681414,0
2023-08,S001,P0020,Electronics,South,3487,0,1,0.17835124251896378,Truck_8,In Transit,Heavy,60,1,Traffic,0,0.9512125540510991,0
2023-08,S002,P0001,Clothing,West,3928,0,1,0.13948446499791023,Truck_7,In Transit,Clear,32,0,Weather,1,0.22494427598972244,1
2023-08,S002,P0002,Electronics,South,3851,0,1,0.1522680494147091,Truck_4,Delivered,Detour,41,0,None,1,0.29548523828994344,1
2023-08,S002,P0003,Clothing,West,3005,0,1,0.7124826035452485,Truck_5,Delayed,Heavy,37,1,Traffic,0,0.9828523285436759,0
2023-08,S002,P0004,Groceries,East,3254,0,0,0.278621096911844,Truck_6,In Transit,Detour,24,0,Traffic,1,0.2133003255143581,1
2023-08,S002,P0005,Furniture,East,3147,1,0,0.1845949042087796,Truck_9,Delivered,Clear,41,0,Traffic,1,0.2504746936489736,0
2023-08,S002,P0006,Clothing,East,3223,0,0,0.1921030266706093,Truck_6,In Transit,Clear,30,0,Traffic,1,0.17660138159445318,1
2023-08,S002,P0007,Clothing,South,3260,1,1,0.13642840651951357,Truck_9,In Transit,Heavy,50,1,Mechanical Failure,0,0.9877167810740944,0
2023-08,S002,P0008,Electronics,North,3447,0,1,0.09967192109643896,Truck_10,In Transit,Heavy,50,1,None,0,0.9876957378448472,0
2023-08,S002,P0009,Toys,East,2755,1,1,0.22680719849187014,Truck_8,Delayed,Detour,49,1,None,0,0.5552470892683935,0
2023-08,S002,P0010,Furniture,South,3524,0,0,0.23389748922159123,Truck_8,Delivered,Detour,13,0,Weather,1,0.2777277579231313,1
2023-08,S002,P0011,Electronics,West,3777,1,0,0.2626320415145242,Truck_5,In Transit,Detour,25,0,Weather,1,0.25737058970113896,0
2023-08,S002,P0012,Furniture,North,3663,0,0,0.39643734352133664,Truck_3,Delayed,Heavy,22,1,None,0,0.9844625116891663,0
2023-08,S002,P0013,Furniture,South,3469,0,1,0.16850168175066121,Truck_8,In Transit,Heavy,23,1,Traffic,0,0.9784556104364011,0
2023-08,S002,P0014,Toys,North,3503,0,1,0.4234768931215055,Truck_7,In Transit,Clear,28,0,None,1,0.33139326004327235,1
2023-08,S002,P0015,Toys,South,3147,0,0,0.22918400795491753,Truck_1,In Transit,Clear,59,0,Weather,1,0.18729432876849955,1
2023-08,S002,P0016,Electronics,North,3038,0,1,0.20182504298038478,Truck_3,Delivered,Detour,48,0,Weather,1,0.30914436321756783,1
2023-08,S002,P0017,Clothing,North,3641,0,1,0.29346228021632437,Truck_10,Delivered,Detour,52,0,Traffic,1,0.5405126770952109,1
2023-08,S002,P0018,Clothing,West,3359,0,1,0.11906684287984821,Truck_2,In Transit,Heavy,41,1,None,0,0.9865898712492743,0
2023-08,S002,P0019,Electronics,North,3549,0,1,0.08984187894805566,Truck_10,Delayed,Detour,21,1,Weather,0,0.6401907514192033,0
2023-08,S002,P0020,Groceries,South,3032,0,1,0.27606615543820534,Truck_6,Delivered,Heavy,55,1,Traffic,0,0.9818615752860563,0
2023-08,S003,P0001,Groceries,North,3122,0,0,0.1833210423209855,Truck_6,Delivered,Heavy,23,1,Weather,0,0.9865079034050726,0
2023-08,S003,P0002,Toys,North,2457,0,1,0.3425747353392964,Truck_2,In Transit,Heavy,22,1,None,0,0.9791889905448659,0
2023-08,S003,P0003,Toys,West,3205,0,0,0.17179740114926195,Truck_3,In Transit,Clear,44,0,Weather,1,0.21757754373328214,1
2023-08,S003,P0004,Clothing,South,3671,1,1,0.23673094876227452,Truck_1,Delayed,Clear,41,1,Mechanical Failure,0,0.43683188936396095,0
2023-08,S003,P0005,Electronics,North,3500,0,1,0.17105687463939928,Truck_6,In Transit,Detour,35,0,None,1,0.3039493904823399,1
2023-08,S003,P0006,Furniture,West,3225,1,1,0.13954277751860406,Truck_7,Delayed,Detour,54,1,Mechanical Failure,0,0.46027383432614594,0
2023-08,S003,P0007,Electronics,South,2955,0,1,0.31495053793237743,Truck_2,Delayed,Clear,49,1,None,0,0.6855263037012459,0
2023-08,S003,P0008,Groceries,North,3334,0,1,0.2057728536742845,Truck_3,In Transit,Detour,52,0,Traffic,1,0.3047306715882752,1
2023-08,S003,P0009,Groceries,North,3575,1,1,0.1794974359725802,Truck_6,In Transit,Heavy,16,1,Weather,0,0.9849020023762212,0
2023-08,S003,P0010,Clothing,North,3335,0,0,0.12431993973246697,Truck_9,Delivered,Clear,56,0,Mechanical Failure,1,0.2219743568067944,1
2023-08,S003,P0011,Toys,North,3518,0,1,0.07834408043630102,Truck_4,Delayed,Heavy,37,1,None,0,0.9795043419642081,0
2023-08,S003,P0012,Furniture,West,3320,0,0,0.13305482284406267,Truck_7,In Transit,Clear,37,0,None,1,0.234656348077881,1
2023-08,S003,P0013,Clothing,East,3109,0,0,0.13636568292647072,Truck_2,Delivered,Detour,35,0,Weather,1,0.2569722656617539,1
2023-08,S003,P0014,Furniture,East,3073,0,1,0.09998651259467387,Truck_4,In Transit,Clear,10,0,Weather,1,0.3342126476488035,1
2023-08,S003,P0015,Furniture,West,3210,0,0,0.3113285850930422,Truck_5,Delivered,Clear,51,0,Weather,1,0.37981590003427995,1
2023-08,S003,P0016,Electronics,East,4048,0,1,0.136162055602932,Truck_10,Delivered,Detour,44,0,Mechanical Failure,1,0.3806005115439749,1
2023-08,S003,P0017,Furniture,East,3440,0,1,0.11249059591323483,Truck_5,Delayed,Detour,49,1,None,0,0.51902292236169,0
2023-08,S003,P0018,Electronics,East,3417,1,1,0.2205363735369945,Truck_10,In Transit,Clear,51,0,None,1,0.39875482575697935,0
2023-08,S003,P0019,Furniture,North,3800,0,1,0.4093540427494033,Truck_9,In Transit,Clear,14,0,Mechanical Failure,1,0.2140334737288198,1
2023-08,S003,P0020,Toys,West,3166,0,0,0.27159357747504037,Truck_3,Delayed,Heavy,46,1,Traffic,0,0.9587469141283189,0
2023-08,S004,P0001,Clothing,North,3420,0,0,0.12352679932143913,Truck_9,Delivered,Detour,45,0,Mechanical Failure,1,0.2867324722616982,1
2023-08,S004,P0002,Toys,West,3361,0,1,0.10623209297630785,Truck_7,Delayed,Heavy,47,1,Mechanical Failure,0,0.978504400020762,0
2023-08,S004,P0003,Furniture,South,3955,0,1,0.11819705113511843,Truck_2,Delivered,Clear,29,0,Mechanical Failure,1,0.29062858211666204,1
2023-08,S004,P0004,Electronics,West,2677,1,1,0.27406679452026816,Truck_1,Delivered,Clear,42,0,Mechanical Failure,1,0.2285945194769852,0
2023-08,S004,P0005,Groceries,South,3087,0,1,0.18599012458845085,Truck_10,Delayed,Detour,39,1,Traffic,0,0.6577300925230456,0
2023-08,S004,P0006,Electronics,South,3824,0,1,0.24412614343489286,Truck_3,Delayed,Detour,12,1,None,0,0.5838325393446101,0
2023-08,S004,P0007,Electronics,North,3229,0,1,0.6228755746653255,Truck_2,Delayed,Heavy,16,1,Traffic,0,0.9670986631212776,0
2023-08,S004,P0008,Electronics,North,3478,0,1,0.1666947410371654,Truck_6,Delayed,Detour,25,1,None,0,0.4545750928518562,0
2023-08,S004,P0009,Furniture,East,3960,0,1,0.29564710268896,Truck_9,Delivered,Detour,45,0,Mechanical Failure,1,0.2867324722616982,1
2023-08,S004,P0010,Toys,West,2991,0,1,0.1773199452998498,Truck_3,Delayed,Heavy,30,1,Mechanical Failure,0,0.971571102067283,0
2023-08,S004,P0011,Clothing,East,3303,0,0,0.13075944301979148,Truck_7,Delivered,Detour,41,0,None,1,0.3149096167840695,1
2023-08,S004,P0012,Furniture,South,3298,1,0,0.8844414779141219,Truck_9,Delivered,Detour,21,0,Mechanical Failure,1,0.2204849921299498,0
2023-08,S004,P0013,Furniture,East,3073,1,1,0.305771687878876,Truck_8,Delayed,Clear,35,1,Weather,0,0.546681821621819,0
2023-08,S004,P0014,Electronics,East,3024,1,1,0.36765702526007493,Truck_3,In Transit,Clear,33,0,Weather,1,0.23260148263864605,0
2023-08,S004,P0015,Clothing,East,3359,0,1,0.3300037241453483,Truck_10,Delayed,Detour,37,1,Traffic,0,0.5385601216673321,0
2023-08,S004,P0016,Groceries,East,3588,0,1,0.24376113282855202,Truck_3,Delayed,Heavy,14,1,Mechanical Failure,0,0.975207049256852,0
2023-08,S004,P0017,Clothing,East,3303,0,1,0.13993991987097673,Truck_2,In Transit,Heavy,22,1,Weather,0,0.9786740362846987,0
2023-08,S004,P0018,Groceries,West,3503,0,0,0.4630822432757017,Truck_10,In Transit,Clear,48,0,Mechanical Failure,1,0.2955231795656229,1
2023-08,S004,P0019,Electronics,South,3579,0,1,0.1479786535835673,Truck_9,Delayed,Heavy,40,1,Weather,0,0.9773682597239522,0
2023-08,S004,P0020,Groceries,West,3156,1,0,0.2720562369798488,Truck_8,Delivered,Clear,19,0,None,1,0.27010300505061,0
2023-08,S005,P0001,Furniture,East,2615,1,1,0.19608599775089156,Truck_8,In Transit,Detour,16,0,Weather,1,0.28858269091889543,0
2023-08,S005,P0002,Groceries,East,2967,1,1,0.1349057955623855,Truck_4,In Transit,Detour,15,0,Mechanical Failure,1,0.33139810110131096,0
2023-08,S005,P0003,Electronics,East,3820,0,1,0.20542625177201607,Truck_8,In Transit,Clear,12,0,None,1,0.3743180126797516,1
2023-08,S005,P0004,Furniture,East,3169,0,1,0.2908595614875818,Truck_6,Delivered,Clear,43,0,Mechanical Failure,1,0.26689153364312934,1
2023-08,S005,P0005,Groceries,North,3203,0,0,0.1559248202161308,Truck_2,Delivered,Heavy,44,1,None,0,0.9781215555873222,0
2023-08,S005,P0006,Electronics,South,3342,0,1,0.26232254829660134,Truck_3,Delivered,Heavy,52,1,Traffic,0,0.960716826799266,0
2023-08,S005,P0007,Clothing,North,4068,0,1,0.7574706372508998,Truck_8,Delayed,Heavy,19,1,Weather,0,0.9703769852666096,0
2023-08,S005,P0008,Furniture,North,3625,0,1,0.1774335986728934,Truck_8,In Transit,Detour,31,0,Weather,1,0.22820492223352912,1
2023-08,S005,P0009,Clothing,East,3638,1,1,0.21724120451018938,Truck_1,In Transit,Clear,19,0,Mechanical Failure,1,0.301056381401564,0
2023-08,S005,P0010,Groceries,West,3537,1,1,0.1408231664910538,Truck_8,In Transit,Clear,56,0,Traffic,1,0.2271016907107079,0
2023-08,S005,P0011,Toys,South,3011,0,0,0.1881494157525646,Truck_10,In Transit,Clear,51,0,None,1,0.39875482575697935,1
2023-08,S005,P0012,Clothing,East,3685,0,0,0.1217065672388313,Truck_9,Delayed,Heavy,54,1,Traffic,0,0.9750360396683925,0
2023-08,S005,P0013,Electronics,East,3694,0,1,0.3571143781797869,Truck_3,In Transit,Heavy,12,1,None,0,0.98964446715445,0
2023-08,S005,P0014,Toys,South,3189,0,1,0.43436787380015107,Truck_1,In Transit,Heavy,56,1,Weather,0,0.9845689734366467,0
2023-08,S005,P0015,Toys,South,3591,0,1,0.27861512316550374,Truck_1,Delayed,Heavy,53,1,Traffic,0,0.984983607025153,0
2023-08,S005,P0016,Toys,North,3440,0,0,0.1229035048767625,Truck_10,In Transit,Detour,34,0,None,1,0.43256546867855483,1
2023-08,S005,P0017,Furniture,East,3332,0,1,0.24138099936808127,Truck_8,In Transit,Clear,29,0,Mechanical Failure,1,0.37914947306456753,1
2023-08,S005,P0018,Electronics,West,2976,0,1,0.244971242106163,Truck_4,Delayed,Clear,31,1,Weather,0,0.528671925632989,0
2023-08,S005,P0019,Furniture,South,3302,0,1,0.4150362685052817,Truck_6,In Transit,Clear,20,0,Mechanical Failure,1,0.2246385221900927,1
2023-08,S005,P0020,Furniture,East,3361,0,1,0.08915829597452775,Truck_6,In Transit,Clear,20,0,Mechanical Failure,1,0.2246385221900927,1
2023-09,S001,P0001,Toys,East,3148,0,0,0.1945593414235486,Truck_10,Delivered,Detour,22,0,Weather,1,0.35395972382688606,1
2023-09,S001,P0002,Toys,South,3196,0,0,0.47512189701659685,Truck_6,In Transit,Detour,49,0,Weather,1,0.2257427788943879,1
2023-09,S001,P0003,Electronics,North,3481,1,1,0.18508531688047583,Truck_8,In Transit,Detour,18,0,Weather,1,0.19660528402678376,0
2023-09,S001,P0004,Toys,North,3344,1,0,0.2287731634401115,Truck_7,Delivered,Heavy,46,1,Traffic,0,0.9743191709187055,0
2023-09,S001,P0005,Electronics,North,3336,1,1,0.1433374028078306,Truck_6,Delayed,Heavy,38,1,Weather,0,0.9861665276559919,0
2023-09,S001,P0006,Clothing,West,2980,0,1,0.1924412848409429,Truck_1,In Transit,Detour,20,0,Weather,1,0.3400140952399832,1
2023-09,S001,P0007,Clothing,East,3008,0,0,0.2285660495437537,Truck_6,In Transit,Detour,24,0,Traffic,1,0.2133003255143581,1
2023-09,S001,P0008,Electronics,North,3265,0,1,0.3874069319699771,Truck_3,Delayed,Heavy,30,1,Mechanical Failure,0,0.971571102067283,0
2023-09,S001,P0009,Furniture,North,3720,0,1,0.19673775806980692,Truck_2,In Transit,Detour,29,0,Mechanical Failure,1,0.2485834079730084,1
2023-09,S001,P0010,Electronics,South,3231,0,0,0.1333864121906512,Truck_1,Delayed,Heavy,34,1,Mechanical Failure,0,0.9748970026211302,0
2023-09,S001,P0011,Electronics,West,3038,0,1,0.11740754701483924,Truck_8,Delayed,Clear,36,1,Weather,0,0.2902576468400355,0
2023-09,S001,P0012,Toys,East,3215,0,0,0.10171907210232556,Truck_2,Delayed,Detour,41,1,Weather,0,0.3148759023439316,0
2023-09,S001,P0013,Clothing,West,3192,0,1,0.4908022126452301,Truck_2,Delayed,Heavy,39,1,Mechanical Failure,0,0.9586240807228864,0
2023-09,S001,P0014,Furniture,East,3780,0,1,0.16849986647226772,Truck_1,In Transit,Detour,49,0,None,1,0.30551886874361783,1
2023-09,S001,P0015,Toys,West,3383,0,0,0.5889625243792485,Truck_1,Delivered,Detour,30,0,Weather,1,0.2649065771599516,1
2023-09,S001,P0016,Electronics,East,3582,0,0,0.1939750074415118,Truck_7,Delayed,Heavy,54,1,None,0,0.9850699637539259,0
2023-09,S001,P0017,Clothing,East,3282,0,0,0.5936198841555064,Truck_2,Delivered,Detour,28,0,None,1,0.2706751757244808,1
2023-09,S001,P0018,Furniture,North,2938,0,1,0.15284878415442507,Truck_2,Delayed,Heavy,22,1,Weather,0,0.9747899737480465,0
2023-09,S001,P0019,Groceries,East,3370,0,1,0.3094038771288784,Truck_10,In Transit,Clear,14,0,None,1,0.36981903531442234,1
2023-09,S001,P0020,Electronics,South,3387,0,1,0.35973838764523425,Truck_9,Delayed,Detour,11,1,None,0,0.503450642369576,0
2023-09,S002,P0001,Toys,South,3552,0,1,0.1087566003753054,Truck_2,Delivered,Detour,19,0,None,1,0.28673565289323066,1
2023-09,S002,P0002,Electronics,North,2895,0,1,0.23010784305642995,Truck_8,In Transit,Detour,33,0,Mechanical Failure,1,0.30849329701825706,1
2023-09,S002,P0003,Groceries,East,3719,0,1,0.1535055026464766,Truck_3,Delayed,Detour,50,1,Traffic,0,0.5000733990478484,0
2023-09,S002,P0004,Clothing,East,3562,0,1,0.1540863168554865,Truck_7,Delayed,Clear,23,1,None,0,0.47049769229891014,0
2023-09,S002,P0005,Electronics,North,3144,0,0,0.1598375944149633,Truck_8,In Transit,Detour,12,0,Weather,1,0.32841463545013283,1
2023-09,S002,P0006,Clothing,South,3054,0,1,0.15361580922170023,Truck_7,Delayed,Detour,18,1,Traffic,0,0.5702652933627758,0
2023-09,S002,P0007,Toys,West,3449,0,0,0.35458221118335675,Truck_2,Delayed,Clear,55,1,Weather,0,0.5090383446877129,0
2023-09,S002,P0008,Groceries,East,3252,0,0,0.4612029722488389,Truck_8,Delivered,Detour,40,0,Traffic,1,0.32284740206058155,1
2023-09,S002,P0009,Clothing,East,3642,0,1,0.4037695887744762,Truck_4,In Transit,Heavy,55,1,None,0,0.9800484129501905,0
2023-09,S002,P0010,Furniture,South,3322,0,0,0.15340874880108912,Truck_10,In Transit,Clear,48,0,Mechanical Failure,1,0.2955231795656229,1
2023-09,S002,P0011,Toys,West,3513,0,0,0.1600825195514491,Truck_2,Delayed,Detour,32,1,Traffic,0,0.6013552952058284,0
2023-09,S002,P0012,Furniture,South,3269,0,0,0.0940280684822638,Truck_9,Delivered,Heavy,41,1,None,0,0.9738068403536202,0
2023-09,S002,P0013,Groceries,West,3060,0,0,0.250849364173902,Truck_7,In Transit,Clear,59,0,None,1,0.29337503834385353,1
2023-09,S002,P0014,Clothing,East,3029,0,1,0.5115821816488749,Truck_2,Delayed,Clear,40,1,None,0,0.31229825117063886,0
2023-09,S002,P0015,Furniture,North,3485,0,0,0.3297673397083338,Truck_8,Delivered,Clear,51,0,Weather,1,0.3125018079891081,1
2023-09,S002,P0016,Clothing,North,3333,0,1,0.21654101806603962,Truck_1,In Transit,Detour,19,0,Weather,1,0.2599999859162452,1
2023-09,S002,P0017,Toys,East,3130,0,0,0.407932383378029,Truck_2,In Transit,Detour,45,0,None,1,0.2729855116582451,1
2023-09,S002,P0018,Electronics,South,3530,1,0,0.12569717291342322,Truck_2,Delayed,Clear,12,1,Mechanical Failure,0,0.6603445515886263,0
2023-09,S002,P0019,Furniture,South,3378,0,0,0.33879940434292716,Truck_6,In Transit,Heavy,50,1,Weather,0,0.9835953459938422,0
2023-09,S002,P0020,Electronics,South,3578,1,1,0.5091404372334393,Truck_1,Delivered,Heavy,10,1,None,0,0.9796224762879152,0
2023-09,S003,P0001,Groceries,South,3307,0,0,0.33674835030279343,Truck_6,Delayed,Clear,41,1,Weather,0,0.22542999052672727,0
2023-09,S003,P0002,Groceries,East,3162,1,1,0.14941423897860567,Truck_9,Delivered,Clear,35,0,None,1,0.25798668973154454,0
2023-09,S003,P0003,Electronics,North,2765,0,1,0.5041853490616043,Truck_1,Delayed,Heavy,60,1,None,0,0.9550483664980678,0
2023-09,S003,P0004,Electronics,East,3155,0,1,0.2756918026643462,Truck_1,Delivered,Clear,31,0,Traffic,1,0.22076463402482271,1
2023-09,S003,P0005,Toys,West,3701,0,1,0.2198036275951453,Truck_3,In Transit,Detour,12,0,Weather,1,0.2637531083925195,1
2023-09,S003,P0006,Furniture,West,3729,0,1,0.19526375833398196,Truck_6,In Transit,Heavy,20,1,Weather,0,0.9881472187112591,0
2023-09,S003,P0007,Furniture,West,3714,0,0,0.2802791595373058,Truck_6,Delivered,Heavy,32,1,Traffic,0,0.9797575855397676,0
2023-09,S003,P0008,Toys,East,3197,0,0,0.1511653373128287,Truck_10,In Transit,Clear,51,0,None,1,0.39875482575697935,1
2023-09,S003,P0009,Clothing,South,3117,0,1,0.13499329909378663,Truck_6,Delivered,Clear,43,0,Mechanical Failure,1,0.26689153364312934,1
2023-09,S003,P0010,Clothing,South,3430,0,1,0.279647735134018,Truck_8,In Transit,Detour,33,0,Mechanical Failure,1,0.30849329701825706,1
2023-09,S003,P0011,Electronics,North,3558,0,0,0.4302318245713454,Truck_9,Delayed,Heavy,26,1,Weather,0,0.9756076897099573,0
2023-09,S003,P0012,Toys,South,3772,0,0,0.20135893776930255,Truck_2,Delivered,Detour,19,0,None,1,0.28673565289323066,1
2023-09,S003,P0013,Clothing,South,3240,0,1,0.3555530090504992,Truck_9,Delivered,Clear,41,0,Traffic,1,0.2504746936489736,1
2023-09,S003,P0014,Toys,West,3667,1,1,0.09473950641607662,Truck_10,Delivered,Clear,57,0,Mechanical Failure,1,0.26446353481920276,0
2023-09,S003,P0015,Furniture,West,3574,0,1,0.10586445460120573,Truck_8,Delivered,Heavy,54,1,Traffic,0,0.984337448105462,0
2023-09,S003,P0016,Furniture,North,2945,0,1,0.15457727505419064,Truck_2,Delayed,Heavy,54,1,Mechanical Failure,0,0.9855113621644155,0
2023-09,S003,P0017,Groceries,East,3369,1,1,0.21724662493561314,Truck_8,Delayed,Detour,27,1,None,0,0.3030831488929916,0
2023-09,S003,P0018,Clothing,East,3803,0,0,0.11716613802568579,Truck_10,Delayed,Heavy,38,1,Traffic,0,0.9763684686682381,0
2023-09,S003,P0019,Electronics,West,3596,0,0,0.6091799487173508,Truck_2,In Transit,Heavy,54,1,Traffic,0,0.986606610858243,0
2023-09,S003,P0020,Toys,North,2877,0,1,0.1506783708198494,Truck_3,In Transit,Heavy,15,1,Traffic,0,0.9873806689253445,0
2023-09,S004,P0001,Toys,North,3118,0,1,0.09644011592550313,Truck_4,Delayed,Heavy,11,1,Mechanical Failure,0,0.9735076269186859,0
2023-09,S004,P0002,Groceries,North,2927,0,0,0.5625284601173024,Truck_6,In Transit,Clear,44,0,Weather,1,0.26398197172627086,1
2023-09,S004,P0003,Clothing,East,3714,1,1,0.30919354589831466,Truck_10,Delayed,Clear,16,1,Weather,0,0.7377168910989327,0
2023-09,S004,P0004,Clothing,South,3263,0,1,0.134736188593454,Truck_10,In Transit,Clear,14,0,None,1,0.36981903531442234,1
2023-09,S004,P0005,Electronics,East,3020,0,1,0.2585311898380505,Truck_4,Delivered,Detour,42,0,Traffic,1,0.28949428289447243,1
2023-09,S004,P0006,Furniture,West,3379,0,1,0.3121348820206784,Truck_10,Delivered,Clear,49,0,Mechanical Failure,1,0.3083513279700869,1
2023-09,S004,P0007,Clothing,North,3174,0,0,0.35076597664127346,Truck_4,Delivered,Clear,35,0,None,1,0.3326474712659446,1
2023-09,S004,P0008,Clothing,South,3108,0,0,0.15026993406769573,Truck_7,Delayed,Clear,30,1,Weather,0,0.43359079825046787,0
2023-09,S004,P0009,Furniture,North,3144,0,0,0.39578252373212053,Truck_1,Delivered,Heavy,55,1,Traffic,0,0.9883214285714285,0
2023-09,S004,P0010,Furniture,North,3580,0,1,0.18298403787406922,Truck_3,Delivered,Detour,24,0,None,1,0.4234161859873518,1
2023-09,S004,P0011,Electronics,East,3140,0,1,0.24832411695956766,Truck_2,In Transit,Detour,39,0,Traffic,1,0.2204208665292236,1
2023-09,S004,P0012,Clothing,West,3351,1,0,0.08978570141371912,Truck_1,Delivered,Detour,30,0,Weather,1,0.2649065771599516,0
2023-09,S004,P0013,Electronics,East,3148,0,0,0.162596076311695,Truck_6,Delayed,Detour,50,1,Traffic,0,0.334335629542426,0
2023-09,S004,P0014,Toys,North,3154,0,0,0.06984975494626747,Truck_10,In Transit,Clear,48,0,Mechanical Failure,1,0.2955231795656229,1
2023-09,S004,P0015,Groceries,East,3545,0,0,0.19667071541573564,Truck_1,Delayed,Detour,53,1,None,0,0.560667566744145,0
2023-09,S004,P0016,Clothing,East,2936,0,1,0.5945840219535999,Truck_3,In Transit,Clear,58,0,None,1,0.2759903576884534,1
2023-09,S004,P0017,Furniture,North,3392,0,0,0.21813366315081076,Truck_9,In Transit,Detour,59,0,None,1,0.24634888384627893,1
2023-09,S004,P0018,Toys,West,3323,0,1,0.18321381034545636,Truck_2,Delayed,Detour,45,1,Weather,0,0.43210468167068244,0
2023-09,S004,P0019,Furniture,East,3169,0,1,0.39948963373525215,Truck_7,Delayed,Detour,26,1,None,0,0.5123263862451958,0
2023-09,S004,P0020,Toys,East,2996,0,1,0.1106552984365149,Truck_10,In Transit,Heavy,50,1,None,0,0.9876957378448472,0
2023-09,S005,P0001,Clothing,East,3246,0,1,0.262937621606619,Truck_8,Delayed,Heavy,19,1,Weather,0,0.9703769852666096,0
2023-09,S005,P0002,Clothing,East,3595,0,1,0.28372021667114644,Truck_2,Delayed,Heavy,23,1,Weather,0,0.9559984240665185,0
2023-09,S005,P0003,Toys,North,3520,0,1,0.16102552366159908,Truck_9,Delayed,Clear,31,1,None,0,0.6037007749866523,0
2023-09,S005,P0004,Groceries,North,3096,0,1,0.42135253116828536,Truck_2,Delayed,Heavy,55,1,Weather,0,0.9386969553178504,0
2023-09,S005,P0005,Clothing,West,3395,0,0,0.2033905598448932,Truck_6,In Transit,Clear,30,0,Traffic,1,0.17660138159445318,1
2023-09,S005,P0006,Clothing,North,3377,0,1,0.0749106602906875,Truck_1,Delayed,Heavy,54,1,Weather,0,0.991391848891849,0
2023-09,S005,P0007,Furniture,North,3408,0,0,0.4062529053334816,Truck_2,In Transit,Clear,33,0,Traffic,1,0.23831241580353862,1
2023-09,S005,P0008,Groceries,North,2928,0,0,0.4876978090251684,Truck_2,In Transit,Clear,24,0,Traffic,1,0.28366768400485787,1
2023-09,S005,P0009,Clothing,North,3609,0,1,0.6677117540670718,Truck_3,Delivered,Heavy,14,1,None,0,0.975994242579094,0
2023-09,S005,P0010,Electronics,East,3843,0,1,0.0787374412975922,Truck_10,In Transit,Clear,21,0,Traffic,1,0.2917104358730152,1
2023-09,S005,P0011,Furniture,South,4158,0,0,0.12029374037518077,Truck_7,In Transit,Detour,50,0,Weather,1,0.3032388920697295,1
2023-09,S005,P0012,Furniture,West,3651,0,1,0.4519459545485907,Truck_2,In Transit,Heavy,11,1,Weather,0,0.9802655045893741,0
2023-09,S005,P0013,Toys,South,3291,0,1,0.6203790154568651,Truck_5,Delivered,Clear,20,0,Mechanical Failure,1,0.25687163320472056,1
2023-09,S005,P0014,Toys,East,2763,0,1,0.22693867406335372,Truck_1,Delayed,Clear,10,1,Mechanical Failure,0,0.5576037824134406,0
2023-09,S005,P0015,Electronics,East,2871,0,1,0.12743751382639767,Truck_2,Delayed,Detour,34,1,Weather,0,0.27471420474008124,0
2023-09,S005,P0016,Groceries,East,3508,0,0,0.28961076737836944,Truck_7,In Transit,Detour,53,0,Traffic,1,0.2571859295777331,1
2023-09,S005,P0017,Electronics,West,3179,0,0,0.18791481128263557,Truck_7,Delivered,Heavy,39,1,Mechanical Failure,0,0.9616771766214177,0
2023-09,S005,P0018,Toys,South,3203,0,0,0.07974786187264478,Truck_7,Delayed,Detour,27,1,None,0,0.39172364171662055,0
2023-09,S005,P0019,Furniture,East,3817,0,1,0.1281764331949426,Truck_7,Delayed,Clear,23,1,Mechanical Failure,0,0.4387144628556531,0
2023-09,S005,P0020,Clothing,North,3272,0,0,0.10398702256983591,Truck_2,Delayed,Heavy,23,1,Mechanical Failure,0,0.9761137143212936,0
2023-10,S001,P0001,Toys,East,3494,0,1,0.17867339035094,Truck_5,In Transit,Heavy,30,1,Weather,0,0.9768776729130821,0
2023-10,S001,P0002,Furniture,East,3224,0,0,0.11190305448721417,Truck_2,Delayed,Heavy,55,1,Weather,0,0.9386969553178504,0
2023-10,S001,P0003,Groceries,North,3703,1,1,0.3170455625048452,Truck_9,Delayed,Heavy,26,1,Weather,0,0.9756076897099573,0
2023-10,S001,P0004,Electronics,East,3236,0,1,0.15157166600491487,Truck_1,In Transit,Detour,20,0,Weather,1,0.3400140952399832,1
2023-10,S001,P0005,Electronics,East,4019,0,1,0.17846068925489214,Truck_7,In Transit,Clear,13,0,Weather,1,0.38033935068529845,1
2023-10,S001,P0006,Electronics,East,2804,0,1,0.19932209919646968,Truck_7,Delayed,Heavy,33,1,None,0,0.9820993795246988,0
2023-10,S001,P0007,Furniture,East,3493,1,0,0.3638382416771839,Truck_1,Delayed,Clear,58,1,None,0,0.43669877579575817,0
2023-10,S001,P0008,Clothing,North,3443,1,1,0.23271293933338072,Truck_5,Delivered,Detour,40,0,Traffic,1,0.2564921487179413,0
2023-10,S001,P0009,Toys,South,2896,1,1,0.25981723341077756,Truck_6,In Transit,Clear,20,0,Mechanical Failure,1,0.2246385221900927,0
2023-10,S001,P0010,Clothing,North,3506,1,1,0.14886933178261547,Truck_9,Delivered,Clear,51,0,Mechanical Failure,1,0.35901302899409343,0
2023-10,S001,P0011,Furniture,West,3387,0,1,0.19248723519578664,Truck_2,Delivered,Heavy,50,1,None,0,0.9818467789638897,0
2023-10,S001,P0012,Furniture,South,3125,0,0,0.09928591709169847,Truck_9,Delayed,Heavy,24,1,Mechanical Failure,0,0.9707219057996711,0
2023-10,S001,P0013,Groceries,East,3367,0,1,0.17097956561551544,Truck_10,In Transit,Detour,25,0,Traffic,1,0.2871451318963175,1
2023-10,S001,P0014,Furniture,South,2876,0,1,0.2490631177804394,Truck_2,In Transit,Heavy,10,1,None,0,0.9355505791722898,0
2023-10,S001,P0015,Electronics,South,3010,0,1,0.16959207665580703,Truck_3,Delayed,Detour,12,1,None,0,0.5838325393446101,0
2023-10,S001,P0016,Groceries,South,3316,1,1,0.2569333048486798,Truck_5,In Transit,Heavy,35,1,Traffic,0,0.9741743516827859,0
2023-10,S001,P0017,Electronics,North,3191,0,0,0.09946951517429711,Truck_6,Delayed,Clear,34,1,Weather,0,0.4968749067442599,0
2023-10,S001,P0018,Clothing,East,3103,0,0,0.31495011629781705,Truck_8,In Transit,Heavy,16,1,Mechanical Failure,0,0.980430691270475,0
2023-10,S001,P0019,Furniture,North,3729,0,1,0.30940047229929774,Truck_4,Delayed,Heavy,14,1,Mechanical Failure,0,0.979835386962474,0
2023-10,S001,P0020,Electronics,South,3865,0,0,0.3659652965659131,Truck_8,In Transit,Heavy,51,1,Traffic,0,0.9840825293162822,0
2023-10,S002,P0001,Clothing,East,3799,1,1,0.23910286985801285,Truck_4,In Transit,Heavy,16,1,Traffic,0,0.9673548001184931,0
2023-10,S002,P0002,Clothing,North,3755,1,1,0.2835297980965603,Truck_8,Delivered,Detour,13,0,Weather,1,0.2777277579231313,0
2023-10,S002,P0003,Furniture,South,3496,1,1,0.6072154183475936,Truck_9,Delivered,Clear,10,0,Traffic,1,0.4097142306054832,0
2023-10,S002,P0004,Clothing,East,3565,0,1,0.37806115938654583,Truck_1,Delivered,Heavy,59,1,Traffic,0,0.9726546581930781,0
2023-10,S002,P0005,Electronics,West,3051,0,0,0.07974417119506523,Truck_5,Delayed,Heavy,33,1,None,0,0.9759292202731177,0
2023-10,S002,P0006,Groceries,South,2793,0,0,0.2640007568994653,Truck_8,In Transit,Detour,57,0,Traffic,1,0.19489279878026827,1
2023-10,S002,P0007,Furniture,East,3360,0,0,0.22763657887159366,Truck_8,Delayed,Clear,21,1,None,0,0.5151694551579822,0
2023-10,S002,P0008,Electronics,West,3588,0,1,0.15062290211631588,Truck_8,Delivered,Detour,21,0,Mechanical Failure,1,0.30423061624694514,1
2023-10,S002,P0009,Furniture,West,3721,0,0,1.1272505528559504,Truck_4,In Transit,Detour,12,0,None,1,0.3301570014070945,1
2023-10,S002,P0010,Clothing,North,3145,1,1,0.8549432084096105,Truck_9,Delayed,Detour,23,1,Weather,0,0.6117620556280537,0
2023-10,S002,P0011,Groceries,East,3410,0,1,0.22958973447236544,Truck_6,Delivered,Heavy,29,1,None,0,0.9760454463242171,0
2023-10,S002,P0012,Toys,East,3441,0,1,0.1838761698836624,Truck_7,Delivered,Heavy,35,1,Traffic,0,0.9804540042543853,0
2023-10,S002,P0013,Electronics,West,3743,0,1,0.20467023941140822,Truck_4,Delayed,Clear,19,1,Weather,0,0.5977927427057425,0
2023-10,S002,P0014,Electronics,North,2985,1,1,0.19927463806955703,Truck_3,In Transit,Heavy,12,1,Traffic,0,0.9681585916506744,0
2023-10,S002,P0015,Toys,South,3267,0,1,0.24362701406282353,Truck_2,Delayed,Detour,45,1,Weather,0,0.43210468167068244,0
2023-10,S002,P0016,Clothing,North,3687,0,0,0.0852879264723421,Truck_4,Delayed,Detour,18,1,Mechanical Failure,0,0.623622090840576,0
2023-10,S002,P0017,Furniture,West,3365,0,1,0.2945281653243972,Truck_2,Delivered,Heavy,18,1,None,0,0.9826354288467033,0
2023-10,S002,P0018,Electronics,North,3316,0,1,0.12410627622529967,Truck_10,In Transit,Clear,35,0,Weather,1,0.27935629113096394,1
2023-10,S002,P0019,Electronics,West,4156,0,0,0.19334837414778616,Truck_6,Delivered,Heavy,54,1,None,0,0.987803958704694,0
2023-10,S002,P0020,Groceries,South,4046,0,1,0.13040534059935585,Truck_10,Delivered,Detour,44,0,Mechanical Failure,1,0.3806005115439749,1
2023-10,S003,P0001,Electronics,East,3430,0,0,0.314738856362314,Truck_3,Delivered,Heavy,55,1,Weather,0,0.9875316451983981,0
2023-10,S003,P0002,Clothing,East,3088,0,1,0.1534717405827683,Truck_1,Delivered,Detour,55,0,None,1,0.18712795785431666,1
2023-10,S003,P0003,Electronics,North,3407,0,1,0.7614311755134223,Truck_3,In Transit,Heavy,58,1,Mechanical Failure,0,0.9800127707775157,0
2023-10,S003,P0004,Electronics,South,3668,0,1,0.25754637597213387,Truck_1,Delivered,Heavy,59,1,Traffic,0,0.9726546581930781,0
2023-10,S003,P0005,Groceries,North,3636,0,1,0.0761715034596271,Truck_7,Delivered,Heavy,23,1,Traffic,0,0.9775914888259187,0
2023-10,S003,P0006,Furniture,East,3307,0,1,0.2570787650767908,Truck_9,Delivered,Detour,16,0,Traffic,1,0.29869031595987655,1
2023-10,S003,P0007,Furniture,West,3748,0,1,0.12246688633177537,Truck_2,Delayed,Heavy,18,1,Traffic,0,0.9836877609741076,0
2023-10,S003,P0008,Toys,North,3382,0,1,0.9220247351171672,Truck_8,In Transit,Clear,31,0,Traffic,1,0.27940844091467154,1
2023-10,S003,P0009,Electronics,South,3651,0,1,0.06294031159319978,Truck_2,Delivered,Clear,29,0,Traffic,1,0.3290698669901153,1
2023-10,S003,P0010,Furniture,East,3833,0,1,0.10308621743953258,Truck_10,Delayed,Clear,50,1,Mechanical Failure,0,0.48521503668730104,0
2023-10,S003,P0011,Groceries,East,3180,0,1,0.16817313755873872,Truck_3,Delayed,Detour,23,1,Mechanical Failure,0,0.46303178632185665,0
2023-10,S003,P0012,Groceries,South,3346,0,1,0.386220723090301,Truck_8,In Transit,Detour,42,0,Mechanical Failure,1,0.2766455427535233,1
2023-10,S003,P0013,Furniture,South,3754,0,1,0.26472567508975103,Truck_6,Delayed,Clear,29,1,Weather,0,0.4150412181442281,0
2023-10,S003,P0014,Furniture,East,3893,0,1,0.2144371149762027,Truck_2,Delivered,Heavy,18,1,None,0,0.9826354288467033,0
2023-10,S003,P0015,Furniture,East,3169,0,0,0.24888018009899823,Truck_9,Delayed,Clear,34,1,Mechanical Failure,0,0.4998840973049978,0
2023-10,S003,P0016,Toys,South,3978,0,1,0.2291606889098634,Truck_5,In Transit,Clear,40,0,Weather,1,0.3220324303399337,1
2023-10,S003,P0017,Clothing,South,3007,0,0,0.09898903622628875,Truck_3,In Transit,Detour,59,0,Mechanical Failure,1,0.2471376890786343,1
2023-10,S003,P0018,Electronics,West,3170,0,1,0.11891433694672869,Truck_1,Delayed,Heavy,34,1,Mechanical Failure,0,0.9748970026211302,0
2023-10,S003,P0019,Furniture,West,3484,1,0,0.26789669888488066,Truck_2,Delivered,Clear,19,0,Traffic,1,0.2881078171685931,0
2023-10,S003,P0020,Furniture,East,3541,0,1,0.3697172481207664,Truck_10,Delayed,Detour,38,1,Traffic,0,0.5588860247335505,0
2023-10,S004,P0001,Electronics,West,3651,0,1,0.36056194501340005,Truck_6,In Transit,Clear,46,0,Traffic,1,0.2517993777765381,1
2023-10,S004,P0002,Furniture,East,3185,0,0,0.6287222714280423,Truck_2,Delivered,Detour,53,0,Mechanical Failure,1,0.2891366031196024,1
2023-10,S004,P0003,Groceries,South,2870,1,0,0.2417779253872253,Truck_6,Delayed,Detour,50,1,Traffic,0,0.334335629542426,0
2023-10,S004,P0004,Electronics,North,3238,0,0,0.2130839537046574,Truck_1,Delivered,Detour,37,0,Traffic,1,0.24449451775663264,1
2023-10,S004,P0005,Groceries,West,3230,0,0,0.08740559787085042,Truck_7,Delivered,Detour,39,0,None,1,0.290416284636035,1
2023-10,S004,P0006,Toys,South,3326,0,1,0.22308817636158973,Truck_8,In Transit,Clear,56,0,Traffic,1,0.2271016907107079,1
2023-10,S004,P0007,Toys,West,3509,1,1,0.49384126053124794,Truck_7,In Transit,Detour,18,0,Weather,1,0.27123419279928007,0
2023-10,S004,P0008,Electronics,South,3410,0,1,0.453395577357837,Truck_6,Delayed,Detour,35,1,None,0,0.38792933290367637,0
2023-10,S004,P0009,Clothing,East,3277,0,1,0.08901110186173439,Truck_8,In Transit,Clear,14,0,Weather,1,0.28556982988934987,1
2023-10,S004,P0010,Toys,East,3399,0,1,0.244073860038538,Truck_7,Delivered,Heavy,10,1,Weather,0,0.9690591948362994,0
2023-10,S004,P0011,Furniture,East,3457,0,1,0.32092963608967023,Truck_5,Delivered,Detour,31,0,Mechanical Failure,1,0.33451288653766154,1
2023-10,S004,P0012,Electronics,North,3730,0,1,0.12137137143348162,Truck_4,In Transit,Heavy,25,1,Traffic,0,0.9826424566067157,0
2023-10,S004,P0013,Furniture,South,3405,0,1,0.7660060636320919,Truck_5,Delivered,Detour,56,0,Weather,1,0.27973469772634724,1
2023-10,S004,P0014,Groceries,South,3734,0,1,0.4261124262701656,Truck_8,Delivered,Heavy,30,1,None,0,0.9542395524416974,0
2023-10,S004,P0015,Groceries,North,3654,1,1,0.13295891421573805,Truck_5,Delayed,Detour,24,1,Traffic,0,0.5239595604996744,0
2023-10,S004,P0016,Toys,North,3658,0,0,0.18268461142268308,Truck_4,Delayed,Detour,12,1,Traffic,0,0.5169707526697923,0
2023-10,S004,P0017,Furniture,West,3665,0,1,0.1420548015142378,Truck_2,In Transit,Clear,31,0,Traffic,1,0.43558466443414984,1
2023-10,S004,P0018,Groceries,North,3604,0,1,0.15486428457958398,Truck_1,In Transit,Heavy,50,1,Mechanical Failure,0,0.9662684846910008,0
2023-10,S004,P0019,Electronics,East,3437,0,1,0.1510664767787481,Truck_8,In Transit,Heavy,55,1,Mechanical Failure,0,0.976133115492275,0
2023-10,S004,P0020,Electronics,South,3843,0,1,0.11467774001358028,Truck_9,Delivered,Detour,18,0,None,1,0.2985533863536207,1
2023-10,S005,P0001,Electronics,East,3716,0,0,0.14477146482239042,Truck_6,Delivered,Heavy,32,1,Weather,0,0.9557430491527853,0
2023-10,S005,P0002,Electronics,North,2965,0,1,0.124573112213253,Truck_10,In Transit,Clear,47,0,Weather,1,0.27700758008331544,1
2023-10,S005,P0003,Groceries,West,3183,0,0,0.13961563976900096,Truck_3,Delivered,Detour,37,0,Mechanical Failure,1,0.28233100133220945,1
2023-10,S005,P0004,Electronics,North,3112,0,1,0.34968163179081596,Truck_10,Delivered,Heavy,35,1,Mechanical Failure,0,0.9656865241154633,0
2023-10,S005,P0005,Electronics,East,3396,0,1,0.08856132709536128,Truck_10,Delivered,Clear,60,0,Weather,1,0.3054164088338985,1
2023-10,S005,P0006,Groceries,West,3290,0,1,0.22159663985589417,Truck_6,Delayed,Clear,41,1,Weather,0,0.22542999052672727,0
2023-10,S005,P0007,Groceries,East,3061,0,0,0.3659308099596655,Truck_3,Delivered,Heavy,14,1,None,0,0.975994242579094,0
2023-10,S005,P0008,Electronics,South,3620,0,1,0.23658367512992462,Truck_10,Delivered,Detour,19,0,None,1,0.3211628590367943,1
2023-10,S005,P0009,Electronics,North,3356,0,0,0.2203029109153978,Truck_9,Delayed,Detour,11,1,None,0,0.503450642369576,0
2023-10,S005,P0010,Groceries,South,3590,0,0,0.16769335769465224,Truck_7,Delivered,Clear,37,0,Traffic,1,0.34475002307275093,1
2023-10,S005,P0011,Furniture,East,3270,1,1,0.1934131239145945,Truck_7,Delivered,Heavy,23,1,Traffic,0,0.9775914888259187,0
2023-10,S005,P0012,Clothing,South,3725,0,1,0.162755355942422,Truck_10,Delivered,Heavy,19,1,None,0,0.9448679447273188,0
2023-10,S005,P0013,Furniture,East,3336,0,0,0.20535762961281306,Truck_7,Delivered,Detour,31,0,Weather,1,0.35787220535010805,1
2023-10,S005,P0014,Electronics,South,3477,0,0,0.42460517398133973,Truck_3,In Transit,Clear,22,0,Mechanical Failure,1,0.3632856739715284,1
2023-10,S005,P0015,Groceries,South,3878,1,1,0.10828226517548399,Truck_8,In Transit,Detour,16,0,Weather,1,0.28858269091889543,0
2023-10,S005,P0016,Electronics,North,3529,0,1,0.1080048795969777,Truck_10,Delayed,Detour,39,1,Traffic,0,0.6577300925230456,0
2023-10,S005,P0017,Electronics,West,3853,0,0,0.07929413450078579,Truck_1,Delayed,Heavy,50,1,Weather,0,0.9819252981469961,0
2023-10,S005,P0018,Clothing,West,3369,0,1,0.3104582957890553,Truck_7,Delayed,Detour,27,1,None,0,0.39172364171662055,0
2023-10,S005,P0019,Groceries,North,3254,0,1,0.09072398200707137,Truck_8,Delivered,Heavy,29,1,Traffic,0,0.9818675834812639,0
2023-10,S005,P0020,Clothing,East,4056,0,1,0.5681394485414685,Truck_8,Delivered,Detour,21,0,Mechanical Failure,1,0.31821990159718827,1
2023-11,S001,P0001,Groceries,South,3440,0,1,0.1735405349171529,Truck_4,Delivered,Clear,43,0,None,1,0.42799379751498917,1
2023-11,S001,P0002,Clothing,North,3420,1,0,0.26646179434572764,Truck_9,In Transit,Detour,30,0,Traffic,1,0.3113285981323372,0
2023-11,S001,P0003,Clothing,West,3681,0,1,0.14539865930968157,Truck_7,In Transit,Clear,45,0,None,1,0.2746463458916212,1
2023-11,S001,P0004,Clothing,East,3387,0,1,0.16773091761961595,Truck_7,Delayed,Detour,39,1,Mechanical Failure,0,0.532497738312535,0
2023-11,S001,P0005,Electronics,West,3173,0,1,0.5813503530089714,Truck_10,In Transit,Detour,35,0,None,1,0.5406957866298473,1
2023-11,S001,P0006,Electronics,South,3124,0,1,0.11575934232084775,Truck_6,Delayed,Heavy,38,1,Weather,0,0.9861665276559919,0
2023-11,S001,P0007,Furniture,East,3078,1,1,0.13998013262868644,Truck_7,In Transit,Heavy,55,1,None,0,0.9861866388041538,0
2023-11,S001,P0008,Clothing,North,3313,0,1,0.0928892423975836,Truck_9,Delivered,Detour,45,0,Mechanical Failure,1,0.2867324722616982,1
2023-11,S001,P0009,Clothing,South,3515,0,0,0.19218449665778875,Truck_4,Delayed,Detour,42,1,Traffic,0,0.5709297777246098,0
2023-11,S001,P0010,Clothing,West,3160,0,1,0.1272771779731769,Truck_5,Delivered,Detour,40,0,Traffic,1,0.2564921487179413,1
2023-11,S001,P0011,Electronics,East,3365,0,1,0.1912996443983702,Truck_6,Delivered,Heavy,32,1,Weather,0,0.9557430491527853,0
2023-11,S001,P0012,Electronics,West,3176,0,0,0.19177805320111857,Truck_5,Delivered,Detour,11,0,None,1,0.3218375251644954,1
2023-11,S001,P0013,Electronics,West,3717,0,0,0.13033299778373267,Truck_10,Delayed,Detour,23,1,Traffic,0,0.604026306209263,0
2023-11,S001,P0014,Groceries,South,3478,0,0,0.17957642426797504,Truck_7,In Transit,Clear,49,0,Weather,1,0.27809805402610566,1
2023-11,S001,P0015,Toys,North,2761,0,1,0.1985501016211079,Truck_7,In Transit,Clear,49,0,Weather,1,0.27809805402610566,1
2023-11,S001,P0016,Clothing,North,3520,1,1,0.7505378111683725,Truck_9,Delayed,Clear,57,1,Weather,0,0.5891295206538136,0
2023-11,S001,P0017,Furniture,South,3486,0,1,0.2103063583714303,Truck_5,In Transit,Heavy,30,1,None,0,0.971782095498213,0
2023-11,S001,P0018,Clothing,East,3415,1,1,0.5218104530196764,Truck_2,Delivered,Heavy,10,1,None,0,0.9762187094861112,0
2023-11,S001,P0019,Electronics,South,3035,0,0,0.1908006340593966,Truck_7,Delivered,Detour,31,0,Weather,1,0.35787220535010805,1
2023-11,S001,P0020,Clothing,East,3608,1,1,0.21561683003464888,Truck_5,In Transit,Clear,18,0,Weather,1,0.29261281039038667,0
2023-11,S002,P0001,Furniture,East,3078,0,0,0.09612302679739941,Truck_7,In Transit,Heavy,43,1,Weather,0,0.9935639483065954,0
2023-11,S002,P0002,Electronics,West,3929,0,1,0.4851767476637737,Truck_2,Delayed,Heavy,39,1,Mechanical Failure,0,0.9586240807228864,0
2023-11,S002,P0003,Groceries,West,3119,1,1,0.19306271875467285,Truck_3,Delivered,Heavy,22,1,Traffic,0,0.9818071520416027,0
2023-11,S002,P0004,Toys,West,3369,0,1,0.22999296151767576,Truck_3,Delayed,Clear,34,1,Mechanical Failure,0,0.5707868008576955,0
2023-11,S002,P0005,Electronics,South,3310,1,1,0.18525304145414032,Truck_8,Delayed,Clear,35,1,Weather,0,0.3706686389844648,0
2023-11,S002,P0006,Furniture,East,2846,1,1,0.13275558448986088,Truck_2,Delayed,Clear,47,1,None,0,0.6659079163810955,0
2023-11,S002,P0007,Clothing,East,3787,0,1,0.45558441662810467,Truck_1,In Transit,Clear,34,0,None,1,0.268305837209293,1
2023-11,S002,P0008,Furniture,West,3727,0,1,0.10413412307242369,Truck_5,In Transit,Clear,23,0,Weather,1,0.21907505658498821,1
2023-11,S002,P0009,Toys,North,2797,0,1,0.1319293522736284,Truck_6,Delayed,Clear,41,1,Weather,0,0.22542999052672727,0
2023-11,S002,P0010,Toys,West,2771,0,1,0.6349455601330221,Truck_4,Delayed,Detour,43,1,Mechanical Failure,0,0.5475731618972661,0
2023-11,S002,P0011,Electronics,West,3608,0,0,0.30368061427032367,Truck_1,Delayed,Heavy,34,1,Mechanical Failure,0,0.9748970026211302,0
2023-11,S002,P0012,Toys,North,3232,0,1,0.15418060535813347,Truck_9,In Transit,Heavy,19,1,Traffic,0,0.9883489662701466,0
2023-11,S002,P0013,Groceries,South,3339,0,0,0.4679399563553522,Truck_2,In Transit,Heavy,33,1,Mechanical Failure,0,0.9755349283664927,0
2023-11,S002,P0014,Toys,North,2992,0,0,0.2069439068571186,Truck_4,Delivered,Heavy,25,1,Mechanical Failure,0,0.9749621131624429,0
2023-11,S002,P0015,Furniture,West,2831,0,0,0.570066416760376,Truck_6,Delivered,Clear,38,0,Weather,1,0.1834667332623227,1
2023-11,S002,P0016,Clothing,West,3290,0,1,0.3406854474239956,Truck_7,Delivered,Detour,47,0,Weather,1,0.2448959055702875,1
2023-11,S002,P0017,Clothing,South,3762,0,0,0.25176324282147916,Truck_3,Delayed,Heavy,57,1,None,0,0.9785915949961776,0
2023-11,S002,P0018,Clothing,East,3684,1,1,0.4394407435351558,Truck_9,Delayed,Clear,10,1,None,0,0.7104932047624721,0
2023-11,S002,P0019,Clothing,North,2970,0,1,0.1770985714058319,Truck_4,Delayed,Heavy,30,1,None,0,0.980205750773574,0
2023-11,S002,P0020,Toys,East,2985,0,0,0.22414019064453777,Truck_4,In Transit,Heavy,26,1,Weather,0,0.9764601665822115,0
2023-11,S003,P0001,Electronics,East,3191,0,1,0.26822717100855054,Truck_3,Delivered,Heavy,36,1,Traffic,0,0.9818822441229694,0
2023-11,S003,P0002,Clothing,North,3442,0,1,0.4124930710171053,Truck_3,Delivered,Heavy,20,1,Traffic,0,0.9769563505455879,0
2023-11,S003,P0003,Furniture,West,3005,0,0,0.5540349944334484,Truck_6,Delivered,Heavy,32,1,Traffic,0,0.9797575855397676,0
2023-11,S003,P0004,Groceries,North,3525,0,0,0.18610970406708932,Truck_7,Delivered,Clear,24,0,Mechanical Failure,1,0.28341415796694425,1
2023-11,S003,P0005,Clothing,East,2667,0,0,0.41553361674023526,Truck_8,In Transit,Heavy,53,1,Weather,0,0.9859727030959908,0
2023-11,S003,P0006,Electronics,North,3479,0,1,0.08518040880714776,Truck_1,Delayed,Detour,22,1,Weather,0,0.47132866595618794,0
2023-11,S003,P0007,Electronics,South,3312,0,0,0.14908185236849453,Truck_2,Delayed,Detour,33,1,Weather,0,0.5041206518364306,0
2023-11,S003,P0008,Clothing,East,3721,0,0,0.22244157030187836,Truck_2,Delayed,Heavy,18,1,Traffic,0,0.9836877609741076,0
2023-11,S003,P0009,Electronics,West,3482,0,1,0.12863312029048385,Truck_10,Delivered,Detour,26,0,None,1,0.26794101664407366,1
2023-11,S003,P0010,Furniture,East,3028,0,0,0.13580115693230912,Truck_3,In Transit,Heavy,58,1,Traffic,0,0.9736625655046709,0
2023-11,S003,P0011,Electronics,East,3308,0,1,0.3000184604896109,Truck_7,In Transit,Clear,23,0,Weather,1,0.31788307223158385,1
2023-11,S003,P0012,Clothing,North,2992,0,0,0.7268150454996555,Truck_8,In Transit,Clear,29,0,Mechanical Failure,1,0.37914947306456753,1
2023-11,S003,P0013,Clothing,West,3600,0,1,0.11970090895729533,Truck_9,Delayed,Heavy,53,1,None,0,0.9668829707288913,0
2023-11,S003,P0014,Toys,South,3189,0,1,0.12889527679844073,Truck_4,Delivered,Clear,58,0,None,1,0.31493336215512646,1
2023-11,S003,P0015,Furniture,South,3281,0,1,0.444853924126971,Truck_2,Delivered,Detour,52,0,None,1,0.3038716249033631,1
2023-11,S003,P0016,Toys,East,3529,0,0,0.07781367647568321,Truck_6,Delayed,Clear,56,1,Weather,0,0.4094739318715844,0
2023-11,S003,P0017,Electronics,North,3313,0,1,0.08997608209975468,Truck_4,Delivered,Clear,35,0,Mechanical Failure,1,0.35869591396412076,1
2023-11,S003,P0018,Clothing,North,3481,0,1,0.16537460166698545,Truck_5,Delayed,Heavy,25,1,None,0,0.9508449430593577,0
2023-11,S003,P0019,Furniture,South,3396,0,1,0.13927914334483518,Truck_6,In Transit,Heavy,16,1,Weather,0,0.9849020023762212,0
2023-11,S003,P0020,Electronics,West,2943,0,0,0.08454753939579396,Truck_7,Delayed,Heavy,24,1,Mechanical Failure,0,0.9774918694579029,0
2023-11,S004,P0001,Furniture,East,3819,0,1,0.8588429554239797,Truck_10,In Transit,Clear,35,0,Weather,1,0.27935629113096394,1
2023-11,S004,P0002,Toys,West,3580,0,1,0.16012208169724756,Truck_8,Delayed,Clear,55,1,Mechanical Failure,0,0.5393977430073265,0
2023-11,S004,P0003,Toys,North,3664,0,1,0.484241622666376,Truck_8,Delayed,Heavy,39,1,Mechanical Failure,0,0.9863428278672961,0
2023-11,S004,P0004,Toys,East,3118,0,1,0.47834334104776866,Truck_8,Delivered,Detour,43,0,Weather,1,0.30273252031893516,1
2023-11,S004,P0005,Furniture,North,3788,0,0,0.20331033018574968,Truck_2,In Transit,Clear,31,0,Traffic,1,0.43558466443414984,1
2023-11,S004,P0006,Groceries,North,3112,0,1,0.130363911262222,Truck_4,Delivered,Detour,21,0,None,1,0.340495357348626,1
2023-11,S004,P0007,Furniture,West,3403,0,1,0.22606673699857266,Truck_7,In Transit,Heavy,19,1,Weather,0,0.9785023121299565,0
2023-11,S004,P0008,Clothing,West,2974,0,1,0.156061334573779,Truck_7,Delivered,Detour,49,0,Traffic,1,0.2863221907830662,1
2023-11,S004,P0009,Groceries,South,3736,0,0,0.3745749496473919,Truck_7,Delayed,Detour,54,1,Mechanical Failure,0,0.46027383432614594,0
2023-11,S004,P0010,Electronics,North,2942,0,1,0.4184904638472142,Truck_7,Delivered,Heavy,35,1,Traffic,0,0.9804540042543853,0
2023-11,S004,P0011,Furniture,West,3098,0,1,0.1022104875411336,Truck_9,Delayed,Detour,23,1,Weather,0,0.6117620556280537,0
2023-11,S004,P0012,Electronics,East,3481,0,1,0.17411491075242702,Truck_4,Delivered,Detour,34,0,Traffic,1,0.32504644390199267,1
2023-11,S004,P0013,Groceries,South,3045,1,1,0.14028655424222963,Truck_9,Delayed,Detour,22,1,Mechanical Failure,0,0.424681987118813,0
2023-11,S004,P0014,Toys,East,3541,0,1,0.3462204353033226,Truck_9,Delayed,Detour,11,1,None,0,0.503450642369576,0
2023-11,S004,P0015,Electronics,South,3746,0,1,0.11441467217777286,Truck_9,Delivered,Heavy,41,1,None,0,0.9738068403536202,0
2023-11,S004,P0016,Furniture,North,3090,0,1,0.11584070698438793,Truck_2,Delayed,Clear,47,1,Traffic,0,0.6089557119620504,0
2023-11,S004,P0017,Furniture,East,3252,0,0,0.11459824329366732,Truck_8,Delayed,Detour,13,1,Mechanical Failure,0,0.534274156671295,0
2023-11,S004,P0018,Electronics,North,2939,0,1,0.14735803288105292,Truck_5,Delivered,Heavy,39,1,Traffic,0,0.9755538886219008,0
2023-11,S004,P0019,Toys,East,2794,0,0,0.15690834285150895,Truck_5,Delayed,Clear,51,1,Traffic,0,0.37745250741901537,0
2023-11,S004,P0020,Clothing,North,3236,0,1,0.08167320695071785,Truck_4,Delivered,Heavy,54,1,Mechanical Failure,0,0.9795569175358476,0
2023-11,S005,P0001,Toys,West,3718,0,0,0.20258729463018862,Truck_9,In Transit,Heavy,11,1,None,0,0.9841216775718705,0
2023-11,S005,P0002,Furniture,North,3158,0,1,0.13240812425600199,Truck_9,In Transit,Detour,44,0,None,1,0.2399748486696166,1
2023-11,S005,P0003,Groceries,North,3350,0,0,0.5071274373506114,Truck_4,In Transit,Detour,35,0,Mechanical Failure,1,0.298579832303596,1
2023-11,S005,P0004,Toys,South,3274,0,1,0.14881453127037161,Truck_2,In Transit,Detour,29,0,Mechanical Failure,1,0.2485834079730084,1
2023-11,S005,P0005,Clothing,West,3281,0,1,0.1208697220597485,Truck_8,Delayed,Clear,35,1,Weather,0,0.546681821621819,0
2023-11,S005,P0006,Electronics,North,3050,1,1,0.2877996118492697,Truck_1,Delayed,Detour,22,1,Weather,0,0.47132866595618794,0
2023-11,S005,P0007,Toys,East,3348,0,1,0.716261051745214,Truck_10,In Transit,Detour,50,0,Traffic,1,0.3115966085575091,1
2023-11,S005,P0008,Clothing,West,2986,0,0,0.2597286657773472,Truck_7,Delayed,Detour,28,1,Traffic,0,0.4268092435130282,0
2023-11,S005,P0009,Furniture,East,3303,0,1,0.5893844152888509,Truck_8,In Transit,Clear,14,0,Weather,1,0.28556982988934987,1
2023-11,S005,P0010,Furniture,East,3578,0,1,0.4634632723980828,Truck_7,In Transit,Clear,38,0,None,1,0.2586471134335007,1
2023-11,S005,P0011,Furniture,East,3313,1,1,0.34281858991774977,Truck_2,In Transit,Heavy,54,1,Traffic,0,0.986606610858243,0
2023-11,S005,P0012,Clothing,South,3432,0,1,0.159255922654564,Truck_9,Delivered,Clear,56,0,Mechanical Failure,1,0.2219743568067944,1
2023-11,S005,P0013,Toys,East,2907,0,1,0.054580975538235155,Truck_1,In Transit,Detour,35,0,Weather,1,0.3125237873206176,1
2023-11,S005,P0014,Clothing,South,3119,0,1,0.09312788821102218,Truck_8,Delivered,Clear,21,0,Traffic,1,0.2838712462967806,1
2023-11,S005,P0015,Furniture,East,3611,0,1,0.17645402117957693,Truck_8,Delivered,Heavy,54,1,Traffic,0,0.984337448105462,0
2023-11,S005,P0016,Clothing,East,2877,0,0,0.20599338328475697,Truck_7,Delayed,Detour,30,1,Weather,0,0.47417475148298466,0
2023-11,S005,P0017,Clothing,East,3743,0,1,0.17336781304693388,Truck_8,Delivered,Detour,21,0,Mechanical Failure,1,0.31821990159718827,1
2023-11,S005,P0018,Toys,South,4036,0,0,0.18500790320779142,Truck_6,Delayed,Clear,33,1,Traffic,0,0.3824018892169607,0
2023-11,S005,P0019,Furniture,North,3708,0,1,0.3437509801075931,Truck_2,Delayed,Clear,57,1,Weather,0,0.511778953192505,0
2023-11,S005,P0020,Clothing,West,2963,0,0,0.17189968883110074,Truck_7,Delivered,Detour,60,0,Traffic,1,0.23372406114916836,1
2023-12,S001,P0001,Furniture,West,3132,0,1,0.18320546630034115,Truck_2,Delayed,Clear,51,1,Weather,0,0.7310037513913747,0
2023-12,S001,P0002,Groceries,South,3152,0,1,0.3840926046828331,Truck_10,In Transit,Clear,43,0,Traffic,1,0.26006813353085334,1
2023-12,S001,P0003,Furniture,East,3492,0,0,0.18835617284046074,Truck_7,Delayed,Detour,24,1,None,0,0.5016552338486133,0
2023-12,S001,P0004,Furniture,West,3121,0,0,0.09712860475053968,Truck_5,Delivered,Clear,55,0,Weather,1,0.270993355759441,1
2023-12,S001,P0005,Groceries,South,2879,0,0,0.12170117345708754,Truck_4,Delayed,Heavy,37,1,None,0,0.9795043419642081,0
2023-12,S001,P0006,Toys,West,2793,0,1,0.20705063798409332,Truck_6,Delayed,Detour,29,1,Traffic,0,0.2976882352129355,0
2023-12,S001,P0007,Electronics,North,3428,0,1,0.17304879432858797,Truck_10,Delayed,Clear,36,1,Traffic,0,0.4239771138579894,0
2023-12,S001,P0008,Groceries,South,3207,0,1,0.7148498077622126,Truck_2,Delayed,Heavy,39,1,Mechanical Failure,0,0.9586240807228864,0
2023-12,S001,P0009,Electronics,East,3265,0,0,0.10645820154139737,Truck_8,Delayed,Clear,21,1,None,0,0.5151694551579822,0
2023-12,S001,P0010,Clothing,East,3262,0,0,0.18572436361716563,Truck_5,Delayed,Heavy,22,1,Weather,0,0.9841100868284025,0
2023-12,S001,P0011,Electronics,North,3579,1,1,0.12919712756704624,Truck_6,In Transit,Clear,20,0,Mechanical Failure,1,0.2246385221900927,0
2023-12,S001,P0012,Groceries,West,3093,0,1,0.23394474508105823,Truck_4,Delayed,Heavy,34,1,Weather,0,0.985462624041054,0
2023-12,S001,P0013,Groceries,East,3615,0,1,0.32587661337765184,Truck_10,Delayed,Detour,47,1,Traffic,0,0.5058065278135213,0
2023-12,S001,P0014,Groceries,South,3218,0,1,0.35372134483985074,Truck_2,Delayed,Clear,55,1,Weather,0,0.4919897856675417,0
2023-12,S001,P0015,Electronics,East,2935,0,1,0.4065387774255048,Truck_6,Delivered,Heavy,24,1,Mechanical Failure,0,0.9870939155867007,0
2023-12,S001,P0016,Electronics,South,3199,0,0,0.11401625997935469,Truck_7,Delayed,Detour,38,1,None,0,0.5647020079294575,0
2023-12,S001,P0017,Furniture,South,3094,0,1,0.1321376874370254,Truck_7,In Transit,Heavy,28,1,None,0,0.9883464215192843,0
2023-12,S001,P0018,Electronics,East,3184,0,1,0.2550507278805326,Truck_3,Delivered,Heavy,36,1,Mechanical Failure,0,0.97800029851748,0
2023-12,S001,P0019,Electronics,West,3619,0,0,0.22725696455579963,Truck_1,In Transit,Heavy,38,1,Weather,0,0.9747563838272191,0
2023-12,S001,P0020,Electronics,South,3404,0,1,0.09195336006750052,Truck_5,Delivered,Detour,11,0,None,1,0.3218375251644954,1
2023-12,S002,P0001,Toys,East,3065,0,1,0.3464653399081646,Truck_4,Delivered,Detour,35,0,Mechanical Failure,1,0.33242675098130386,1
2023-12,S002,P0002,Electronics,North,3165,0,0,0.27545606490666896,Truck_2,Delivered,Detour,28,0,None,1,0.27923441845828056,1
2023-12,S002,P0003,Electronics,North,3118,0,0,0.27049085597909783,Truck_3,Delivered,Detour,59,0,Weather,1,0.4513235075905683,1
2023-12,S002,P0004,Furniture,West,3155,0,1,0.16275114098392146,Truck_5,Delayed,Heavy,25,1,None,0,0.9508449430593577,0
2023-12,S002,P0005,Electronics,South,3150,0,1,0.266839477470983,Truck_1,Delayed,Heavy,60,1,None,0,0.9550483664980678,0
2023-12,S002,P0006,Electronics,South,3484,0,0,0.09568527779918763,Truck_8,In Transit,Detour,15,0,Traffic,1,0.27712472038376224,1
2023-12,S002,P0007,Electronics,North,3521,0,1,0.3303605167842105,Truck_10,In Transit,Clear,48,0,Mechanical Failure,1,0.2955231795656229,1
2023-12,S002,P0008,Furniture,North,4099,0,1,0.17704027199599487,Truck_1,Delivered,Heavy,24,1,Weather,0,0.9783947684638303,0
2023-12,S002,P0009,Clothing,West,3835,1,1,0.10136189986686821,Truck_3,Delivered,Heavy,22,1,Traffic,0,0.9818071520416027,0
2023-12,S002,P0010,Toys,North,3180,0,1,0.330358657020548,Truck_1,In Transit,Clear,59,0,Weather,1,0.18729432876849955,1
2023-12,S002,P0011,Clothing,West,3437,0,1,0.12357241050556296,Truck_6,Delivered,Detour,32,0,Weather,1,0.28966672581559005,1
2023-12,S002,P0012,Groceries,West,3719,0,0,0.21319833762789747,Truck_7,Delayed,Detour,27,1,None,0,0.39172364171662055,0
2023-12,S002,P0013,Electronics,North,2803,0,1,0.6841063530315207,Truck_10,Delayed,Detour,24,1,Traffic,0,0.5220499852440789,0
2023-12,S002,P0014,Electronics,West,3243,0,0,0.11298388637576107,Truck_8,In Transit,Detour,15,0,Traffic,1,0.27712472038376224,1
2023-12,S002,P0015,Clothing,North,3658,0,1,0.13671461446056923,Truck_6,In Transit,Clear,43,0,Traffic,1,0.23035389529623085,1
2023-12,S002,P0016,Furniture,East,3093,0,0,0.11664944726356737,Truck_3,Delayed,Heavy,49,1,Traffic,0,0.9844281968988621,0
2023-12,S002,P0017,Electronics,South,3555,0,1,0.4921380057041315,Truck_10,In Transit,Detour,35,0,None,1,0.5406957866298473,1
2023-12,S002,P0018,Furniture,South,3411,0,1,0.18330711177932638,Truck_6,Delivered,Clear,54,0,Traffic,1,0.1841983416001114,1
2023-12,S002,P0019,Groceries,North,3152,0,0,0.31495972650684556,Truck_7,Delayed,Clear,15,1,Mechanical Failure,0,0.5489599780042308,0
2023-12,S002,P0020,Clothing,East,3440,1,1,0.14363920279436324,Truck_1,Delayed,Heavy,53,1,Traffic,0,0.9703826162832953,0
2023-12,S003,P0001,Clothing,North,3508,0,0,0.5063056887859972,Truck_3,In Transit,Heavy,58,1,Traffic,0,0.9736625655046709,0
2023-12,S003,P0002,Electronics,North,3289,0,1,0.09690078764651408,Truck_2,In Transit,Heavy,54,1,Traffic,0,0.986606610858243,0
2023-12,S003,P0003,Groceries,South,3463,1,0,0.19972070396009362,Truck_4,Delayed,Heavy,14,1,Mechanical Failure,0,0.979835386962474,0
2023-12,S003,P0004,Electronics,West,3339,1,1,0.1927544683066802,Truck_2,In Transit,Heavy,30,1,Weather,0,0.9773272490727245,0
2023-12,S003,P0005,Electronics,East,2798,0,1,0.17691663836800714,Truck_1,In Transit,Heavy,60,1,None,0,0.9451566700934787,0
2023-12,S003,P0006,Groceries,East,2878,0,0,0.2908353098312143,Truck_10,Delivered,Detour,19,0,None,1,0.3211628590367943,1
2023-12,S003,P0007,Clothing,East,3282,0,1,0.13618433244556974,Truck_5,Delayed,Detour,54,1,Weather,0,0.4963183056862464,0
2023-12,S003,P0008,Electronics,East,3150,1,1,0.1579046174645958,Truck_5,In Transit,Heavy,33,1,Weather,0,0.9847215617070268,0
2023-12,S003,P0009,Furniture,South,3007,0,1,0.5052017927097611,Truck_4,Delayed,Heavy,42,1,Traffic,0,0.9670348720589113,0
2023-12,S003,P0010,Electronics,East,3540,0,1,0.49401129546377676,Truck_4,Delivered,Heavy,41,1,Weather,0,0.9788956898189869,0
2023-12,S003,P0011,Furniture,South,2905,0,0,0.17050561009056872,Truck_3,Delayed,Heavy,49,1,Traffic,0,0.9844281968988621,0
2023-12,S003,P0012,Groceries,North,3019,0,1,0.2620561587362232,Truck_6,Delivered,Clear,43,0,Mechanical Failure,1,0.26689153364312934,1
2023-12,S003,P0013,Clothing,East,3530,0,0,0.2739417433683658,Truck_8,Delivered,Heavy,54,1,Traffic,0,0.984337448105462,0
2023-12,S003,P0014,Electronics,South,3376,1,1,0.15227234625197728,Truck_9,In Transit,Detour,59,0,None,1,0.24634888384627893,0
2023-12,S003,P0015,Furniture,West,3536,0,1,0.16271511657408028,Truck_8,Delayed,Heavy,29,1,Mechanical Failure,0,0.9742244389597853,0
2023-12,S003,P0016,Groceries,East,2629,0,1,0.4826443613764433,Truck_3,Delivered,Clear,50,0,None,1,0.2791450747367902,1
2023-12,S003,P0017,Electronics,East,3380,0,1,0.3117301289006845,Truck_10,Delivered,Clear,39,0,Weather,1,0.2850538433802944,1
2023-12,S003,P0018,Electronics,South,3230,0,1,0.1396645705858575,Truck_1,Delayed,Heavy,44,1,Mechanical Failure,0,0.9745310282334226,0
2023-12,S003,P0019,Clothing,South,3347,0,1,0.24820154086049526,Truck_8,Delivered,Detour,21,0,Mechanical Failure,1,0.30423061624694514,1
2023-12,S003,P0020,Toys,East,4043,0,0,0.9333734129235415,Truck_3,Delivered,Clear,32,0,None,1,0.2904253085696994,1
2023-12,S004,P0001,Toys,East,4353,1,1,0.14568279582509433,Truck_1,In Transit,Clear,56,0,None,1,0.20578318759746136,0
2023-12,S004,P0002,Toys,North,3414,0,1,0.4597017704579366,Truck_7,Delayed,Clear,23,1,Mechanical Failure,0,0.4387144628556531,0
2023-12,S004,P0003,Clothing,North,3333,0,0,0.1893453394701553,Truck_3,Delivered,Detour,38,0,None,1,0.2867709518656788,1
2023-12,S004,P0004,Clothing,West,3627,0,0,1.2506629753300096,Truck_7,Delayed,Detour,54,1,Mechanical Failure,0,0.46027383432614594,0
2023-12,S004,P0005,Toys,North,3752,0,0,0.16006475725551925,Truck_5,Delivered,Heavy,28,1,Weather,0,0.9813413772588544,0
2023-12,S004,P0006,Furniture,North,3355,0,1,0.1932784414430376,Truck_5,Delayed,Heavy,39,1,None,0,0.9875993996532222,0
2023-12,S004,P0007,Groceries,South,3775,0,0,0.21045888148912337,Truck_9,Delayed,Detour,50,1,None,0,0.2961243362716729,0
2023-12,S004,P0008,Clothing,West,3543,1,1,0.11647393809801784,Truck_2,Delayed,Heavy,18,1,Traffic,0,0.9836877609741076,0
2023-12,S004,P0009,Electronics,South,3642,0,1,0.15698704121251159,Truck_2,Delayed,Detour,34,1,Weather,0,0.27471420474008124,0
2023-12,S004,P0010,Electronics,East,4003,1,1,0.12787200385483743,Truck_5,Delayed,Clear,20,1,Traffic,0,0.5420000797169867,0
2023-12,S004,P0011,Toys,West,3562,1,1,0.19951273988570548,Truck_7,Delayed,Clear,15,1,Mechanical Failure,0,0.5489599780042308,0
2023-12,S004,P0012,Groceries,West,3388,0,1,0.1892016620486151,Truck_8,In Transit,Detour,15,0,Traffic,1,0.27712472038376224,1
2023-12,S004,P0013,Furniture,West,3328,0,1,0.619625532514837,Truck_4,Delayed,Heavy,23,1,Traffic,0,0.9511353334035058,0
2023-12,S004,P0014,Toys,West,3024,0,0,0.14082467485273684,Truck_5,Delayed,Clear,28,1,Traffic,0,0.6228901719924056,0
2023-12,S004,P0015,Electronics,North,3388,0,0,0.09887460356044848,Truck_6,Delivered,Heavy,32,1,Weather,0,0.9557430491527853,0
2023-12,S004,P0016,Furniture,West,3125,0,1,0.2862373568223159,Truck_7,Delivered,Heavy,20,1,None,0,0.9854100509261827,0
2023-12,S004,P0017,Furniture,North,3154,0,1,0.40589075949586295,Truck_10,Delayed,Clear,50,1,Mechanical Failure,0,0.48521503668730104,0
2023-12,S004,P0018,Furniture,South,3547,0,0,0.2197535998738239,Truck_4,Delivered,Heavy,25,1,Mechanical Failure,0,0.9749621131624429,0
2023-12,S004,P0019,Clothing,South,3136,1,1,0.1593350926769525,Truck_6,In Transit,Heavy,50,1,Weather,0,0.9835953459938422,0
2023-12,S004,P0020,Furniture,North,3498,0,0,0.13912068406033462,Truck_3,Delivered,Clear,31,0,Weather,1,0.29158024536118005,1
2023-12,S005,P0001,Furniture,West,3349,0,1,0.2783793257496876,Truck_4,Delivered,Heavy,51,1,Mechanical Failure,0,0.9821881640130578,0
2023-12,S005,P0002,Furniture,West,2985,0,1,0.14369722001813093,Truck_6,Delivered,Clear,54,0,Weather,1,0.20742403844730872,1
2023-12,S005,P0003,Electronics,North,3438,0,1,0.13886718880459753,Truck_2,Delivered,Detour,25,0,Mechanical Failure,1,0.3290038170987841,1
2023-12,S005,P0004,Toys,South,3509,0,0,0.13581038428923137,Truck_2,Delayed,Detour,41,1,Weather,0,0.3148759023439316,0
2023-12,S005,P0005,Toys,East,3325,0,1,0.15094685551238407,Truck_10,Delivered,Clear,33,0,None,1,0.3844498362485047,1
2023-12,S005,P0006,Groceries,North,3636,0,1,0.12773577556096433,Truck_1,Delivered,Detour,55,0,None,1,0.18712795785431666,1
2023-12,S005,P0007,Electronics,East,3356,0,1,0.17258797096598913,Truck_8,Delivered,Detour,13,0,Weather,1,0.2777277579231313,1
2023-12,S005,P0008,Clothing,East,3811,1,1,0.2622691183833326,Truck_4,Delayed,Clear,15,1,Traffic,0,0.6457955499138067,0
2023-12,S005,P0009,Groceries,South,3615,0,1,0.38630632818058985,Truck_8,Delayed,Clear,20,1,Weather,0,0.6737387584772051,0
2023-12,S005,P0010,Toys,North,4033,0,0,0.5696388983751514,Truck_7,Delivered,Detour,51,0,Weather,1,0.4059116317458433,1
2023-12,S005,P0011,Furniture,South,2958,1,1,0.17457561151331247,Truck_10,In Transit,Detour,35,0,None,1,0.5406957866298473,0
2023-12,S005,P0012,Toys,North,3276,0,1,0.28101423383948015,Truck_5,In Transit,Clear,18,0,Weather,1,0.29261281039038667,1
2023-12,S005,P0013,Furniture,East,3354,0,1,0.0996920706494709,Truck_3,In Transit,Detour,35,0,Weather,1,0.27729847471053015,1
2023-12,S005,P0014,Furniture,North,3300,0,1,0.12066592403124304,Truck_5,Delayed,Heavy,35,1,Weather,0,0.9808784367224059,0
2023-12,S005,P0015,Clothing,North,3019,0,1,0.24859071742008937,Truck_9,Delivered,Heavy,20,1,Weather,0,0.9765154170761803,0
2023-12,S005,P0016,Clothing,North,4077,0,0,0.12482507679672888,Truck_2,Delivered,Clear,60,0,Traffic,1,0.24017597312201577,1
2023-12,S005,P0017,Groceries,South,3287,0,0,0.2592790727535468,Truck_5,Delayed,Detour,46,1,None,0,0.4380196623219474,0
2023-12,S005,P0018,Groceries,East,3418,0,1,0.2480488063993997,Truck_6,Delayed,Clear,41,1,Weather,0,0.22542999052672727,0
2023-12,S005,P0019,Furniture,West,3918,0,0,0.113839320668095,Truck_8,In Transit,Clear,24,0,Weather,1,0.2213145510690499,1
2023-12,S005,P0020,Clothing,North,3123,1,1,0.35570995475052325,Truck_8,Delayed,Detour,27,1,None,0,0.3030831488929916,0
2024-01,S001,P0001,Toys,East,93,0,0,0.3390000000000001,Truck_4,Delayed,Clear,32,1,None,0,0.5785403371600983,0
2024-01,S001,P0002,Furniture,West,73,0,0,0.024949494949494937,Truck_10,Delayed,Heavy,25,1,None,0,0.9747992605280156,0
2024-01,S001,P0003,Toys,East,191,0,1,0.2007812499999999,Truck_5,Delayed,Heavy,33,1,None,0,0.9759292202731177,0
2024-01,S001,P0004,Groceries,West,152,0,0,0.057307692307692344,Truck_1,In Transit,Clear,32,0,Traffic,1,0.24398219917260103,1
2024-01,S001,P0005,Groceries,North,167,0,0,0.019779411764705865,Truck_3,In Transit,Clear,36,0,None,1,0.2737888381289732,1
2024-01,S001,P0006,Electronics,North,114,0,0,0.05149425287356326,Truck_7,Delivered,Detour,41,0,None,1,0.3149096167840695,1
2024-01,S001,P0007,Clothing,East,184,0,0,1.7844444444444443,Truck_10,Delayed,Clear,48,1,Mechanical Failure,0,0.5139518169471757,0
2024-01,S001,P0008,Electronics,East,108,0,0,0.028412017167381995,Truck_8,In Transit,Heavy,53,1,Weather,0,0.9859727030959908,0
2024-01,S001,P0009,Electronics,South,188,0,0,0.2822727272727273,Truck_9,In Transit,Detour,59,0,None,1,0.24634888384627893,1
2024-01,S001,P0010,Furniture,West,107,0,0,0.2374285714285715,Truck_3,Delivered,Heavy,22,1,Traffic,0,0.9818071520416027,0
2024-01,S001,P0011,Electronics,West,118,0,0,1.2020000000000002,Truck_3,Delayed,Detour,33,1,Traffic,0,0.439527266380287,0
2024-01,S001,P0012,Electronics,East,175,0,0,0.2025490196078431,Truck_9,In Transit,Heavy,47,1,None,0,0.9710821832086011,0
2024-01,S001,P0013,Groceries,North,28,0,0,0.024909090909090863,Truck_10,Delayed,Detour,35,1,None,0,0.6825003708593453,0
2024-01,S001,P0014,Groceries,South,180,0,0,0.004784482758620748,Truck_2,Delayed,Clear,51,1,Mechanical Failure,0,0.4988181489432532,0
2024-01,S001,P0015,Electronics,East,60,0,0,0.006498054474708122,Truck_10,Delivered,Detour,52,0,Traffic,1,0.5405126770952109,1
2024-01,S001,P0016,Electronics,East,189,0,0,1.1176923076923078,Truck_4,In Transit,Detour,54,0,Traffic,1,0.30508448014837297,1
2024-01,S001,P0017,Toys,East,61,0,0,0.08279569892473121,Truck_2,Delayed,Clear,47,1,None,0,0.6659079163810955,0
2024-01,S001,P0018,Electronics,East,95,0,0,0.13758620689655168,Truck_6,Delayed,Heavy,29,1,Weather,0,0.9876315623182641,0
2024-01,S001,P0019,Clothing,West,85,0,1,0.06779310344827595,Truck_7,Delivered,Heavy,19,1,Weather,0,0.9706414852988999,0
2024-01,S001,P0020,Electronics,South,198,0,0,0.022692307692307685,Truck_3,Delayed,Heavy,50,1,Traffic,0,0.9894355942651998,0
2024-01,S002,P0001,Clothing,East,67,0,0,0.5111111111111111,Truck_7,Delayed,Detour,26,1,None,0,0.5123263862451958,0
2024-01,S002,P0002,Groceries,North,149,0,0,0.67,Truck_1,Delivered,Detour,53,0,None,1,0.2894823991958087,1
2024-01,S002,P0003,Clothing,South,132,0,0,0.1998924731182796,Truck_5,In Transit,Heavy,43,1,Mechanical Failure,0,0.9817342572707395,0
2024-01,S002,P0004,Toys,West,77,0,0,0.12413043478260871,Truck_5,In Transit,Detour,43,0,Mechanical Failure,1,0.3172237844848138,1
2024-01,S002,P0005,Toys,West,44,0,0,0.008250000000000028,Truck_8,In Transit,Heavy,51,1,Mechanical Failure,0,0.9793542928811471,0
2024-01,S002,P0006,Toys,East,78,0,0,0.047295597484276794,Truck_6,In Transit,Clear,44,0,Weather,1,0.26398197172627086,1
2024-01,S002,P0007,Toys,West,40,0,0,4.04,Truck_2,Delayed,Clear,49,1,None,0,0.6855263037012459,0
2024-01,S002,P0008,Furniture,North,144,0,0,0.198139534883721,Truck_10,Delivered,Heavy,37,1,None,0,0.9770578499643732,0
2024-01,S002,P0009,Electronics,North,183,0,0,0.23419354838709672,Truck_7,Delayed,Clear,12,1,None,0,0.5350961308124856,0
2024-01,S002,P0010,Toys,West,58,0,0,0.0018155619596541656,Truck_9,Delayed,Clear,10,1,None,0,0.7104932047624721,0
2024-01,S002,P0011,Groceries,West,166,0,0,0.3602564102564102,Truck_5,Delivered,Heavy,18,1,Weather,0,0.9700000712727217,0
2024-01,S002,P0012,Electronics,North,115,0,0,0.07469230769230775,Truck_9,Delayed,Heavy,56,1,Traffic,0,0.9680362716181871,0
2024-01,S002,P0013,Electronics,South,160,0,0,0.4373684210526315,Truck_2,Delayed,Detour,34,1,Weather,0,0.27471420474008124,0
2024-01,S002,P0014,Clothing,West,171,0,0,0.02666666666666675,Truck_2,Delayed,Detour,31,1,Weather,0,0.44559247526643975,0
2024-01,S002,P0015,Toys,South,190,0,0,0.1145508982035928,Truck_5,In Transit,Heavy,30,1,None,0,0.971782095498213,0
2024-01,S002,P0016,Toys,North,197,0,0,0.021727272727272734,Truck_10,Delayed,Clear,16,1,Mechanical Failure,0,0.613785960465118,0
2024-01,S002,P0017,Toys,East,91,0,0,0.6658333333333334,Truck_1,In Transit,Heavy,56,1,Weather,0,0.9845689734366467,0
2024-01,S002,P0018,Groceries,East,147,0,0,0.11099999999999995,Truck_9,Delayed,Clear,55,1,Weather,0,0.5670896045353219,0
2024-01,S002,P0019,Furniture,West,49,0,0,0.04116666666666665,Truck_10,Delayed,Heavy,34,1,Mechanical Failure,0,0.9846942509280037,0
2024-01,S002,P0020,Groceries,East,172,0,0,0.010044444444444404,Truck_5,In Transit,Clear,50,0,Traffic,1,0.2257857588282054,1
2024-01,S003,P0001,Clothing,West,65,0,0,0.05236842105263157,Truck_7,Delivered,Heavy,23,1,Traffic,0,0.9775914888259187,0
2024-01,S003,P0002,Groceries,South,102,0,0,0.02558951965065508,Truck_6,In Transit,Heavy,16,1,Weather,0,0.9849020023762212,0
2024-01,S003,P0003,Groceries,North,169,0,0,0.9355555555555556,Truck_2,In Transit,Clear,52,0,Mechanical Failure,1,0.31013717294841364,1
2024-01,S003,P0004,Groceries,North,79,0,0,0.5249999999999999,Truck_3,In Transit,Clear,42,0,Mechanical Failure,1,0.31775718811298265,1
2024-01,S003,P0005,Electronics,West,200,0,0,0.024364261168384794,Truck_10,Delayed,Heavy,19,1,Mechanical Failure,0,0.977402463929291,0
2024-01,S003,P0006,Furniture,North,200,0,0,0.01642076502732238,Truck_4,Delayed,Heavy,11,1,Mechanical Failure,0,0.9735076269186859,0
2024-01,S003,P0007,Electronics,North,74,0,1,0.12329896907216488,Truck_5,Delivered,Heavy,32,1,Mechanical Failure,0,0.976767883082192,0
2024-01,S003,P0008,Furniture,North,130,0,0,0.11986486486486493,Truck_1,Delayed,Detour,34,1,None,0,0.5797365829862166,0
2024-01,S003,P0009,Furniture,South,58,0,0,0.045714285714285756,Truck_7,In Transit,Detour,53,0,Traffic,1,0.2571859295777331,1
2024-01,S003,P0010,Furniture,East,186,0,0,0.02806532663316587,Truck_1,Delayed,Clear,20,1,Weather,0,0.45404944071307957,0
2024-01,S003,P0011,Toys,West,46,0,0,0.08888888888888884,Truck_9,Delivered,Detour,45,0,Mechanical Failure,1,0.2867324722616982,1
2024-01,S003,P0012,Clothing,North,105,0,0,0.07659574468085109,Truck_6,In Transit,Detour,50,0,None,1,0.30326971507087014,1
2024-01,S003,P0013,Groceries,West,26,0,0,0.1419130434782608,Truck_4,Delivered,Detour,21,0,None,1,0.340495357348626,1
2024-01,S003,P0014,Electronics,West,190,0,0,0.1552702702702702,Truck_7,In Transit,Heavy,16,1,None,0,0.9872180863781321,0
2024-01,S003,P0015,Clothing,East,109,0,0,0.029367816091954102,Truck_5,Delivered,Heavy,24,1,Traffic,0,0.9854099582599543,0
2024-01,S003,P0016,Furniture,East,56,0,0,0.04040000000000001,Truck_4,Delayed,Heavy,30,1,None,0,0.980205750773574,0
2024-01,S003,P0017,Clothing,North,26,0,0,0.2784090909090909,Truck_4,Delayed,Heavy,38,1,Traffic,0,0.9743623009896879,0
2024-01,S003,P0018,Electronics,North,67,0,0,0.032511415525114176,Truck_8,In Transit,Clear,31,0,Traffic,1,0.27940844091467154,1
2024-01,S003,P0019,Electronics,West,121,0,0,0.0733152173913044,Truck_8,Delivered,Clear,19,0,Mechanical Failure,1,0.4058572417996945,1
2024-01,S003,P0020,Groceries,West,148,0,0,0.0317689530685921,Truck_9,Delivered,Clear,19,0,None,1,0.22229041094760696,1
2024-01,S004,P0001,Electronics,East,137,0,0,0.012862903225806443,Truck_10,Delivered,Heavy,12,1,None,0,0.9759087931985863,0
2024-01,S004,P0002,Furniture,West,85,0,1,0.07133333333333335,Truck_6,In Transit,Clear,28,0,Mechanical Failure,1,0.36464694637407924,1
2024-01,S004,P0003,Furniture,West,169,0,0,0.12736111111111115,Truck_8,Delivered,Clear,19,0,Mechanical Failure,1,0.4058572417996945,1
2024-01,S004,P0004,Furniture,South,193,0,0,0.25333333333333324,Truck_7,Delivered,Clear,37,0,Traffic,1,0.34475002307275093,1
2024-01,S004,P0005,Toys,East,88,0,0,0.07642857142857144,Truck_10,Delayed,Clear,20,1,None,0,0.388604225601212,0
2024-01,S004,P0006,Toys,East,39,0,0,0.0492307692307692,Truck_8,In Transit,Clear,18,0,None,1,0.45132665511726494,1
2024-01,S004,P0007,Electronics,South,97,0,0,0.008034188034188015,Truck_9,Delivered,Clear,16,0,None,1,0.36235851315122625,1
2024-01,S004,P0008,Furniture,West,91,0,0,0.010712328767123356,Truck_9,In Transit,Clear,51,0,Mechanical Failure,1,0.3621239031672847,1
2024-01,S004,P0009,Clothing,East,139,0,0,0.4242553191489361,Truck_3,Delivered,Heavy,22,1,Traffic,0,0.9818071520416027,0
2024-01,S004,P0010,Toys,North,70,0,0,0.07176991150442477,Truck_3,In Transit,Detour,17,0,Weather,1,0.313048748496888,1
2024-01,S004,P0011,Groceries,East,47,0,0,0.15560747663551408,Truck_9,Delivered,Clear,35,0,None,1,0.25798668973154454,1
2024-01,S004,P0012,Clothing,East,36,0,0,0.010952380952380917,Truck_2,Delivered,Detour,51,0,Weather,1,0.2926926567616687,1
2024-01,S004,P0013,Electronics,West,67,0,0,0.7866666666666667,Truck_4,Delayed,Clear,30,1,Traffic,0,0.5058630800831924,0
2024-01,S004,P0014,Furniture,South,169,0,0,0.11124260355029593,Truck_5,Delivered,Clear,50,0,None,1,0.31214892806622685,1
2024-01,S004,P0015,Toys,North,148,0,0,1.1133333333333333,Truck_7,Delivered,Heavy,47,1,None,0,0.9745778872267523,0
2024-01,S004,P0016,Clothing,West,148,0,0,0.061208791208791136,Truck_3,Delayed,Clear,34,1,Mechanical Failure,0,0.5707868008576955,0
2024-01,S004,P0017,Electronics,North,99,0,0,0.07578947368421059,Truck_9,Delayed,Heavy,56,1,Traffic,0,0.9680362716181871,0
2024-01,S004,P0018,Toys,North,70,0,0,5.92,Truck_2,Delayed,Heavy,18,1,Traffic,0,0.9836877609741076,0
2024-01,S004,P0019,Clothing,East,166,0,0,0.02113636363636363,Truck_1,Delivered,Clear,21,0,None,1,0.19422438114407178,1
2024-01,S004,P0020,Toys,West,115,0,0,0.020905349794238734,Truck_7,In Transit,Heavy,55,1,None,0,0.9861866388041538,0
2024-01,S005,P0001,Toys,North,69,0,0,0.0004975124378109169,Truck_5,In Transit,Clear,11,0,Weather,1,0.24862773356146822,1
2024-01,S005,P0002,Groceries,North,80,0,0,0.08082474226804127,Truck_7,Delayed,Detour,27,1,None,0,0.39172364171662055,0
2024-01,S005,P0003,Furniture,South,118,0,1,0.14793478260869564,Truck_5,Delayed,Clear,51,1,Mechanical Failure,0,0.694403927264976,0
2024-01,S005,P0004,Toys,North,193,0,0,0.0018823529411764305,Truck_9,Delayed,Detour,23,1,Weather,0,0.6117620556280537,0
2024-01,S005,P0005,Toys,South,143,0,0,0.022532467532467525,Truck_2,Delayed,Detour,17,1,None,0,0.3449639243401635,0
2024-01,S005,P0006,Furniture,North,100,0,0,0.01387283236994223,Truck_1,Delayed,Heavy,17,1,Weather,0,0.9667544822762015,0
2024-01,S005,P0007,Groceries,South,34,0,0,0.012499999999999956,Truck_2,Delivered,Detour,53,0,Mechanical Failure,1,0.2891366031196024,1
2024-01,S005,P0008,Electronics,West,49,0,0,0.015958904109589125,Truck_5,Delayed,Detour,52,1,Weather,0,0.46530402411260213,0
2024-01,S005,P0009,Furniture,North,31,0,0,0.009336492890995255,Truck_4,In Transit,Heavy,55,1,None,0,0.9800484129501905,0
2024-01,S005,P0010,Toys,North,94,0,0,0.01358695652173913,Truck_8,Delivered,Clear,56,0,Weather,1,0.2855368862179011,1
2024-01,S005,P0011,Groceries,North,156,0,0,0.1332231404958678,Truck_10,In Transit,Clear,48,0,Mechanical Failure,1,0.2955231795656229,1
2024-01,S005,P0012,Electronics,North,42,0,0,0.020185185185185247,Truck_10,Delivered,Heavy,20,1,Mechanical Failure,0,0.9833745057132233,0
2024-01,S005,P0013,Electronics,West,99,0,0,0.004601449275362253,Truck_1,Delivered,Heavy,33,1,Weather,0,0.9676511578366749,0
2024-01,S005,P0014,Toys,West,43,0,0,0.03173684210526316,Truck_1,Delivered,Heavy,59,1,Traffic,0,0.9726546581930781,0
2024-01,S005,P0015,Furniture,North,92,0,0,0.04222910216718262,Truck_3,Delayed,Heavy,50,1,Traffic,0,0.9894355942651998,0
2024-01,S005,P0016,Furniture,East,127,0,0,1.3075,Truck_2,In Transit,Detour,24,0,None,1,0.29027405518396493,1
2024-01,S005,P0017,Toys,North,101,0,0,0.050392156862745105,Truck_7,Delayed,Detour,30,1,Weather,0,0.47417475148298466,0
2024-01,S005,P0018,Clothing,West,151,0,0,0.10138888888888885,Truck_9,Delivered,Heavy,18,1,Traffic,0,0.965041632516227,0
2024-01,S005,P0019,Toys,East,21,0,0,0.024696969696969627,Truck_7,Delivered,Detour,48,0,None,1,0.31093136686952755,1
2024-01,S005,P0020,Groceries,East,165,0,0,0.6116666666666667,Truck_1,Delivered,Heavy,33,1,Weather,0,0.9676511578366749,0
